Index,First Name,Last Name,Company,Phone 1,Email
1,Heather,Callahan,Mosley-David,043-797-5229,urangel@espinoza-francis.net
2,Kristina,Ferrell,"Horn, Shepard and Watson",932-062-1802,xreese@hall-donovan.com
3,Briana,Andersen,Irwin-Oneal,8352752061,haleybraun@blevins-sexton.com
4,Patty,Ponce,Richardson Group,302.398.3833,hohailey@anthony.com
5,Kathleen,Mccormick,Carson-Burch,001-184-153-9683x1497,alvaradojesse@rangel-shields.com
6,Trevor,Lee,Maddox Group,+1-134-348-0265x9132,briangriffin@chang.org
7,Mathew,Hoffman,"Bender, Pittman and Kidd",842.380.1168,bauergerald@morrison.com
8,Glenn,Wiggins,Glenn-Harvey,245-207-5608x563,changkellie@howell.com
9,Bruce,Payne,"Arroyo, Cain and Hudson",391.313.4649x42910,mayerjerome@hurst-graham.net
10,Brendan,Franco,"Schaefer, Blair and Shaffer",001-315-224-3556,kentryan@stone-oneill.com
11,Martin,Hawkins,Lopez Inc,001-402-567-1320,danielbuckley@hatfield.info
12,Sara,Shaffer,"Dudley, Coleman and Green",4229986278,gabrielaleach@rose.net
13,Dave,Moran,Harrell-Donovan,575.006.7250x9748,cartermallory@chung.com
14,Glen,Hammond,"Schaefer, Chung and Lin",001-887-543-3745x055,lweeks@hooper.org
15,Catherine,Blackwell,"Mack, Garcia and Schaefer",001-915-961-8896x5744,calhounalisha@hardin.net
16,Larry,Newton,Downs PLC,(216)514-1412,ypayne@gaines.biz
17,Danny,Archer,"Castro, Haney and Hanna",8416559700,nwu@brady-chen.com
18,Kim,Griffin,Tyler-Levine,597.367.9499x5429,harold11@mullen.org
19,Kristin,Valencia,Liu-Douglas,443-671-1725x7073,andrewsanders@marks.com
20,Hannah,Ramsey,Hicks-Duran,(822)795-8754x29384,amy99@booker.com
21,Barry,Meadows,"Weiss, King and Morrison",629.168.7457,basschristian@faulkner.com
22,Roy,Brock,Becker-Woodard,001-102-869-0189x1414,ldelacruz@spence.com
23,Patricia,Pope,Zavala-Garcia,775.341.8738x21724,hayleyritter@price.net
24,Alan,Stanton,Munoz and Sons,(510)542-0174x853,yhebert@hays-rivera.com
25,Philip,Flynn,Morton Ltd,881-632-0721x11032,austinhobbs@briggs.com
26,Mackenzie,Williamson,Hart-Klein,+1-605-640-1833x70183,zramos@haney.org
27,Emily,Calderon,Todd-Acosta,038.443.6100,shelley82@jarvis.com
28,Roberta,Walton,"Lamb, Little and Frazier",805-974-3346x026,sharigriffin@cameron.com
29,Steve,Mack,Cooper Ltd,(079)726-1523,rpace@huynh.com
30,Pedro,Jacobson,Hodge-Potts,187.217.1436x5325,emullins@simpson-christensen.com
31,Daniel,Harper,Gray-Collier,4779933630,patricialeach@hernandez.biz
32,Danny,Mayer,"Serrano, Carr and Hurst",+1-232-090-7002x568,mindy15@fuentes.org
33,Jasmine,Owens,Stafford-Shannon,(685)119-0956,jake39@little.com
34,Ashley,Davies,Griffin-Ware,754.390.8594x022,mhudson@hardin.com
35,Shawn,Cruz,Daniel and Sons,309-608-9907,nlane@kane-pennington.com
36,Francis,Hubbard,Barron Group,+1-895-654-6918x3859,savannah10@simpson.com
37,Richard,Bennett,Fuentes LLC,795-520-6262x14294,cristian16@hill-beard.com
38,Vanessa,Hansen,Watkins-Romero,+1-134-667-1175x8813,jasmineaustin@whitehead.info
39,Joyce,Foster,Randolph LLC,655.928.6486,samuel97@wyatt.com
40,Marc,Medina,Pearson PLC,1874666215,karlgarrett@fischer.biz
41,Darren,Santana,Guerra LLC,+1-145-916-2809x14415,biancahenry@hernandez.org
42,Mario,Moreno,Robles and Sons,001-044-197-2628x678,marisa13@hickman.com
43,Daniel,Bush,Delacruz-Rosario,891.885.1826,billymorris@lambert-irwin.com
44,Vanessa,Davenport,Barrera Group,014.539.1066x2855,barry91@howe.info
45,Donald,Terry,Beasley-Perez,(381)211-7562x9960,kdavies@owen-humphrey.info
46,Jill,Esparza,Herrera and Sons,001-218-793-7724x2810,gregghendricks@conner-weiss.info
47,Tyler,Richard,Cline Inc,(030)748-4061,alfredbradford@perry.com
48,Sonya,Moore,"Riggs, Pena and Hubbard",488.725.7447x7670,ngilmore@bush.net
49,Jonathon,Gillespie,Harrell Ltd,(335)620-5477x4774,vgilbert@romero.biz
50,Ryan,Lin,Harrell-Frank,284-076-2518x537,dgould@graham-winters.com
51,Joel,Thomas,Lawrence-Robles,001-566-338-3073,fsuarez@cooper-montes.biz
52,Judith,Fischer,"Oconnor, Glover and Park",6570280667,natasha83@delacruz-edwards.com
53,Roy,West,Finley Group,953.571.7565,mbonilla@hampton.com
54,Rebekah,Morton,"Love, Farmer and Reid",(238)946-3127x901,basskaylee@lynn-gill.biz
55,Jeremy,Guerra,Gamble Group,001-343-604-8248x84492,lfaulkner@villanueva.com
56,Brett,Shelton,Beard Group,153.551.1879x3694,maystiffany@davidson.com
57,Gilbert,Meza,Howard Ltd,250-821-7086x670,katie69@romero.net
58,Kurt,Tapia,Adkins-Dixon,+1-102-370-7901x263,valerie35@olsen.com
59,Sarah,Powell,Pearson-Choi,586.224.7039,ivanhiggins@charles-estrada.com
60,Andrea,Irwin,"Mayer, Taylor and Boyer",+1-328-232-6506x9973,xcallahan@cantu.com
61,Aimee,Hodge,Bennett and Sons,(140)932-8681x897,melvindrake@friedman-bradley.com
62,Doris,Drake,"Rich, Edwards and Miranda",184-508-9386x4549,carpentergary@vance-weeks.com
63,Randy,Tran,Vazquez-Orr,903-264-0524,duartejohnathan@pennington.com
64,Allison,Webster,Hayden-Villanueva,341-979-6141x4780,zbrock@blevins-payne.com
65,Nicholas,Mcclure,"Roy, Myers and Fox",040-706-1022x241,phelpsandres@hartman-cooper.org
66,Gene,Wu,"Chambers, Nielsen and David",+1-956-239-0423x80834,nataliefarley@richardson.com
67,Kelli,Bridges,"Black, Richardson and Sandoval",5657167326,daisyblair@walsh-holmes.org
68,Summer,Washington,Benjamin LLC,3412967650,thomasnicholas@blankenship-ford.com
69,Ann,Ayala,Walton-Carter,965-375-4761x8648,hburke@duke-mcmahon.com
70,Alfred,Hooper,Pope-Mcpherson,(050)541-0069,lonnielittle@hoffman-meadows.com
71,Brandon,Robbins,"Stark, Deleon and Mann",422-099-2274x577,qmcdaniel@cruz.net
72,Wesley,Cobb,Bruce LLC,480-924-1413,austinvang@glenn.com
73,Caleb,Salas,Hughes Ltd,284-269-8039x213,shortfrederick@cobb.net
74,George,Long,"Cochran, Sweeney and Miles",292.292.1103x0768,yolanda69@rosario.com
75,Taylor,Kemp,"Webb, Bauer and Mcknight",001-768-645-9632x3754,michaela80@russell.com
76,Steve,Horn,Choi and Sons,001-599-157-7138,ashley39@garrison.com
77,Danielle,Spears,Conner-Braun,+1-616-392-7862x70763,alan50@hobbs.info
78,Jillian,Ortiz,Bean-Fuentes,-4396,hsantos@lopez.info
79,Joshua,Ortega,"Herman, Preston and Spence",+1-734-076-1901x55246,robbinsgordon@dyer-kim.info
80,Sherry,Cantu,Everett and Sons,001-273-927-5314x56481,meghanfernandez@patel-todd.com
81,Eric,Pittman,Galvan-Stafford,001-877-800-2510x09728,gabrielarobbins@hawkins-bernard.com
82,Wanda,Cowan,Cherry-Yates,001-205-431-0213x5471,qlarson@berry.biz
83,John,Chen,"Michael, Mayo and Bishop",(733)256-6473x125,hmorgan@olson.com
84,Francisco,Stanley,"Brewer, Trevino and Key",001-090-771-1995x209,charlottemercer@hensley.net
85,Dillon,Gallegos,Lindsey LLC,836.527.9927x34601,escobarisabella@harrell-santiago.info
86,Rebekah,Pruitt,Dunlap-Chambers,001-443-474-4235x51256,jessica36@hart.com
87,Marcia,Vaughan,Yu-Roy,742.373.3173,ellen80@bonilla.com
88,Sierra,Bautista,Lynch Inc,001-209-997-8162x72724,chavezrandall@mckinney-stafford.net
89,Kevin,Chase,"Morris, Hurst and Mccarty",863-881-8404x487,gravesgrace@molina.org
90,Ronnie,Hurley,Rush-Baird,(347)486-6963,hhuerta@morris-case.info
91,Justin,Huang,"Warren, Davenport and Hanna",883-237-4786x25921,ydavid@potter.com
92,Phyllis,Cummings,Hickman-Wells,395.317.5194x78424,colealexander@turner.biz
93,Collin,Jackson,"Floyd, Moyer and Hodges",(106)631-6431x8449,carpenterkylie@chambers-frost.com
94,Terry,Chapman,Huffman LLC,+1-020-368-6749x8950,adrian55@gardner-gaines.com
95,Greg,Cortez,"Barajas, Hale and Ferguson",579.250.1047,bonillaalex@cervantes.org
96,Elaine,Hendrix,"Goodwin, Lambert and Lowery",3010334267,maureen18@barr.org
97,Marvin,Buchanan,Lowe-Mathis,058-381-7608,ocole@sanders-lowery.net
98,Paul,Moore,White-George,(451)968-9182,spencerbright@powell.biz
99,Grant,Tanner,Downs Group,001-155-288-8390x9946,dawncoffey@barker.com
100,Aimee,Sims,"Lara, Leon and Montoya",(570)770-4667x7987,anthonyzuniga@tucker.com
101,Tammie,Strong,Wang LLC,(290)848-7109,carrillokenneth@bowman-montoya.com
102,Lindsay,Mullins,"Martinez, Gray and Cameron",613.893.2906x85995,mercedes11@floyd-hall.com
103,Cristian,Rush,"Donovan, Strong and Ward",-8662,dominguezparker@preston.net
104,Terri,Hurst,"Shannon, Patterson and Martinez",+1-012-633-1812x604,vernonrush@harvey.com
105,Bobby,Collier,"Horn, Stevenson and Yoder",001-778-840-9271x74639,samantha34@mccarthy.com
106,Misty,Sanchez,"Soto, Wheeler and Baker",+1-871-796-6526x1655,joconnor@cooley.com
107,Christine,Manning,"Carr, Harvey and Webb",(099)652-7937,toddmcmahon@beard-lambert.com
108,Rachael,Forbes,Lester Group,(824)584-3607x21067,veronicablankenship@pace.com
109,Jasmine,Ryan,"Fritz, Haynes and Burgess",499.825.4529x5083,swarren@buck-roach.com
110,Yvette,Short,Pugh-Green,190.807.9974,garymelton@petersen-lam.org
111,Chad,Henry,"Gaines, Galvan and Goodwin",001-014-140-8925x13758,mathisgloria@house-hamilton.org
112,Dustin,West,"Mitchell, Pierce and Barry",(916)855-7231x9708,patrickfelicia@goodwin.org
113,Noah,Gallagher,Franklin LLC,001-072-846-4420x3958,hortonmiguel@mays-rivers.org
114,George,Wiley,"Dillon, Bonilla and Spears",001-058-121-9076x80580,preston76@house.com
115,Ralph,Merritt,Rosales-Hayden,(652)849-4605,moneal@hudson.biz
116,Daryl,Mejia,"Atkins, Huerta and Wolf",564.315.9882x76632,beckyshaw@bradley-booth.com
117,Monica,Alvarez,"Robles, Wiggins and Perry",624-434-7733x015,kanthony@osborne.com
118,Alejandra,Berger,Eaton LLC,1023787585,alexandraroy@juarez-kane.com
119,Charles,Daniel,English Inc,5777723656,ckhan@underwood.net
120,Frank,Mueller,Ford Ltd,040.183.1117x569,joe34@salazar.com
121,Curtis,Middleton,Bridges-Cortez,(206)189-5437,vernon36@browning.info
122,Holly,Fletcher,Ford and Sons,001-583-336-8021x57385,pammorales@james-benjamin.net
123,Samuel,Wong,Joyce-Arias,(527)918-6827x52716,paulcastaneda@burke.com
124,Duane,Brock,Beltran LLC,503.800.5804x8397,sarahpotts@bradford.com
125,Kendra,Petersen,Wilkerson PLC,(873)933-7409,wwhite@perez.com
126,Warren,Fuller,Higgins-Barajas,741.103.1635,orice@drake.com
127,Jeremiah,Klein,"Medina, Shields and Glover",476.727.6415x0592,damon39@terrell.com
128,Glenn,Richards,"Francis, Bowen and Davis",(898)998-1652,watkinsevan@ward.biz
129,Austin,Fitzpatrick,Wilkerson PLC,+1-820-031-3535x89387,meredith05@lawrence-shaw.com
130,Kimberly,Gregory,"Ortiz, Cohen and Cross",+1-088-229-1601x4905,lacey04@cross.com
131,Brady,Mckay,Decker Group,1934272027,travisfoley@brandt.com
132,Suzanne,Rhodes,"Sparks, Floyd and Barnett",6513845571,hmccarty@sharp.biz
133,Carolyn,Byrd,Simon-Walton,+1-950-053-4045x2170,alisonsanders@durham.com
134,Allison,Miller,Villarreal-Atkins,411-325-2753,bjordan@small-black.com
135,Shaun,Marsh,"Lester, Murphy and Garner",+1-859-923-2981x21277,damonhowe@larsen.org
136,Bryan,Paul,Church PLC,-1746,tasha85@wilson.biz
137,Jay,Oconnell,Browning-French,+1-595-450-1063x44745,oneilldamon@spencer.com
138,Lorraine,Bradshaw,"Contreras, Pollard and Moore",001-382-620-0918x061,weaverclinton@zamora.org
139,Joe,Chase,Hartman-Fox,(831)410-3360,xtapia@hensley.info
140,Cameron,Crawford,Blake PLC,428.239.5087x9577,fenglish@warner.net
141,Daniel,Vance,"Richardson, Nolan and Chung",001-039-029-7693x4597,brendanbarrera@gill-thornton.info
142,Ryan,Sanford,Olson Ltd,(647)928-7424x1503,peggy95@park.info
143,Stefanie,Singleton,Garcia PLC,+1-467-898-2863x84979,kerriray@owen-stone.info
144,Kimberly,Sutton,"Donaldson, Dickerson and Kaiser",+1-033-126-0639x992,nichole45@michael.org
145,Susan,Eaton,"Cummings, Lloyd and Price",001-275-034-2623x632,daltonrangel@prince.biz
146,Paula,Huff,"Vaughn, Castillo and Anderson",589-460-7915x9435,vmyers@novak-delacruz.biz
147,Diamond,Pollard,Hull Group,3816437019,weavermeagan@sampson.com
148,Rose,Hunter,"Acosta, Mendez and Rivas",264-488-7271,hebertdarin@kidd.com
149,Casey,Miles,Church-Boyle,(219)384-5940,elizabethcopeland@morris-moss.info
150,Jennifer,May,"Orozco, Suarez and Burnett",001-748-415-3943x99903,cannonshirley@carson-dorsey.com
151,Kim,Garza,Estrada-Gates,-6907,dana05@hester.net
152,Monica,Brown,"Bowman, Wu and Thornton",-3488,willie99@snyder.com
153,Tyler,Oconnell,"Kemp, Mcpherson and Miranda",080.144.4110x65237,lunakirsten@zimmerman-salinas.org
154,Eduardo,Garrett,Greene-Cowan,984.830.5934x0304,marthaguerra@anderson.com
155,Christian,Bender,Pratt PLC,(841)543-8952x50899,joanne07@pennington.com
156,Mackenzie,Harrison,"Garner, Pittman and Saunders",370-023-0514x863,jerry26@hudson-acevedo.net
157,Kevin,Fowler,Cantu Inc,2405097513,katie93@norris.biz
158,Veronica,Golden,"Wright, Contreras and Wagner",(367)700-9543x932,gacosta@stephenson-tyler.biz
159,Tanner,Lawson,Ayers and Sons,081-038-9739x66976,madisoncarey@spence-beck.info
160,Bridget,Vaughan,"Ponce, Wade and Cowan",(097)547-0859,kari95@henry.org
161,Jody,Hoover,West-Casey,001-048-021-7568x8109,tiffany09@perkins.com
162,Andrew,Boyle,"Conley, Mills and Gross",322.995.5472,davefarmer@neal-farrell.org
163,Ebony,Noble,Mccann-Barker,(425)631-1876,lydiameyers@frederick.com
164,Jeffrey,Molina,Copeland LLC,+1-446-671-0095x139,timothyrivera@wade-galloway.net
165,Philip,Christian,Mckinney-Dean,+1-535-462-2886x930,harmonmadison@finley-clarke.net
166,Patty,Estes,Potter-Doyle,555.786.9024x8126,vincent58@norton.com
167,Walter,Myers,"Carey, Randolph and Hebert",+1-861-428-9132x1972,brandibarker@peterson.net
168,Connie,Barker,"Colon, Gill and Anthony",194-414-4608x29301,lindsayrocha@preston.org
169,Gabriella,Huerta,Swanson-Lloyd,734.084.6764,daniel75@hansen.com
170,Shawn,Knight,Duncan Inc,-966,eschultz@salas.com
171,Steve,Booth,"Cooke, Zuniga and Maldonado",(390)652-3650x10148,perry87@nichols.biz
172,Bridget,Guerra,Dyer and Sons,7457637395,frederickmisty@carpenter-nielsen.net
173,Ashlee,Murillo,"Cabrera, Wilkins and Fletcher",-9595,jodonnell@oliver.com
174,Sonya,Lawrence,Strickland-Pugh,394.563.7272x59735,ehampton@lopez-brandt.org
175,Monique,Ewing,"Lester, Ayala and Harmon",972.635.8026,evansstuart@griffin.org
176,Dominique,Pacheco,"Reid, Simmons and Burgess",511-933-2365x60056,kristina23@carr-arias.com
177,Brandon,Browning,Hayes Group,001-366-571-1158x8709,gabriellanorton@robertson.org
178,Claudia,Woods,Diaz-Rangel,+1-402-413-0629x783,lonnieguerra@cooke.com
179,Tanner,Lopez,Griffith-Brandt,001-953-876-9288,cowandeanna@house.com
180,Martha,Small,Cordova-Acevedo,230.073.8571,reginahancock@walker.org
181,Leah,Kirk,"Tate, Ho and Galloway",+1-866-369-8733x748,jasmin18@juarez-richmond.com
182,Courtney,Arellano,Mcconnell-Bell,491-320-8110x76440,sandy44@thomas.com
183,Stacy,Hayden,Rush and Sons,001-383-579-5745,gravesalisha@harrell.info
184,Glen,Bullock,Mcbride and Sons,037-168-6087x3358,bcole@stevens.com
185,Jade,Leonard,Winters Ltd,001-997-950-8868x14600,jessica41@klein.biz
186,Gabriela,Mcfarland,Rodriguez-Riddle,828-699-3535,guymorrow@romero-owen.com
187,Gavin,Steele,Espinoza Group,(505)940-1370,manuel95@holden-franklin.com
188,Gloria,Boone,"Wall, Howell and Flowers",(772)960-9950,yreyes@rowe.com
189,Danielle,Moyer,Combs-Arnold,(618)557-6723x5814,russorussell@galloway.biz
190,Autumn,Reese,Roberson-Booth,-10325,craigwhitney@carrillo.info
191,Melissa,Bullock,Charles-Mcknight,001-132-816-6782x927,cwolf@arellano.com
192,Rickey,Paul,"Calderon, Williamson and Stuart",689-339-1437x2302,bweaver@levy.info
193,Barbara,Cardenas,"Rios, Bautista and Reed",+1-077-894-3370x799,wflynn@andersen.com
194,Angel,Velez,Boone-Humphrey,(345)836-1290,pcannon@choi.com
195,Kaitlyn,Collins,Golden Group,064.347.7410,luis12@buck.com
196,Amanda,Harper,"Trevino, Lam and Brewer",331-372-4188,fieldskelly@blackburn.biz
197,Rita,Serrano,Zhang PLC,579.373.9493x60914,vwhite@peterson-gould.com
198,Stephen,Robbins,"Holt, Ewing and Deleon",969.360.0190x7658,cuevasgeorge@navarro-mcmahon.com
199,Robyn,Abbott,"Dodson, Weaver and Barajas",001-158-488-8157,breanna32@mayer.net
200,Javier,Cantrell,Webster Group,001-074-175-8831x12463,kwarner@barrera.org
201,Seth,Washington,Hudson-Keith,001-719-939-2393x933,sharpgreg@rubio-garrison.org
202,Marvin,Suarez,"Sloan, Meyer and Baldwin",407-778-8794,usloan@harrington.com
203,Norman,Washington,"Ibarra, Hobbs and Mccarthy",001-069-1845,ariana05@kelly-arellano.com
204,Leroy,Hamilton,Shields-Whitehead,+1-901-250-3282x38700,edward56@parks.biz
205,Heidi,Fletcher,Landry-Walter,(306)827-7594x698,gcollier@golden.com
206,Jose,Morse,Ford-Dixon,849-351-2710x10812,woodsdevin@maldonado.org
207,Sue,Pruitt,Griffith Inc,892-983-7879,mcbridekylie@mcdowell-christensen.com
208,Alejandro,Peterson,Anthony Ltd,+1-884-829-2335x63997,rothkerry@atkins-porter.com
209,Joel,Pearson,Castaneda Inc,470-922-3685x36290,jerrygates@garner.net
210,Gina,Meadows,"Pugh, Hickman and Ali",316-272-0080x22774,jack76@compton.com
211,Claudia,Dickson,Booth Group,(661)303-9573x42402,kaitlinbooth@hurley.com
212,Mandy,Shannon,Myers Ltd,3026474695,hillterrance@gamble.info
213,Darlene,Vasquez,Elliott Ltd,1462753989,mosleyross@lawrence.com
214,Tyrone,Oconnell,Chavez and Sons,001-591-723-3809x36173,malik63@frazier-nichols.biz
215,Christine,Walker,"Hartman, Martinez and Lambert",-7412,luceromaxwell@wong.biz
216,Kristopher,Shah,Roberson Group,161.580.5022x6958,luis82@sparks.com
217,Eric,Mitchell,Shannon-Valencia,(880)412-2558x97593,lauren64@faulkner-hood.info
218,Christian,Schmidt,Acosta and Sons,1964998902,elutz@medina-garcia.com
219,David,Simpson,"Peterson, Maldonado and Daugherty",742.257.1474x049,knappalisha@franco.org
220,Cassandra,Keith,Landry-Kaiser,+1-371-829-3846x49770,yolanda40@rhodes.com
221,Leah,Hoffman,Cruz-Velazquez,481.854.8832x690,xortiz@gates.com
222,Carmen,Tyler,Hayes-Kelly,(874)716-4853x19710,obates@bennett-nicholson.net
223,Holly,Ford,Walker Group,674-359-8368x3113,sabrinaerickson@wise.info
224,Max,Gates,Solis-Olson,001-401-710-2797x2407,xrollins@mcfarland.com
225,Breanna,Gaines,Holland-Burgess,361.882.3352x1956,yolanda53@thomas.info
226,Kendra,Wilson,Rivers-Woods,+1-888-655-3187x97227,lucas94@barrera.com
227,Madeline,Jordan,"Woods, Cunningham and Nguyen",(376)311-6935x848,wisediane@dean.com
228,Ernest,Stafford,Dickson Inc,618.265.0958,tonyaruiz@farmer.com
229,Olivia,Saunders,"Sanchez, Coleman and Leon",298.311.2706x59582,triciarichards@shelton.net
230,Tricia,Barrera,"Parrish, Frey and Wiley",+1-305-357-7846x89244,philip88@carr.biz
231,Carly,Bullock,"Schroeder, Krueger and Day",747-121-9878x3705,josephchaney@roach-rocha.info
232,Mackenzie,Stuart,Collins-Roman,+1-837-532-8673x455,shanecuevas@terry.com
233,Ashlee,Lamb,Simon-Short,(279)680-4241,aserrano@webb.org
234,Danielle,Huang,"Bailey, Dorsey and Tanner",4899460466,ericksoncheyenne@taylor.com
235,Paul,Hendricks,Day-Donovan,+1-702-303-6494x134,dorothy66@howe-kim.com
236,Leslie,Ramos,"Stephens, Green and Dudley",-1735,oscar33@holden-morrow.com
237,Louis,Carpenter,"Camacho, Wilkinson and Holden",-7810,jacobskurt@dalton-small.com
238,Tanner,Whitehead,"English, Mercado and Jefferson",449-361-4656,iosborn@brady.com
239,Sheri,Arnold,Warren Ltd,001-959-964-0415x510,walterfrye@good-boyer.com
240,Hunter,Lawrence,Wolfe LLC,3886133852,samuelwelch@reid.net
241,Dennis,Moran,"Velazquez, Heath and Adkins",(549)544-4032x930,wcole@bell.info
242,Karl,Stephens,Christensen-Gibbs,516.383.5282,miguelmathis@crawford.info
243,Brenda,Hale,Mcguire PLC,828.109.2056,romeroangie@cunningham.org
244,Nicolas,Lee,Morrow-Butler,001-096-028-0764,vbooker@donovan-stokes.info
245,Sonya,Savage,Lynch and Sons,001-524-066-4043x946,cheyenne64@solomon.net
246,Alfred,Duffy,"Hull, Brennan and Ramos",442.724.7841x142,rmcfarland@shelton.com
247,Renee,Serrano,"Phillips, Hutchinson and Walter",501.240.0629x1686,tammyspence@day.org
248,Jay,Rosales,"Morales, Carpenter and Yoder",6427544692,joanna47@davidson.org
249,Darlene,Arellano,"Duran, Eaton and Holt",(512)723-4401x3186,jeffrey24@douglas-landry.com
250,Clifford,Shea,"Carey, Owens and Anthony",301.544.7937,burnettrebecca@brewer.info
251,Rose,Case,"Mcintyre, Yang and Dyer",+1-805-686-4122x815,cassandrastrong@ramos.com
252,Kaitlyn,Horn,"Young, Reynolds and West",(540)222-1862x971,cortega@johnston.com
253,Priscilla,Cortez,"Dodson, Wagner and Roth",+1-704-228-1033x97217,jenny52@berry.com
254,Isaiah,Howe,Cannon Inc,676.018.6293x4000,rachael63@cooley.com
255,Kara,Pugh,Proctor-Garrett,415.119.1011,lucas29@mccoy.net
256,Leslie,Little,Curtis-Jarvis,4246157054,thomasstefanie@garner-cooper.com
257,Maurice,Owen,Kent LLC,(051)314-0826x1011,porterlogan@duffy.biz
258,Penny,Baxter,"Diaz, Hinton and Blackburn",008.543.8018x6668,brett70@reilly.com
259,Morgan,Silva,Novak-Mullins,(784)764-9236x170,lpatton@robinson.com
260,Patrick,Barnett,"Riley, Phelps and Castro",486-945-7392x76409,cassie94@booth.biz
261,Kristi,Chen,Obrien LLC,+1-549-824-0031x02701,woodscollin@vargas.com
262,Geoffrey,Hurley,"Gutierrez, Logan and Porter",169-622-6465x39875,montgomeryjasmin@oneal-hutchinson.com
263,Gary,Le,Pittman-Owens,199-758-5242,emilygarrett@navarro-howe.info
264,Tina,West,"Mckenzie, Bowman and Cooper",001-472-988-6530x0068,gutierrezrandall@rasmussen.com
265,Karen,Campbell,Aguilar-Bautista,787-930-1013x256,rachaelking@silva-choi.com
266,Terrence,Frye,Ali LLC,067.961.9175x3047,bradley72@fowler-durham.org
267,Cristina,Sanchez,Carney-Chavez,001-627-353-0917,matthew67@irwin-mcknight.info
268,Rebekah,Weiss,Gallagher PLC,925.881.7050,stoutwilliam@forbes.com
269,Kayla,Ferguson,"Shaffer, Chang and Mcmahon",743.898.2631,shopkins@murphy-fleming.com
270,Martha,Molina,Cooper-Richards,916-950-6485x5931,pratthector@ferrell.info
271,Janet,Zimmerman,Hart-Stevens,036.003.0046x50047,dan28@walter-richard.info
272,Jesus,Haynes,Swanson-Glenn,(592)022-9626,zramsey@gallagher-briggs.biz
273,Audrey,Levine,Franco-Berg,001-939-299-4393,kristinemunoz@neal-kline.com
274,Kristina,Larson,Vargas-Garrett,(843)172-1473,sloanmeagan@key.com
275,Joanna,Carr,Blanchard Group,457-448-6880,chelsea29@brooks.org
276,Bianca,Daniel,"Fitzgerald, Gamble and Gill",137.435.0489,lawrencehansen@duke.com
277,Angel,Garcia,Sutton-Johnson,818-047-4846,malonejanet@harvey.com
278,Miguel,Morales,Mack-Barnett,001-050-193-7638x166,joan09@hart.com
279,Tiffany,Bruce,Joseph-Lyons,451-922-4817x107,latashaburch@woodward.com
280,Deborah,Atkins,Wagner-Ayala,(698)435-4856,brettmorrison@bernard-knapp.com
281,Evelyn,Huynh,Parrish-Simmons,001-650-421-0322x71656,jmullins@craig.com
282,Desiree,Hopkins,Cruz Inc,+1-305-534-9091x92888,pittmansamuel@proctor-gamble.biz
283,Brad,Booker,Beard LLC,001-741-430-6383x602,robinfitzpatrick@hardy.biz
284,Sue,Lowe,"Hancock, Donaldson and Stout",(035)891-2078,malik44@stanton-salazar.com
285,Sheena,Donaldson,"Villanueva, Li and Hurley",-9061,candace29@diaz.com
286,Kari,Morton,Michael-Sparks,608.128.5858x862,jaredchase@solis.net
287,Phillip,Mccarty,Ritter-Kelley,456.256.7271x9394,shirleybeasley@hurley.info
288,Shawna,Beasley,"Olsen, Barrera and Robles",321-895-3140x030,kowens@peterson-jimenez.com
289,Ray,Yu,Vaughan-Wyatt,5471798652,zfigueroa@cummings.com
290,Damon,Stanton,Joyce Inc,(311)420-8154x573,yesenia49@lester-martinez.com
291,Annette,Zavala,Reed and Sons,(790)744-4006x3025,matthewssamantha@english.com
292,Michaela,Keith,Atkins-Chandler,001-083-605-6953,astone@dalton.com
293,Valerie,Pace,Schultz PLC,+1-805-649-4669x75424,walldarius@riggs.com
294,Danny,Hall,"Coleman, Berg and Larsen",(937)866-9688x17423,regina78@sampson.net
295,Kristy,Paul,Ortiz and Sons,001-028-436-4997,kirsten26@chaney-stephens.com
296,Kelsey,Rowland,"Russell, Oconnell and Merritt",-6441,stacybradford@callahan-powers.com
297,Alyssa,Woodard,Horne-Guerrero,+1-371-916-6695x29105,wbuckley@randall.com
298,Deanna,Larsen,"Kirby, Berg and Cantu",993.934.2508,arthur45@valencia.net
299,Jackson,Sawyer,"Simpson, Zhang and King",(991)556-3832x548,hectorlewis@gay-goodman.org
300,Chloe,Hodges,Atkinson Inc,532-733-6539,ldiaz@barr-russo.com
301,Brooke,Dominguez,Strickland-Ramos,(119)228-4507x009,elijah82@chambers.org
302,Kristopher,Hammond,Hopkins-Hawkins,8589013055,pgreene@stanton.info
303,Lauren,Allison,Finley Ltd,001-174-870-2513,kristinwhitaker@bullock-wilkerson.com
304,Gloria,Walters,Reed-Spencer,(285)923-6414x985,jillfoley@oconnor-french.com
305,Wanda,Lara,Duffy-Walters,001-914-185-0578x188,bhenderson@ashley.net
306,Albert,Mendoza,Oconnor-Hester,(573)480-3663x42262,mspencer@blackwell.biz
307,Wayne,Gomez,Owens-Hale,+1-633-747-5786x82865,hollowaykatherine@jones.com
308,Elijah,Wagner,Snyder-Mccoy,151-710-4724x7177,opace@conway.net
309,Vicki,Davies,Russo-Barker,614-313-5065,joseph80@hunt.com
310,Angie,Navarro,Howell Group,1861519660,kirstennicholson@terrell.com
311,Mindy,Kelly,"Galloway, Nichols and Day",+1-655-102-7092x7916,vfaulkner@thompson.com
312,Dominic,Frost,Skinner-Carpenter,6382645124,lisamathews@huff.com
313,Judith,Holden,Finley-Hanson,001-730-982-6195,joy10@johnston-oneal.info
314,Maria,Conrad,"Blackwell, Torres and Solomon",(899)628-5978,gabriel57@spence-thompson.com
315,Phyllis,Fischer,"Henson, Khan and Padilla",(273)538-2624x2121,catherine30@lewis.org
316,Caitlin,Hardy,Farmer-Donovan,8236429869,toddarcher@haley.org
317,Katie,Rios,"Zhang, Christian and Cruz",878.633.3191,jeffersonbrandi@cannon-trevino.com
318,Derek,Soto,"Everett, Moran and Stone",248.205.0443,kyates@holder-coffey.org
319,Maureen,Brown,Brown-Swanson,(787)002-4567x28724,xgarcia@ross-hatfield.com
320,Melanie,Ingram,Andersen Inc,066-212-1907x57334,michaelcheyenne@ewing.info
321,Kristopher,Bailey,"Estrada, Hendrix and Molina",879-651-6578,marco90@friedman-franco.net
322,Justin,Hendrix,Pham Ltd,958.055.4898,fphelps@cole-gay.com
323,Curtis,Armstrong,Boone LLC,955.476.5937x20987,monique66@daniel.info
324,Crystal,Baxter,Whitaker PLC,312-423-8877x6854,clintonsuarez@duke-garner.com
325,Leon,Washington,Brooks-Stone,991.790.9799,tanyameza@matthews-paul.info
326,Erik,Haney,Short-Dodson,991.634.8117x277,kaylakirk@reynolds.com
327,Faith,Park,Lloyd PLC,+1-513-668-9279x5188,mosstina@french-burnett.net
328,Joy,Valencia,Graham Ltd,752.730.7527,rgrant@booth.info
329,Sierra,Green,Fletcher-Woodard,744.622.2894x733,tasha23@cooley-vance.com
330,Jasmine,Fisher,Preston Group,(006)681-9446x6026,arellanoerin@roberts.org
331,Anthony,Clarke,Bonilla Group,+1-043-839-9795x17910,warelydia@coleman-morrow.com
332,Courtney,Christensen,Mcbride-Kennedy,-4801,shannonevans@watkins.com
333,Jamie,Vincent,"Wiggins, Porter and Frederick",001-577-371-0497x16742,gonzalezjonathan@arias-lee.info
334,Phillip,Burton,"Gallagher, Hester and Pittman",001-168-779-0247,dalton27@barron.com
335,Daisy,Moss,Jennings LLC,336.428.6831x49857,jordanhodges@huff-hensley.biz
336,Janet,Cisneros,"Mack, Buckley and Vega",+1-497-007-0822x525,jimmymcfarland@mcdonald.net
337,Cassidy,Conner,Huerta-Hobbs,(817)425-7030,jacobrojas@cummings-kelly.com
338,Carrie,Downs,Barker PLC,001-208-863-9743x44787,marilynandrews@cobb-watkins.com
339,Carmen,Walsh,"Johnston, Love and Garrett",662.852.8673x238,bradleysophia@burnett.com
340,Anita,Daniel,"Chapman, Rojas and Morgan",(258)690-1199x499,valentinecaitlyn@henry.com
341,Jacob,Livingston,"Stokes, Brennan and Potter",4775965171,elaine95@kerr.com
342,Brent,Maldonado,English and Sons,665-732-3833x685,phillip17@wade.net
343,Alexandria,Walters,Obrien-Wise,001-480-013-2079x644,clifford91@combs.com
344,Chase,Cooke,Mason LLC,337-592-5339,zrobbins@ross.net
345,Brady,Foster,Crawford PLC,973.879.7109,shelby36@lawrence-love.com
346,Ronald,Bradshaw,Becker-Copeland,(338)657-8747x492,isabelburnett@kaufman-stevenson.com
347,Bridget,Porter,Wyatt Group,266.436.0582x2195,buckleyperry@herring.com
348,Meredith,Merritt,Sharp Inc,435-022-5700,juliannash@richardson.org
349,Briana,Barnett,"Morgan, Horton and Martinez",001-762-714-6896,fryjeff@baxter.com
350,Grant,Mclaughlin,"Villanueva, Bonilla and Tucker",105.107.1716x9500,cindypatton@page.biz
351,Brandy,Newton,Gonzales Ltd,-4971,qmaddox@huber.net
352,Guy,Brennan,"Larson, Joseph and Richard",030.070.7384,angieosborne@michael-simon.com
353,Ann,Simmons,Thompson-Dixon,(990)368-3255,xharper@stevenson.com
354,Willie,Estes,Bell-Wright,801.957.3435x0679,bairdangie@villegas.biz
355,Joan,Gregory,Hartman Inc,305.639.5002,xvang@schmidt.com
356,Rebekah,Barnes,Arias-Montgomery,(472)810-4201,christianmata@gates.com
357,Meghan,Chaney,Hill PLC,(312)872-2270x734,emorgan@kelly.net
358,Peggy,Mckenzie,Frey Group,041.619.0091x52202,vargasnoah@johns.com
359,Jill,Schaefer,Molina-Fritz,+1-983-220-0215x955,bfitzpatrick@kelly.com
360,Drew,Patterson,"Ruiz, Leon and Salinas",+1-629-893-3866x5762,mbanks@dorsey-sanchez.biz
361,Melissa,Potts,Bauer-Zavala,+1-761-964-7294x350,nicholas11@lyons.org
362,Frances,Rosario,Ellison Ltd,001-776-564-8909x0975,anita51@bailey-miranda.net
363,Kelli,Adams,Duffy-Quinn,5232340972,blakedunlap@bautista.com
364,Melissa,Boyer,Shah Group,2214610235,chendrix@duncan.com
365,Cynthia,Bryan,Pollard-Mcknight,994.105.5820,zhubbard@reilly-mccall.net
366,Sandy,Schaefer,Shannon-Nixon,001-989-420-4196x19058,nrandall@brown.com
367,Robert,Perry,"Hancock, Simpson and Faulkner",563-746-1695,romandeborah@carter.com
368,Gerald,Morales,Mora Ltd,666-844-5078x9437,mckenzieroberta@leach.org
369,Bill,Hardy,"Mason, Proctor and Freeman",135-097-2385,antonio01@schmidt.org
370,Mallory,Fisher,"Farmer, Heath and Rose",(681)298-7068x63922,campbellcarla@bond-fischer.info
371,Kevin,Esparza,Miranda-Acevedo,960.187.8427,ryanchristina@byrd.org
372,Justin,Mata,Fowler Ltd,001-363-472-7690,dorothymaxwell@patton-fernandez.com
373,Sally,Golden,Rios and Sons,074.545.4625,stricklandregina@perez.info
374,Samuel,Yates,Fleming-Dunn,694-008-9791,ayerschris@gilbert-landry.org
375,Carla,Wolfe,Becker-Howard,520.277.0142x65524,aaron28@arellano-lang.net
376,Caitlin,Hendrix,"Valentine, Hinton and Schwartz",936.599.8937x35672,barrybecker@bauer.com
377,Willie,Flynn,Roberson Group,248.782.4477x032,marissa82@charles-moore.net
378,Sydney,Edwards,Hines LLC,(944)427-1207,flemingvernon@bean-le.com
379,Jim,Villegas,"Browning, Avery and Mercado",525.864.9616,fpope@buck-carney.info
380,Kaylee,Ramsey,Pittman-Dorsey,503.847.5737x16504,mbright@henry.com
381,Laura,Zamora,Colon-Sampson,+1-449-493-6747x404,mchandler@bailey.org
382,Sierra,Roberson,Payne Inc,+1-902-711-7691x7835,cindymclaughlin@jackson.com
383,Martha,Rhodes,"Pitts, Coleman and Ingram",277-623-0864x212,rmoses@tanner.net
384,Kristi,Cortez,Holder PLC,-10398,evelyn41@stanton.net
385,Damon,Daugherty,Galvan-Lloyd,3153985378,wbarton@orozco-banks.com
386,Jeffrey,Hunt,Hensley PLC,909-364-8280,qreid@mckay.org
387,Rebekah,Valencia,Mullins LLC,657.676.7271x4913,marc51@gibson-wood.com
388,Todd,Quinn,"Woodward, Lutz and Orr",2598721399,roberthenry@davenport-middleton.org
389,Clarence,Church,"Rasmussen, Wu and Hawkins",1946419219,daniellebooth@underwood.info
390,Candice,Livingston,Marshall Inc,001-205-673-8989x77190,thall@soto.com
391,Ana,Lopez,"Gentry, Carr and James",(999)273-7424x0499,bwalter@church.net
392,Norman,Lang,"Holden, Gould and Chan",919-062-2686x56805,jenna30@dickerson-vaughn.biz
393,Becky,Allison,Nunez-White,001-471-208-3345x956,longcindy@wheeler.com
394,Sean,Warren,Price Group,001-001-508-5324x936,soniamcguire@mullins-stevenson.com
395,Vickie,Finley,Spears LLC,001-721-934-4214x040,eavila@allen-gillespie.com
396,Erin,Boyer,Krause-Maldonado,(031)356-5581x111,leslie12@pitts-holland.com
397,Ariana,Avila,Walter-King,139.424.1890,mcgrathkatie@lynch-conway.com
398,Tanner,Nguyen,Peck-Boyle,020-790-3668x2455,grossstuart@cooke.com
399,Sheila,Cardenas,Copeland Inc,326.362.3213x2697,ibenitez@maxwell-martin.org
400,Chris,Keith,"Dudley, Khan and Young",272-651-3784x472,gilmoredustin@kerr.org
401,Bradley,Sanford,French-Berg,158-673-3550x484,nunezsavannah@henderson.info
402,Ariana,Carney,Mcneil-Horton,1890761570,caitlynrosario@maldonado-stevenson.com
403,Elizabeth,Logan,Peck PLC,633.088.3844,kirkbradford@ibarra-bradford.info
404,Adrienne,White,Tyler-Riley,-10757,leroy07@becker-winters.com
405,Zachary,Shaffer,"Haynes, Lara and Lara",(713)867-5810x3140,avilasummer@hensley-richmond.net
406,Mercedes,Hester,Olsen-Humphrey,008.963.8003,thomas95@watson.info
407,Stephanie,Rivera,Dalton-Payne,(488)566-9723,daniel67@davidson-stephenson.com
408,Francis,Bradford,Contreras PLC,(266)493-2713x08961,alejandra14@quinn.com
409,Marilyn,Peck,"Solomon, Potter and Merritt",(319)744-3383x354,stacy53@gardner.com
410,Greg,Wiggins,Cunningham and Sons,629.068.6674x53648,ymcdowell@johnson.org
411,Glen,Clarke,Wise-Mccarty,237-134-6669x1919,lbarron@lutz.org
412,Kevin,Munoz,Knapp-Bernard,(858)198-9773x6361,eboyer@hebert-rosario.info
413,Jasmine,Brennan,"Conway, Jones and Morton",561.311.5283x5492,uarroyo@david-greer.net
414,Janice,Baldwin,"Greene, Novak and Flores",(034)640-6218x7316,sbrooks@sloan.com
415,Pam,Atkins,Chase and Sons,7209726342,gdoyle@hooper-johnston.com
416,Bill,Gates,Townsend-Hodges,3137910453,chanselena@pitts.info
417,Hayley,Swanson,Sellers-Martin,-6338,rickybarrera@mathis-nicholson.com
418,Jack,Maddox,"Welch, Gonzalez and Cardenas",(710)713-1916x5666,parkcorey@navarro.com
419,Judy,Middleton,Galvan and Sons,+1-903-323-7946x9825,tuckeradriana@cannon.com
420,Allison,Hill,"Morgan, Camacho and Murphy",9154881770,charlotte25@christensen-allison.com
421,Jack,Robbins,"Choi, Galloway and Fox",001-084-704-0454x28664,haasderrick@ortega-kirk.org
422,Lisa,Blackwell,Daugherty and Sons,+1-397-236-8851x31652,nlawrence@miles.biz
423,Cole,Byrd,Dillon-Perry,+1-987-530-4402x2205,obrienisabel@braun.com
424,Randy,Gomez,Mcdaniel Ltd,527.791.5662,bishopbryan@mcpherson-rosario.com
425,Ashlee,Koch,"Lawrence, Cox and Terry",(832)608-7152,mooreian@arias-lloyd.org
426,Mitchell,Horton,Brown PLC,251.305.4006x736,erinlittle@carroll-duncan.com
427,Guy,Williams,"Hendricks, Mccormick and Schaefer",001-217-924-3833x63325,austin73@gordon.net
428,Erika,Thompson,Colon Group,148-613-6155x55441,nkoch@hardy-wallace.info
429,Autumn,Rogers,Bowers Ltd,067-985-0255,byoung@bailey.com
430,Dan,Murray,"Mora, Compton and Gregory",(516)030-4038x326,kathleenle@martin.com
431,Herbert,Tran,Mcintyre-Gaines,415-536-8137x415,meadowsmandy@baker.info
432,Zoe,Rojas,"Browning, Hayes and Barber",001-410-263-1855x0930,lynnkelli@kirk-bell.org
433,Theresa,Holt,"Hawkins, Estes and Phillips",487-573-7546x37948,brent19@sullivan-schaefer.org
434,Kristi,Dixon,Kim Inc,(523)214-3540,lindsaymiranda@atkinson.info
435,Marisa,Patrick,Roy Ltd,6703662095,zwall@page.org
436,Tricia,Fletcher,Franklin Inc,408.412.7123x30688,bconner@hartman.com
437,Daniel,Carrillo,"Leon, Lang and Reilly",6907120293,parkerlogan@sutton-wheeler.com
438,Parker,Brady,Horne PLC,607.658.7721x21256,yvonne79@mcconnell-warner.com
439,Summer,Hancock,Kline-Wang,+1-870-872-8194x77839,rmcknight@bryan-king.com
440,Samantha,Maddox,"Grimes, Morgan and Schneider",001-501-207-2471x684,mortonsally@walls.info
441,Chelsey,Tapia,"Long, Terry and Garner",001-607-068-6950x55174,wallacekristy@cross-oconnell.com
442,Kayla,Fry,Vazquez-Wilson,(986)611-0141,patriciagiles@oneill-chung.com
443,Dave,Jensen,"Macias, Pham and Mcdowell",483-621-7937x55917,howard17@hickman.com
444,Colin,Hammond,Myers Ltd,359.871.9570,jaime31@gray.com
445,Jay,Bright,"Ford, Ellis and Kelley",661.407.1869x140,dan44@chan.org
446,Caitlyn,Cross,Bentley-Moyer,001-526-323-6313x65050,jefferyhammond@guerra-chase.biz
447,Sydney,Burnett,"David, Reynolds and Deleon",001-848-600-5959x841,makaylafrost@pham.com
448,Sherry,Vincent,Stephenson Inc,(532)910-1621,zdaniels@tate.com
449,Ricardo,Pena,Kelly-Duncan,5639394528,elizabethhobbs@parker.com
450,Anne,Harper,Stevenson and Sons,246-514-2503x293,josedudley@andersen.com
451,Sierra,Crane,Mccarty-Stout,422.330.7563x52160,goodwinpenny@rojas-warner.org
452,Joseph,Steele,Meadows PLC,(621)466-4444,volson@carter-barr.info
453,Destiny,Snow,Duffy LLC,873-940-1704x5312,alejandro05@bradshaw-chen.com
454,Jaclyn,Cardenas,"Noble, Downs and Knapp",211-550-6047x8207,phebert@farmer.com
455,Monica,Duffy,Kane-Calhoun,+1-479-586-3195x388,rramsey@graham-conrad.org
456,Logan,Dickerson,Arnold Ltd,(706)788-7595x22855,rachael73@spencer.com
457,Sonya,Calderon,Savage-Mcdonald,883.145.5554,kevinwallace@woodard.com
458,Daniel,Charles,"Dorsey, Cook and Kaufman",618.772.9522x892,marvinwoodard@lam.biz
459,Ellen,Mayo,Cross-Hendricks,(266)427-2657x375,michaelclinton@gross.com
460,Bryan,Odom,"Taylor, Solomon and Wolfe",094-007-9536x806,gillespienorma@cline-boyd.org
461,Lydia,Banks,Kennedy LLC,+1-480-761-9968x75709,nbuck@dalton.com
462,Kathleen,Everett,Bernard-Davila,4099364059,mark58@blackwell-prince.com
463,Mckenzie,Joyce,"Lamb, Hoffman and Maynard",3778497872,bethcannon@brock.net
464,Ivan,Kim,Schmitt-Ferrell,926.712.8532x080,lcollier@boyd-hobbs.com
465,Shirley,Anthony,Maxwell Ltd,+1-193-838-3198x1601,phillipshayley@carr.com
466,Collin,Ortega,Daugherty-Stephens,-10708,ufriedman@rowland.org
467,Alisha,Brooks,Costa-Burton,-9418,djarvis@gonzales.org
468,Ruben,Berger,Yu-Schneider,001-923-163-7766x93504,ivanroman@hamilton.org
469,Faith,Flores,Smith LLC,+1-890-354-6542x581,eric18@avery.com
470,Briana,Melton,"Hebert, Oliver and Moody",(336)645-5747x123,haleymeadows@coffey.com
471,Colleen,Duffy,"Boyle, Randall and Ward",974.247.2892x977,fshepard@arias-rosario.net
472,Amber,Andrade,Mueller LLC,001-139-457-7156,watsonandres@clarke.com
473,Samantha,Singh,"Baldwin, Gordon and Doyle",001-507-587-8245x4730,annahood@herrera.info
474,Edward,Mcclain,Mcneil-Knapp,001-376-296-3121x841,cherrykurt@durham.org
475,Leon,Harmon,Donaldson Inc,988.120.4213,johnny51@davenport.com
476,Misty,Fry,Caldwell-Summers,773-211-3714,armstrongsheena@sullivan.net
477,Kirsten,Gardner,"Middleton, Ali and Edwards",(061)557-9745,castillodan@coleman-ross.com
478,Lacey,Levy,Gilmore and Sons,(401)895-1449,houstondesiree@neal-combs.org
479,Kristina,Daniel,Osborn-Meadows,(991)260-9905,larajody@donovan.net
480,Cory,Mcintyre,"Gardner, Barton and Murphy",163-966-2581x607,huntjade@anthony-mack.info
481,Christian,Thornton,"Duffy, Castro and Yates",001-037-597-5406,gschultz@rollins.com
482,Brent,Moses,Silva Group,001-101-530-5658x1433,george53@mcintyre.com
483,Andres,Hebert,Bolton Ltd,747.141.6951,nathaniel36@livingston.com
484,Jerome,Bolton,Dalton-Sosa,+1-056-462-3209x1098,barronfranklin@mays.com
485,Krystal,James,Novak Group,010-055-4525x3849,daryl93@pruitt-bass.com
486,Helen,Farmer,Keller Inc,(581)373-2751,tyrone99@english.com
487,Stacie,Ali,Hancock-Pineda,+1-475-250-6496x470,huynhsydney@morgan-townsend.net
488,Tricia,Waller,Bradford-Bush,001-401-481-6270x0994,gilesjamie@hall.com
489,Tina,Best,Welch-Singh,714.238.0013,xzuniga@reed-shaffer.com
490,Hailey,Werner,"Guzman, Bauer and Keller",637-548-4284,edwardsmelissa@blackwell-riddle.com
491,Dan,Kerr,"Sampson, Stone and Stanley",001-084-871-7375,garnerjeremiah@gonzales.org
492,Louis,Alvarado,Petersen-Barrett,+1-431-494-8348x7804,connor42@hutchinson.com
493,Melvin,Reese,"Clarke, Santos and Hampton",(622)277-1851,derrick15@gutierrez.com
494,Alice,Whitehead,Hardin PLC,380.145.7663x79623,cbass@orozco-friedman.com
495,Ray,Tran,Gallegos LLC,001-959-224-5165,wyattselena@branch.com
496,Crystal,Barry,"Walker, Walters and Terry",209-590-9084x42026,kathybradshaw@anderson-steele.com
497,Melinda,Palmer,"Lloyd, Ross and Keller",5723896242,robbinsrandy@strickland.org
498,Max,Stevens,Andrade and Sons,001-828-822-9276x6667,neilpittman@daugherty-atkins.net
499,Kylie,Pugh,Roberts-Mcpherson,093-101-6128x3693,zwood@flowers.com
500,Lee,Boyle,Lang LLC,242-082-5755x4541,deanstacie@carson.com
501,Kerri,Payne,Cortez PLC,(786)545-8182x600,melanie07@joyce.com
502,Joan,Black,Lucero-Suarez,885.831.6718,natasha12@farley.com
503,Eileen,Holden,Shepard-Wells,100-973-1145,nichole01@clarke.com
504,Cynthia,Castro,Ritter Inc,628-258-0061x751,rodriguezdavid@mooney.biz
505,Summer,Burns,Morris-Eaton,394.768.1649x41296,hartcassidy@whitney.com
506,Anthony,Jackson,Fuller LLC,(242)730-8145x398,micheal09@johnson-barajas.com
507,Johnathan,Howard,Zuniga Group,+1-525-473-4159x4761,xfriedman@aguilar.biz
508,Dave,Hurst,Hansen-Wong,588.287.3496x133,molly84@hutchinson-bishop.biz
509,Allen,Santiago,"Humphrey, Mclean and Mitchell",001-415-113-5755x8454,shelia73@buck.com
510,Theodore,Ball,Fitzpatrick-Rosario,583.202.7673x8782,vmelton@harris-roth.biz
511,Gregory,Flores,"Dunlap, Dudley and Ross",001-954-868-0518x8904,barajasfrederick@escobar-bradford.info
512,Maxwell,Hall,Holder Group,591.561.9168x18835,fnichols@ho-robinson.net
513,Richard,Adams,Porter-Davis,001-589-054-6902,ambermora@myers-joyce.biz
514,Cassidy,Bradford,"Johns, Burgess and Hess",001-692-659-2709,ephillips@woodward-craig.com
515,Bonnie,Booker,"Pearson, Hubbard and Alvarez",6961498901,penafrancisco@flowers.org
516,Frederick,Valdez,Burnett-Lowery,001-168-547-8993x47666,vcarpenter@humphrey.com
517,Larry,Davis,"Johns, Mays and Trevino",357-597-6977x2627,isabelcooley@newton.com
518,Selena,Singh,Huerta-Escobar,377-393-9422,yvillegas@downs-martinez.com
519,Jody,Mcfarland,Randolph-Rogers,8663788952,gilbert70@chan.info
520,Christian,Hansen,"Cohen, Zavala and Hodge",875-297-1537x6615,annettedavid@mcintyre.com
521,Brent,Boone,Allen PLC,049-665-4976x48016,breannachapman@small.com
522,Tom,Hogan,Waller Inc,(425)426-1714,bbowen@bowman.com
523,Adam,Davenport,Gill-Snyder,164.438.9583x14077,terrence66@holder.com
524,Jermaine,Tapia,"Salazar, Maldonado and Dyer",859-925-5724,allison48@kane.info
525,Tommy,Hancock,Bender-Holloway,228.715.0816x6277,arthur83@solomon.biz
526,Cheyenne,Tran,Stevenson-Marquez,+1-922-403-8033x36790,daryl88@simon.com
527,Ellen,Rogers,"Melendez, Graham and Mullins",366.925.8628x93172,davidrogers@hernandez.net
528,Gabriella,Powers,Joyce-Faulkner,(519)333-2073,dfreeman@blackwell.net
529,Colleen,Mcpherson,Waters PLC,+1-914-039-1522x43899,nicolemacdonald@horn.net
530,Nina,Wagner,Small PLC,9108772428,ronnie77@branch.com
531,Don,Ingram,"Gillespie, Hester and Strong",001-065-386-3878x263,henrygillespie@maynard-michael.com
532,Cory,Church,Huynh LLC,141.787.0937,johnnyhebert@case-erickson.com
533,Gavin,Leon,"Richmond, Ware and Fuentes",(811)351-0461x44523,kiara88@tanner.net
534,Terri,Fleming,"Bridges, Wiley and Rush",(115)555-6807,loganschneider@blake.info
535,Phyllis,Giles,"Reeves, Hayes and Whitehead",(652)842-4012,mcleanarthur@erickson.com
536,Rebecca,Rasmussen,Park and Sons,749-064-9430x7897,weberkerry@mcbride.biz
537,Caitlin,Bartlett,Patterson-Woodward,697.869.8903,ahodge@madden.info
538,Darlene,Haney,Hughes-Sanchez,001-318-878-3519x90125,ricardo33@tran.info
539,Andres,Kennedy,Conner Group,(482)286-3803,kristen16@mcdonald.com
540,Darlene,Valdez,Fowler LLC,531-069-9570x038,kbutler@mosley.biz
541,Shawna,Dodson,Cruz-Hayden,851-258-5329x97160,stacygarza@ibarra.com
542,Amanda,Nicholson,Winters Inc,001-695-970-0304x11955,carrillopriscilla@ortega.com
543,Jose,Dickerson,Cain-Meyers,390-461-5145x3868,moonstefanie@mccarthy.com
544,Shelia,Trevino,Young-Bishop,973.354.9507x12566,kingcalvin@solis-wolfe.info
545,Mark,Bowers,"Huff, Juarez and Parks",462-240-7506x977,todd96@bradshaw.info
546,Carrie,Nielsen,"Ingram, Brady and Simpson",676998498,pkelly@lindsey-barr.info
547,Ross,Scott,"Cohen, Galvan and Norman",939-581-0075,brett01@fields.biz
548,Kim,Dunlap,Walton Ltd,+1-161-725-1294x79284,foxeric@strickland-hernandez.net
549,Janice,Hardin,"Boyd, Tran and Rodriguez",(178)175-3576x5843,huntkristin@woodard.com
550,Ruth,Lindsey,Keller Inc,-2301,chelseamckay@chang-jenkins.net
551,Hector,Sloan,Hoffman Group,001-748-784-1312x97719,lwhitehead@suarez.com
552,Ryan,Schultz,Compton PLC,710.466.9878,maysmandy@roberts.net
553,Adrian,Cline,Santana LLC,-2088,phyllis40@ferguson-zuniga.com
554,Tanya,Beasley,"Hopkins, Monroe and Fitzgerald",599.260.0269,tlittle@lam.org
555,Judy,Hancock,Melton-Tran,043-168-7930x358,joshuawhitaker@chase.com
556,Leon,Blair,Fitzgerald PLC,001-091-066-4467,samantha68@noble-townsend.org
557,Heidi,Moyer,Odonnell Ltd,001-092-752-5137x5046,debbieholden@cervantes.biz
558,Stuart,Schmitt,Hampton-Irwin,001-545-448-6968,hlowe@morse.com
559,Dakota,Singleton,Hanson-Hood,356.526.1154,hraymond@perkins.org
560,Jordan,Kline,Lam and Sons,(546)366-2270,catherine18@gordon.com
561,Bernard,Valencia,Kane PLC,3052618309,qpotter@holloway.com
562,Isaiah,Levine,Stewart-Bolton,475.617.7870,wolfedaryl@cameron.info
563,Clarence,Frye,Zimmerman-Wagner,(713)720-7205,suttonroy@snyder.com
564,Susan,Avila,Mack Group,-6493,tgould@mckee-shepard.org
565,Amber,Mullen,"Duffy, Walter and Soto",(779)069-7226x65756,kelsey72@farmer.com
566,Jodi,Fowler,Pitts-Lowery,(770)638-4350,burnettjohnathan@pena.info
567,Marc,Sanford,Collier-Young,012-321-2959,alisondalton@hess-cline.com
568,Kaylee,Dalton,Cantrell-Boone,001-270-489-2972x78033,phelpskeith@wallace.com
569,Dwayne,Kane,"Branch, Mcclain and Baker",(307)645-5099,gamblemaria@humphrey.com
570,Roy,Estes,Thompson Group,+1-282-022-7311x33918,wdennis@marks-russell.com
571,Karina,Benjamin,Rowland Group,(362)802-4463x17611,marcussandoval@watts.info
572,Tony,Guerra,Wilcox-Tate,570.722.4709,stephensjerome@oneill-villanueva.com
573,Mathew,Tucker,Rivera LLC,+1-807-291-0164x062,taylormartin@donovan-hendricks.info
574,Patty,Cherry,Watts-Schmidt,102-099-8616,bradpacheco@bradford.org
575,Teresa,Drake,Riley-Ali,001-771-089-7065x537,qpierce@hoffman.com
576,Tanya,Gutierrez,Bowers-Spence,094-388-6327,tcardenas@escobar.com
577,Mike,Waters,Holt and Sons,493-252-1924x410,victorcaldwell@blanchard.com
578,Margaret,Christensen,Shields-Peterson,(234)325-0895,anayoung@stephens-christensen.com
579,Jermaine,Pittman,"Calderon, Bradford and Caldwell",(826)772-7605x725,gcobb@mcclure-weber.com
580,Adrienne,Duran,Conley-Travis,(126)764-9447x443,gravesamy@macdonald.com
581,Ellen,Quinn,Horton-Ware,098.318.5155x15845,annette75@cohen.net
582,Alexandra,Ware,"Velasquez, Kent and Henderson",948-698-9959x305,wyattbriana@cervantes.net
583,Mason,Gaines,Mcknight-Townsend,+1-213-835-9799x0195,martinwade@macdonald.biz
584,Stanley,Shannon,Tucker-Diaz,9042616723,becky23@nunez.info
585,Victor,Donaldson,Beard Ltd,408-072-6826x680,gabriella33@huerta.com
586,Jeanne,Pope,Hinton-Mullins,+1-441-442-5305x49868,timothy52@hahn-gonzalez.net
587,Leslie,Farrell,Gardner and Sons,+1-432-319-6135x310,psutton@thornton-palmer.info
588,Anita,Banks,"Proctor, Edwards and Schaefer",(797)436-0495x973,toni29@figueroa.net
589,Terrance,Hansen,"Hayden, Cobb and Nelson",316-564-4762x2153,gbarajas@bolton.com
590,Kerri,Clayton,Burch-Glass,+1-941-899-2480x85112,tamara83@bentley.com
591,Holly,Allen,Flowers-Wood,158.501.2921,friedmansuzanne@lopez.com
592,Christie,Valdez,"Sellers, Levy and Wilkinson",+1-429-274-5434x054,aruiz@baker.biz
593,Holly,Perry,"Boyle, Heath and Marshall",+1-065-797-9390x82682,leahhorn@frye.com
594,Alisha,Fitzgerald,Brewer Inc,667.810.3440x87753,lukelove@le.com
595,Martha,Benitez,Downs PLC,(175)561-9591,valerieforbes@soto.com
596,Dakota,Daugherty,Baird and Sons,001-390-044-6327x0751,davidmcconnell@wood.info
597,Breanna,Riley,Everett LLC,198-358-3768,parkstraci@dunlap.org
598,Sheena,Graham,Flynn-Adams,(961)012-7524x2809,earl40@pierce-owens.info
599,Eileen,Mcbride,Holmes-Collier,(053)653-2276,betty39@edwards.com
600,Melinda,Neal,Spears LLC,776.129.9821,zacharycoleman@walsh-johnston.com
601,Kathleen,Middleton,Mcdaniel and Sons,(797)881-0287,danielwyatt@shannon.info
602,Kyle,Hutchinson,"Gould, Sloan and Schneider",001-635-555-5708x679,xjensen@stokes.info
603,Loretta,Haas,Carter-Hurst,879-463-5649x211,lovemelissa@baldwin.com
604,Kristy,Finley,"Garner, Lozano and Rodgers",732-075-1225,nsloan@li-moody.com
605,Charles,Goodwin,"Arnold, Krause and Davenport",(006)451-0772,dorothyfuentes@rosario-shields.com
606,Sheena,Ferguson,"Mcdonald, Skinner and Ritter",879-835-2945,jacksonshannon@cantrell.net
607,Isabella,Rosario,Giles-Fischer,992.000.5140x36403,ekidd@lopez.com
608,Elizabeth,Casey,Ochoa Ltd,+1-201-703-4225x834,lutzkrista@boyd-braun.com
609,Sydney,Davidson,"Mendez, Whitney and Mooney",736.279.3232x66035,hatfieldcynthia@calhoun.info
610,Sarah,Eaton,Pearson PLC,+1-867-131-9171x0923,kelly45@walls.com
611,Veronica,Conley,"Jackson, Davis and Potts",(802)825-7221x09743,douglas36@white-oconnor.com
612,Eddie,Lester,"Barton, Ferrell and Cain",270.539.8417x009,kenneth15@simon.info
613,Carlos,Palmer,"Bryant, Oneal and Aguirre",(905)200-1445x2507,stephanie99@pope.com
614,Brandy,Forbes,Hebert Inc,001-913-847-8894,alexstone@tapia-fuller.com
615,Kelsey,Dunn,"Trujillo, Castillo and Hudson",(477)977-1002,ujennings@downs.net
616,Jimmy,Wade,Ellison-Bailey,255.260.6606x343,dawn23@watts-cohen.net
617,Janet,Mccann,Rios Group,1309088872,mdominguez@nolan.com
618,Allen,George,"Wall, Armstrong and Schneider",077.633.7738,richardparks@anderson.com
619,Gregory,Guerra,Torres-Stout,932-280-2137x46105,jdavila@frey-rush.com
620,Johnathan,Mcmillan,Singleton-Patterson,001-556-002-7345x7021,ravencollins@hoover.org
621,Molly,Barr,"Cameron, Munoz and Rogers",407.938.5239,raven50@zavala-shepherd.com
622,Bill,Dunlap,"Hoffman, Mccarty and Mcmillan",098.661.3555x48646,nicholsjared@odonnell-weaver.com
623,Jill,Saunders,Haney-Lutz,+1-791-579-4498x189,riveraleah@caldwell.com
624,Angela,Riggs,Fischer-Prince,001-626-655-4132x76016,dillon73@frey-sawyer.com
625,Harold,Herring,Kent PLC,531-748-7528,lawsonkirk@le.com
626,Barry,Small,Villegas-Graves,659-779-5724,kgarner@wyatt-ewing.com
627,Jeffrey,Holder,Hoffman Inc,(619)340-6315x42657,misty67@guzman.com
628,Katrina,Stanley,"Mccullough, Stanley and Sloan",001-259-822-8869,melissahunt@andrews-wiley.biz
629,Kim,Salazar,"Haynes, Pratt and Gentry",059-697-6975x7980,fitzpatrickdalton@eaton.org
630,Kiara,Odonnell,Thornton PLC,+1-627-643-7168x1930,collinrice@ray.com
631,Robin,Solomon,Wolfe Group,575.764.7845,mitchell75@leach.com
632,Sheri,Gilmore,Blackwell and Sons,877.066.7793x045,robinhopkins@farmer.org
633,Jake,Bush,Bender-Ortiz,406.575.7959x15274,haydenlucas@aguilar-melendez.biz
634,Nicole,Hart,"Mayo, Goodman and Allen",218-046-1566,zchapman@villarreal.com
635,Alex,Bryan,Zamora-Burke,776.951.1191,harperrichard@levy-fields.com
636,Charles,Bartlett,Hull-Reese,352.231.2266,dwaynewarner@graves.com
637,Pedro,Wall,Liu Inc,+1-914-025-5842x9906,debbiedodson@cervantes.net
638,Travis,Arroyo,Huber Group,+1-742-100-1432x104,terrencevaughn@morgan-phillips.com
639,Grace,Choi,"Porter, Oconnell and Tanner",464.499.0025x11502,priceeduardo@benson.net
640,Alan,Villegas,"Alvarado, Kaufman and Lamb",+1-249-979-3562x95692,uwebb@carroll.com
641,Wendy,Kline,"Parks, Bonilla and Wright",439-686-6897x955,luisnorman@clay-reilly.org
642,Belinda,Oneill,"Hobbs, Juarez and Murphy",873.185.2174x965,imarsh@hendricks.org
643,Ebony,Gonzales,Duarte-Wong,355-373-1819x6860,qbrock@patrick.biz
644,Mary,Morris,"Barton, Singleton and Castillo",070.130.4264,holderevelyn@dunn-tucker.com
645,Tabitha,Terry,Li-Ballard,001-312-600-4378x8114,valerie54@cabrera-leach.org
646,Jeff,Ellison,"Odom, Valentine and Costa",283.164.2717,roy81@townsend.info
647,Philip,Ortega,Wiggins PLC,(315)270-9384x011,conniefowler@bryant-valencia.com
648,Chase,Hunter,"Shaffer, Best and Norton",001-250-858-7733x81470,judy72@fisher-morris.com
649,Tammy,Mcknight,Pena LLC,(817)107-0251x8124,austinrobin@hodges.com
650,Marco,Brandt,"Leblanc, Brown and Downs",(371)221-0584x58346,ebeck@macdonald.net
651,Jonathon,Rojas,Reynolds-Montgomery,001-357-247-1139x7480,wayneoconnell@carson-sweeney.net
652,Ronnie,Burton,Manning-Clarke,001-541-532-9393x7314,misty35@oconnell.com
653,Mario,Moss,Johns-Hernandez,8333903082,chad90@cabrera.biz
654,Tony,Mullen,Watkins PLC,+1-062-007-4581x885,kristineholder@aguilar-solomon.net
655,Cory,Hill,Shields-Goodman,776.162.9236x1407,sethstuart@wheeler.com
656,Eric,Hale,"Benjamin, Huang and Dillon",395-186-0530,kristigardner@knight.net
657,Norman,Schneider,Moses Inc,652.477.9030,ymontoya@key.com
658,Shelley,Ball,Kent and Sons,(385)952-1855,harry93@barber-lambert.org
659,Carol,Neal,"Daniels, Mcdonald and Zhang",220.236.4003x99597,rickygamble@may.com
660,Ralph,Singh,Ramos-Alvarado,001-659-763-3705x650,scook@gill.com
661,Gabriel,Day,Mccarty PLC,(661)314-0847,tamiwilkerson@schneider-howard.com
662,Miguel,Huynh,Spence Ltd,985.518.5456,ahurley@lester.com
663,Andres,Nash,Baldwin PLC,1787227957,jon73@glenn.info
664,Cynthia,Herman,Huang Group,934-739-6304,weaversteven@morse-yoder.com
665,Monica,Richards,Howe Inc,068.340.0475x5997,frenchdominic@adams.org
666,Nicole,Fritz,Foley LLC,110-554-6518,willie68@odom.com
667,Linda,Braun,Stanton Group,606-527-2381x3538,brightlonnie@kirby.com
668,Wayne,Holmes,Walsh-Conrad,(057)887-9224,ricky92@harvey.com
669,Vincent,Barber,"Burnett, Sullivan and Salazar",001-581-206-0504x3376,alyssagraham@singh.net
670,Sue,Rosario,"Lynn, Ferrell and Arellano",184.098.0261x25985,angie33@anderson-huber.com
671,Jasmin,Benton,"Spencer, Booth and Kane",(052)845-7120x6249,leahashley@mahoney.com
672,Seth,Hunt,Howell-Prince,+1-618-897-2375x83280,jacob87@combs.net
673,Erika,Hayes,"Cordova, Gates and Acevedo",367-664-4769x9987,robin62@mcknight.com
674,Tommy,Hickman,"Osborn, Norman and Manning",-6015,evanwatkins@castro.biz
675,Cristina,Barrett,"Contreras, Leblanc and Estes",-2696,jermainebryant@kline.com
676,Adriana,Marsh,"Mckee, Rios and Boone",+1-699-848-8227x979,fryconnie@andersen.com
677,Dillon,Soto,"Avery, Torres and Arellano",-4761,diane91@rocha.net
678,Stacie,Turner,Carrillo-Lynch,001-024-760-6772x416,daltonevans@keller.info
679,Tami,Atkinson,Bond-Johnson,001-775-825-1664x60749,lwolf@black.biz
680,Kylie,Sellers,Frost-Moreno,807147436,mcfarlandbilly@ford.biz
681,Cathy,Ritter,Brock-Elliott,797.207.6965x261,omullins@vasquez.com
682,Albert,Cameron,"Bailey, Morse and Butler",486.834.0597x5760,teresa89@rivera.com
683,Alexandra,Neal,"Todd, Moran and Garrison",993-968-2676,schmittautumn@glenn.com
684,Jared,Gibbs,Whitaker PLC,001-643-754-2204,benderangie@cooley.net
685,Preston,Hurley,Blevins and Sons,037-667-3344x270,walkerbob@burton.com
686,Howard,Horn,Forbes Ltd,044-492-0912,williambridges@phillips.com
687,Brady,Rice,"Butler, Mora and Mcdowell",001-724-141-7988x582,sbonilla@potts-fitzpatrick.net
688,Grace,Ochoa,"Manning, Dudley and Kelly",597.782.0127x246,connorsharp@lynn.net
689,Jody,Thomas,Tran-Bray,+1-387-268-5336x2290,savannahlee@cabrera-kaiser.biz
690,Patricia,Myers,Owen Group,(788)706-4539x77554,penakari@estes.com
691,Eugene,Petersen,"Mills, Velazquez and Hendricks",+1-803-155-3362x4002,debrabeard@stein.com
692,Shane,Tanner,Fernandez-Williams,001-054-114-1094x99693,jermaineoneal@burke.org
693,Stephen,Copeland,"Khan, Rhodes and Vazquez",001-938-899-0481,pbullock@mcmillan.com
694,Mikayla,Meyers,"Dodson, Stark and Kemp",+1-254-998-7082x70063,contrerasalice@higgins.biz
695,Latasha,Arnold,Keith Inc,172.345.7181x51172,bernardmelinda@huerta.biz
696,Stephanie,Mcknight,Fisher-Villanueva,5932096162,ravengriffith@hess-walker.org
697,Zachary,Tran,"Shepherd, Greer and Murphy",831.331.8338x3219,lstrong@aguirre.org
698,Clifford,Pittman,"Griffin, Horn and Lin",(478)680-5605,chase45@woodward.org
699,Lucas,Bradshaw,Krueger and Sons,001-719-480-7522x88708,tammypennington@skinner-whitehead.biz
700,Max,Blair,"Lucas, Walsh and Mercer",913948757,gmcgrath@mercer.com
701,Alexa,Simmons,Wilkinson Group,124.445.8486x9036,aimee57@dunlap.org
702,Angel,Moran,"Campos, Werner and Galvan",935-841-0999,tylerbeth@murray-young.info
703,Norman,Spence,"Hines, Warner and Sexton",(182)452-1406,beasleymallory@daniels.com
704,Shaun,Bridges,"Atkins, Daniel and Hendricks",1846579695,robin51@lozano.com
705,Kyle,Solomon,Cobb-Rodgers,(625)155-0742x89208,riosclarence@walton.info
706,Hunter,Gibson,"Landry, Gay and Reese",540.306.2855x158,jose08@valdez-friedman.com
707,Peter,Vargas,"Fischer, Gonzales and Vasquez",886.228.7626,schaefertabitha@reynolds-curry.com
708,Collin,Brandt,Cain and Sons,(693)532-0778x036,fconley@orozco-rasmussen.com
709,Jasmine,Lutz,Boyd Group,+1-124-988-9229x4595,kevin30@ferguson.com
710,Darrell,Mcneil,Hubbard LLC,820-265-6563x42062,yangrebekah@obrien.info
711,Loretta,Ashley,"Graves, Mayo and Fernandez",5567187558,sweeneyjim@murillo-braun.com
712,Diamond,Kerr,Bishop LLC,481-129-4219x216,albertshields@walters.info
713,Jackie,Whitaker,Christian PLC,828.391.9202,xgalloway@young-singleton.com
714,Mary,Harrison,"Cunningham, Harrison and Collins",905.198.6186x539,ahancock@buck.info
715,Diana,Hancock,Atkinson and Sons,(618)529-4722x65981,bmosley@ferguson.net
716,Dillon,Dominguez,"Mcintyre, Petty and Grant",+1-095-183-1777x4445,tsparks@levine.com
717,Nina,Logan,"Zuniga, Callahan and Harmon",+1-603-786-5143x21164,heidi78@parsons.com
718,Chris,Pena,Quinn and Sons,3563428406,pvilla@sullivan-clements.com
719,Matthew,Valdez,Garrison-Larson,198-844-7879x2559,destiny53@rivera-davenport.com
720,Colleen,Escobar,"Hensley, Bryant and Chambers",(466)402-8912,elijahhuerta@fletcher.com
721,Ralph,Ballard,Walter-Reid,001-394-648-5035,humphreylorraine@eaton-mcintyre.net
722,Joy,Shields,"Jennings, Reyes and Solis",(312)708-9026,weberlucas@gallagher.com
723,Brandi,Logan,Fitzpatrick Inc,338.902.4765,manningmallory@bartlett-dean.com
724,Carlos,Strong,Lam-Ball,782-573-1710,qhudson@wilkinson-rivers.com
725,Patty,Dunn,"Mcdaniel, Barrett and Bond",001-534-271-5631,qbullock@pollard.com
726,Terri,Acosta,"Mclaughlin, Villa and Berry",940.651.9655x73834,christopher68@cruz.com
727,Roberto,Tran,"Wall, George and Villa",(134)787-5481x36759,jasonmiranda@baird.com
728,Jaime,Wu,Eaton and Sons,+1-928-064-3005x39854,luceroivan@mcdowell-macias.biz
729,Crystal,Sullivan,"Andrade, Knox and Patterson",(370)768-2554x17197,mosshaley@benjamin.com
730,Javier,Levy,Underwood and Sons,+1-023-939-7348x03518,luis75@lucas-price.com
731,Rachael,Gentry,"Bradshaw, Cooley and Martinez",820-110-7293x8051,jle@ewing.org
732,Joyce,Franklin,Webb-Cameron,808-406-0457x07254,marciapugh@gilmore-fischer.com
733,Yesenia,Kramer,Barrett-Huber,616.611.2079,tlogan@mooney.com
734,Sandra,Woodard,Cortez Group,001-773-160-9844x2974,boylepatrick@knox.net
735,Roberta,Davila,"Vaughn, Irwin and Barber",(396)522-2624,haasneil@mccormick.org
736,Jocelyn,Holmes,Fleming Group,001-400-411-6114x297,martha80@oconnell.net
737,Mason,Galvan,Kane Inc,(095)632-8881x142,noahbeasley@barker-bradshaw.com
738,Gabriella,Herrera,Cervantes-Pineda,382.298.6860x996,yhart@sanders.com
739,Joy,Doyle,Munoz-Barrera,4114446284,valerie26@luna-mccarty.com
740,Jeffery,Snow,"Leach, Lam and Medina",001-549-566-5006,wcervantes@barron.info
741,Danielle,Brooks,Sanchez PLC,001-283-494-8806x7866,brandonbeck@acevedo-ellison.com
742,Catherine,Willis,Pruitt-Howe,009-638-0514,herringmelvin@little.org
743,Frank,Orr,"Gould, Gonzalez and Ryan",(973)716-6676x05840,rhondamcintosh@sweeney.biz
744,Mathew,Houston,"Carlson, Snyder and Buchanan",783-257-4413,pattyhawkins@hooper.biz
745,Lacey,Hall,Stephenson-Moss,001-959-410-3486x24290,sydneyzavala@armstrong-bush.com
746,Tabitha,Fowler,"Perkins, Hale and Sellers",867.358.8227x7535,frank82@casey.com
747,Betty,Soto,Roberson PLC,3719042212,lcooper@ball-pittman.org
748,Dwayne,Kim,"Norton, Moore and Mcbride",531-731-8611x6135,maciasjoe@cohen.org
749,Sydney,Potts,Le LLC,-3006,carpenterterri@singleton-herring.com
750,Roy,Solis,Houston PLC,+1-174-537-7539x484,glen37@kaiser-walter.com
751,Ariel,Hunter,Mcknight-Mcclain,001-643-223-7649,herbert74@ramirez-reynolds.com
752,Nathaniel,Elliott,Rubio Group,456-411-6731x91761,prestonchambers@higgins.com
753,Anna,Hickman,Bright Group,203.900.1001,rebeccamarks@dunlap-bates.com
754,Mikayla,Harrison,Jimenez LLC,(461)680-4709,desiree14@huang.com
755,Caroline,Lamb,Shannon PLC,(398)273-3053x049,hnunez@alexander.com
756,Isabel,Reyes,Stafford-Peterson,401-855-5053,brandi34@barry.com
757,Chase,Byrd,"Rocha, Ward and Phelps",986-028-5154x91831,kelly51@andersen.com
758,Randy,Macdonald,Hester-Payne,(363)773-4869x367,sclay@salazar-rocha.net
759,Lee,Copeland,Lin Group,(370)296-8689,ugibbs@haney.com
760,Mathew,Lucero,Stein-Cantrell,(342)227-1331x853,nataliemora@acosta.info
761,Jean,Melton,Ortiz-Hansen,001-248-294-1601x96152,chambersaimee@carpenter-villegas.net
762,Cory,Dean,"Murray, Gomez and Mann",+1-218-710-7009x26304,franceslindsey@booker.com
763,Lisa,Kane,"Stein, Small and Sparks",(137)599-3618,kathy76@hodge-peck.biz
764,Collin,Sanford,"Key, Obrien and York",607.070.7192,calvindiaz@snow.com
765,Wanda,Baldwin,"Hebert, Sloan and Barker",001-282-356-1493x86131,freemangavin@maynard.info
766,Dan,Barber,Mathis and Sons,001-710-173-9658,fgillespie@bird.com
767,Francisco,Mccall,"Ortiz, Shepherd and Nunez",027-564-3465,kaitlin92@delgado.com
768,Isabella,Brock,Franklin-Porter,(718)742-3785x1270,hodgelisa@boyle.com
769,Luke,Pruitt,"Cochran, Humphrey and Phillips",889-450-1654x191,slevy@clayton.com
770,Kendra,Richards,"Valenzuela, Marks and Carr",(517)200-4749,douglas18@ewing-fuller.com
771,Beverly,Mooney,"Adkins, Gomez and Rocha",(294)548-6584,gabriellavillegas@hines.com
772,Seth,Perez,"Watts, Murphy and Montes",(399)581-8897x549,bill33@beard-rice.com
773,Jessica,Leblanc,"Ritter, Buchanan and Solomon",(772)557-3024,gilbert74@castro.com
774,Crystal,Wilkinson,Buck-Good,040.967.3830x85094,nathaniel99@rubio.info
775,Sandra,Maddox,Everett-Ferrell,727.973.4919,fred20@frederick.com
776,Jenny,Rosales,"Shah, Alvarado and Werner",568-138-4467x860,csalazar@willis.com
777,Gabriella,Hutchinson,Trevino-Hawkins,7219771564,albertfoley@cameron-osborne.com
778,Ebony,Stein,Marshall-Terry,(362)839-7020,richardsonsara@rowe-kramer.com
779,Calvin,Meyer,Fernandez-Herrera,529-591-0931,morrisonyvonne@gallegos-carter.com
780,Cristina,Harrington,Sanders-Robinson,-4336,noblejeffrey@frank.com
781,Annette,Allison,Weeks-Mathis,784.843.4536x352,sheenalevy@barber-mclaughlin.org
782,Johnny,Maddox,"Richard, Gomez and Carlson",000.513.1822x923,cfinley@estrada.com
783,Adrienne,Bowers,Leonard-David,194-635-7007,davidkatrina@rose.com
784,Evan,Benjamin,Rich and Sons,+1-995-672-5779x921,lkerr@gibson.biz
785,Lonnie,Cisneros,Parrish LLC,(648)763-8915,qpham@cabrera-foley.com
786,Johnathan,Gibson,Osborne-Hebert,783.988.4035x513,edwardlawson@hester.com
787,Samuel,Stanton,"Gallagher, Hart and Pugh",+1-490-741-9823x487,kiarasawyer@boyle.info
788,Peggy,Cuevas,"Potts, Gay and Cooper",1281190354,alexandraolson@serrano.com
789,Veronica,Griffin,Moreno and Sons,2441427940,esantos@case.com
790,Xavier,May,"Oconnor, Owens and Valdez",-3767,beckglenda@gamble-mccann.com
791,Catherine,Schmitt,Cherry-Nunez,+1-793-441-4448x348,nhood@hendrix-petty.com
792,Monica,Alvarado,Woodard and Sons,(157)835-9400x5112,gabrielle26@kent.org
793,Jesse,Travis,Horne PLC,353.754.8046x40253,sedwards@faulkner.biz
794,Charles,Bradshaw,Mcdowell PLC,(383)738-7485,avasquez@kidd.net
795,Tracey,Costa,Harmon-Graves,611-021-3027x21053,qrandolph@poole.com
796,Haley,Kramer,Mercado-Cortez,551-097-8664x9891,mike65@faulkner-ware.com
797,Maureen,Conway,Garrett Group,001-866-681-8084x140,krausewillie@randall-mcneil.com
798,Angelica,Fitzgerald,"Boyer, Flowers and Greer",001-714-709-4788x5509,pvazquez@hensley.com
799,Melissa,Hahn,Randolph Group,895604091,hnorris@benton.com
800,Daisy,Boyd,"Aguilar, Russell and Chan",525-632-8904,nunezkristi@yoder-chang.com
801,Daryl,Reid,Winters-Sandoval,3105048938,markcamacho@hooper.com
802,Claire,David,Herring-Mitchell,(690)732-2285,allisonbush@mccormick.net
803,Veronica,Vaughan,Delacruz PLC,797-709-8108x9837,brownnancy@mullen.com
804,Reginald,Cannon,Church-Haley,+1-814-338-1814x59808,ginaweber@grant-lin.org
805,Grace,Forbes,Orr-Zuniga,936.440.9216x1152,wstanley@serrano.org
806,Bryce,English,Romero-Greene,370-227-5987,pinedagerald@navarro-richard.org
807,Kristin,Mcconnell,Mack Group,192.399.2330x25224,woodmaria@bryan.org
808,Samuel,Pearson,Gilmore PLC,765.438.5423x7454,blackwelldarlene@dillon-hopkins.com
809,Perry,Trevino,"Burton, Salas and Flynn",2478712584,sphelps@cortez.info
810,Devin,Glass,Foster-Howard,(138)220-9880x6075,tayloranthony@smith.org
811,Kristine,Stevenson,"Mullen, Davila and Levy",(704)514-8614x489,vdavila@villegas-kline.com
812,Stacie,Romero,"Moss, Elliott and Carter",001-131-330-7009x10351,mcclaintyler@clark-hendrix.com
813,Marilyn,Mcclure,Reynolds-Glover,001-506-531-6504x81312,burkemaxwell@may-poole.com
814,Yvette,Middleton,"Phillips, Tapia and Haney",(102)414-0681,thomashebert@bradford.com
815,Terrence,Hunter,Vaughan Ltd,490.304.4749x3318,herbert99@simpson.com
816,Wendy,Moreno,"Shea, Watson and Morse",623.354.3173x3638,nduran@rich.com
817,Clayton,Winters,"Hendrix, Archer and Zuniga",(208)054-6665x5649,xmcknight@mcmahon.info
818,Terry,Bolton,Morrow-Bond,(403)070-7427x51629,bdavidson@payne-conley.com
819,Stacy,Mcintyre,Goodwin and Sons,001-432-571-6345,ivan79@rollins.org
820,Dustin,Wilkinson,Williamson-Robbins,827.791.5217x3994,tandersen@murillo.com
821,Barbara,Mayo,Nixon Group,596.996.9057x743,kevin88@simon.com
822,Tony,Giles,Mosley Group,438-425-2782,ogriffin@solis.com
823,Neil,Hodges,Parker LLC,(222)367-9117x6860,codywu@petty.org
824,Doris,Werner,Spencer-Floyd,+1-545-779-6923x214,jordanwarren@stafford-garza.com
825,Olivia,Pacheco,Stone LLC,589.693.6782x9571,theresa81@willis.com
826,Bryan,Richards,Lynn LLC,+1-807-608-7348x652,janetbecker@mooney.com
827,Megan,Velez,Stein-Finley,+1-826-260-3637x80991,carmen33@cervantes.org
828,Jill,Price,"Farmer, Mccormick and Stokes",(437)042-6205x5517,mollyfaulkner@nielsen.biz
829,Jacqueline,Beltran,Morales-Kidd,825.269.7428x56605,ustafford@rush-barr.com
830,David,Sawyer,Swanson-Hatfield,417685257,tabitha63@cline.com
831,Jillian,Silva,Hines LLC,9363852488,jcombs@simpson.biz
832,Glenn,Rowe,Daugherty-Dudley,+1-250-307-9044x82917,mckinneyemma@jensen-villa.info
833,Marie,Hancock,"Huber, Beasley and Mcintyre",(270)294-5088x53835,youngstacey@gillespie.com
834,Jennifer,Booker,"Hopkins, Frederick and Wall",342-905-6732,ronnie20@sharp-foley.com
835,Latoya,Floyd,Buchanan-Cervantes,(892)350-5679,apotts@dalton-reese.com
836,Toni,Strong,Marquez LLC,371.095.6717,mauricemosley@harvey-li.com
837,Savannah,Miller,Hurst and Sons,789-182-3093x002,ronniepatton@ashley.com
838,Shelby,Huynh,"Banks, Wright and Montgomery",(449)603-6483x775,meghan36@aguirre.com
839,Roy,Boone,"Mahoney, Gardner and Mack",3017383936,masoncarl@potts.com
840,Bruce,Marquez,Walker-Best,(190)697-4919,hguerra@blake.org
841,William,Lindsey,Faulkner Group,(269)196-8907,jodifigueroa@rosario.net
842,Carla,Mckenzie,"Osborne, Ewing and Bautista",156-605-4867x281,andrea07@barton.biz
843,Marvin,Stephens,Blackburn-May,974.715.9054x1369,marissa69@deleon-ware.com
844,Gregory,Tucker,Carlson-Reed,658.882.4954x04998,mckenzie11@anthony.com
845,Shannon,Choi,Diaz LLC,1052080206,ajohnson@howard.biz
846,Tammie,Reyes,"Holloway, Hubbard and Whitehead",8056180713,cassandra17@alvarado.com
847,Margaret,Norton,"Blackwell, Marshall and Summers",521-727-6174x36953,ucoffey@hoffman-russo.biz
848,Larry,Arnold,"Monroe, Nichols and Johnston",-3788,gailmcclure@rich.biz
849,Tommy,Mckay,Hendrix-Lin,(352)569-8658x959,valdezchristie@farrell.com
850,Richard,Hampton,"Campos, Wright and Sullivan",232-489-9962x02110,abigail39@king.com
851,Latoya,Todd,Robinson and Sons,+1-821-039-9671x09685,abooker@hamilton.com
852,Cristina,Phelps,Bridges-Barnett,390-299-6226x19930,alexlittle@boyd.net
853,Joel,Lin,"Hinton, Roth and Rosales",001-667-565-4569x424,kerryobrien@wood.org
854,Richard,Ross,Roman Group,068.329.3707,dorothy96@howard.com
855,Judy,Rogers,Meyers and Sons,(181)997-7317,vernon50@dennis.biz
856,Bianca,Campos,"Herman, Hanson and Contreras",+1-572-022-2471x11856,farleyariana@rivers-norman.com
857,Brandy,Barr,Stafford LLC,971.249.1728,steven08@pineda.org
858,Audrey,Frederick,Moody Inc,845-687-0055x8211,ebarajas@flores.com
859,Cheryl,Chandler,"Ross, Ponce and Mueller",001-265-171-6660,chelseadawson@banks.biz
860,Roy,Frye,Griffith-Beck,222-447-4236,kelli07@kramer.info
861,Madison,Dixon,"Reyes, Mcconnell and Hamilton",2813885005,william98@barr-pearson.com
862,Gregg,Golden,"Stark, Pace and Fernandez",+1-898-361-3070x329,eugene22@lamb-thomas.com
863,Kristen,Kennedy,"Hudson, Lamb and Daugherty",001-769-991-7267x5515,harringtonlatoya@acevedo.com
864,Angelica,Drake,"Washington, Ho and Schaefer",(794)712-2326,haysdustin@farmer.com
865,Francis,Collier,Mccullough-Buchanan,952-724-9134x8369,chadmckay@daniels.com
866,Johnathan,Ramos,Raymond-Briggs,+1-538-403-4687x0089,jmorton@huff.com
867,Courtney,Vaughan,Richards-Horton,001-566-450-4246x7844,gailhughes@ball.net
868,Carl,White,Michael-Owens,656.753.8857,kristina61@lopez-chavez.com
869,Troy,Barrera,Ball-Marquez,475.665.6799x063,kenneth03@mitchell-burns.com
870,Carly,Goodman,"Gomez, Chapman and Villarreal",110-760-4208x740,holly09@burke.com
871,Jaclyn,Bartlett,Mitchell PLC,001-280-762-0724x253,floyddawn@shields.org
872,Chad,Summers,"Weeks, Krause and Webb",001-489-982-4461x518,marcomendez@turner.com
873,Daryl,Bernard,Mccarty LLC,-4425,pbrandt@malone.com
874,Jonathon,Rasmussen,"Chambers, Carrillo and Fernandez",001-693-143-6980x097,karmstrong@cline.com
875,Becky,Obrien,"Dunlap, Page and Duke",256.124.9882,wileygordon@salinas.com
876,Carla,Skinner,Randolph-Bernard,(238)298-3838x6469,villegascolton@woodward-stone.com
877,Kirsten,Cain,Pruitt Ltd,322.352.7217x835,hannajustin@jacobs.com
878,Tonya,Valencia,Howe Inc,238.577.7297,pcervantes@castro.com
879,Meagan,Johnston,"Castro, Bowman and Santana",005.127.7902,yatesjoann@wilcox.com
880,Gordon,Cobb,"Santos, Hurley and Mercer",146-445-4536,wzavala@lang.com
881,Hailey,Spears,Wiggins-Farrell,557-820-3498x34281,tristan68@bates-norris.biz
882,Harry,Ingram,"Buckley, Joyce and Holland",001-684-626-6043x8595,cynthiawalls@ray-buckley.com
883,Kelli,Brock,Harrell-Salas,(702)481-0346,qwiggins@pope.com
884,Jodi,Madden,"Pena, Cox and Rogers",045-510-3887,aaronharrington@anderson.com
885,Darrell,Alvarado,"Dickerson, Guerra and Wyatt",(552)907-4300x61041,fdurham@christian.com
886,Joyce,Salas,"Sutton, Harrington and Hodge",535.459.2911x5791,jose29@alvarez.com
887,Earl,Wells,"Guerrero, Hinton and Nicholson",804.524.5403x52164,valdezshelley@jarvis-buchanan.info
888,Wesley,Duncan,"Skinner, Ware and Robbins",001-841-797-3047x150,astewart@gibbs.net
889,Sydney,Singh,Maxwell Inc,009-677-5689x250,dominique06@raymond.biz
890,Summer,Myers,"Massey, Sherman and Mckinney",453.702.0051,dylan60@wilkerson.com
891,Cassidy,Gibson,Pearson-Watkins,648.930.7549,lawrence67@french.com
892,Erin,Mora,Singh PLC,(838)235-2113,leslie18@farmer.info
893,Emma,Charles,Werner PLC,+1-018-030-6432x384,mercedes68@martin.biz
894,Sheryl,Pace,Taylor LLC,+1-204-212-6133x895,xpetersen@mcgrath.com
895,Summer,Zamora,"Sullivan, Blake and Rivera",(886)335-2909,anna80@george.biz
896,Jaime,Williamson,"Warren, Palmer and Walter",942.896.0798x321,yvonneford@shields.com
897,Caitlin,Mahoney,"Fox, Charles and Robles",001-224-397-3124,rebeccakirk@meza.net
898,Preston,Rodriguez,Cantrell Group,(360)745-6810,brandyholloway@padilla.com
899,Audrey,Skinner,"Gentry, Heath and Woodard",539.604.6308,uthornton@winters.com
900,Miranda,Callahan,"Pope, Adkins and Randolph",623-353-5668,pmccullough@allison.com
901,Gavin,Frank,Gonzales PLC,001-334-516-2123,nicole05@heath.info
902,Alexander,Bowen,"Mccoy, Rosario and Sweeney",374.236.9373,candice02@mccall.com
903,Jeremy,Becker,Crosby Ltd,+1-292-601-0899x77533,kruegerrussell@collins-mcguire.biz
904,Caroline,Rangel,"Vance, Bell and Petty",979-721-9453,joseph58@mora.com
905,Taylor,Sheppard,"Moss, Schaefer and Wood",001-516-304-1235,bethanymccann@townsend-huerta.com
906,Stacy,Wright,Mcmillan Ltd,(298)415-3714x8433,brittany22@blake.org
907,Joan,West,Shelton PLC,001-243-432-3594x39053,gavin52@mcclain.biz
908,Zoe,Walls,"Guerra, Reese and Banks",531.363.4341,boylerenee@cruz.com
909,Betty,Crane,"Stone, Peters and Petersen",452-010-6155x74965,linda70@shepherd.net
910,Tabitha,Thompson,Summers-Shepherd,001-954-940-7698x6306,carlyadams@chapman.net
911,Seth,Zimmerman,Nelson LLC,(564)150-8579x29836,rmontes@payne.com
912,Nicole,Parker,Whitehead-Carpenter,+1-235-384-5758x13467,eproctor@cain-osborn.org
913,Kristina,Bass,Zavala-Leon,001-885-323-1323,kpotts@williams.com
914,Vanessa,Terrell,"Johns, Clark and Vasquez",827-245-6665x985,bsims@huber.info
915,Mercedes,Cochran,"Sanders, Savage and Aguirre",008.420.1914,claudia30@lewis-hart.info
916,Jody,Patrick,Beasley-David,5037307967,bretthopkins@cooper.info
917,Cynthia,Richard,Wiley Ltd,001-977-182-1919x1034,darylnorton@hurst-greer.com
918,Maria,Robertson,Zimmerman Ltd,697-591-1231x62667,snowsheryl@eaton-foster.com
919,Marcus,Petty,Guerrero and Sons,+1-880-702-9167x002,holdenraven@carpenter.com
920,Pamela,Mckee,Barr-Brennan,(871)449-1034,idennis@acosta.com
921,Brady,Shields,"Petersen, Bell and Parrish",(501)878-1407,mercedes31@clayton-everett.com
922,Kaylee,Gonzales,Spencer-Calderon,677.051.3328,ukennedy@sexton.com
923,Jason,Solis,Gordon-Smith,(706)024-5066,slucas@bates-davenport.com
924,Audrey,Preston,Savage-Hickman,4257729407,prestonmolina@wise-spears.com
925,Brianna,Cardenas,"Craig, Le and Murillo",(967)772-1193x28330,yjuarez@gross-hines.com
926,Glenda,Jefferson,"Wood, Powers and Lara",623-710-8714x0128,roachdiana@stewart.com
927,Stuart,Ray,Abbott LLC,514-443-4395,scott45@sanford-obrien.org
928,Beth,Chaney,Santos Group,926.656.1870,penningtonpam@wade.com
929,Herbert,Carter,Miles-Baldwin,771.229.2081x42159,alejandro25@russell.com
930,Alfred,Woods,Hull-Ortega,219.942.9216,suzanne36@burton-navarro.com
931,Cole,Todd,Lawrence PLC,761-113-0177x01126,rose46@richardson.com
932,Samantha,Fletcher,Cowan Ltd,621.138.7653x46963,jacobsondorothy@garza.com
933,Chad,Nguyen,Sullivan-Cline,(765)971-5674,glenda75@gay.org
934,Kevin,Cantu,"Bowers, Todd and Hansen",(238)436-6057,miatravis@carney-riddle.com
935,Jose,Estrada,"Lam, Pierce and Thornton",001-986-055-8091,eduardoewing@love-callahan.com
936,Darren,Fuller,"Mccarty, Powers and Blackburn",800-187-0481,sharonwhitaker@marsh-webster.org
937,Derek,Turner,"Branch, Proctor and Zamora",410-732-1199,kirsten02@maynard-dunlap.org
938,Marc,Thompson,"Ali, Leach and Waller",+1-633-227-8786x2438,sgraves@horton.com
939,Cassidy,Mueller,"Wright, Cooper and Branch",1036359279,alisonburch@kim-small.com
940,Troy,Gentry,Fuller-Berger,-7820,mhayes@lester.com
941,Gail,Haynes,Lyons-Wilkerson,839-774-9671x52599,bob22@mendez.com
942,Dorothy,Burgess,Dougherty Group,8130302525,bonniewoodard@moss.org
943,Brett,Houston,May Inc,-10696,jeanette16@smith.com
944,Mikayla,Peters,Long Inc,001-780-084-3924x01666,reginashelton@forbes-gordon.com
945,Bryce,Cox,"Hunter, Aguirre and Clay",795-987-5359x44590,brentchambers@carr-chapman.com
946,Kaylee,Brown,Cisneros-Castro,234-954-9658,zgordon@jarvis.org
947,Rachel,Mills,Carroll LLC,+1-416-039-1617x561,brianaashley@mccoy.info
948,Steve,Moses,Rivers-Velasquez,(194)121-4747x0384,brandy10@deleon-diaz.com
949,Raven,Garrison,Carson-Rios,7220404929,glendamann@hunter.com
950,Johnny,Chapman,Rivas Inc,496-712-6734,shelly22@holland-doyle.net
951,Devon,Ellis,"Wilcox, Sawyer and Walter",(371)254-8019,bjuarez@leon.com
952,Mercedes,Waller,Lane PLC,574-667-9859x851,avelez@garcia.net
953,Marie,Leblanc,Huff and Sons,001-210-355-5380x643,brandy33@larson-blair.com
954,Yolanda,Moses,"May, Black and Cummings",001-402-155-6444x659,lfrazier@diaz-jacobs.org
955,Geoffrey,Compton,"Elliott, Richard and Nash",856.190.1560x87787,cobbronnie@potter.com
956,Scott,Butler,Lucero Ltd,158-083-4914,archermiranda@lynn.com
957,Anita,Alvarado,Fowler-Morrison,965-212-9456,richard43@higgins-harrington.com
958,Victoria,West,"Holden, Mcfarland and Caldwell",(728)693-4921,roymarvin@bright.com
959,Elizabeth,Strickland,Luna-Buck,5218571285,bhouston@hale-walton.info
960,Alison,Riggs,Hall-Blackburn,960.068.4536,duranshawn@bowers.com
961,Laurie,Klein,"Harmon, Orr and Shelton",808-983-7926x498,buckleybrianna@howe-brooks.net
962,Caleb,Foley,"Huynh, Mcgrath and Casey",472.949.3011,cindy99@delgado.info
963,Jasmine,Knapp,Hanson-Sanders,9593526211,marissa88@miles-dickerson.com
964,Bobby,Pham,"Hill, May and Howell",5100635002,whitneyjoan@chen.org
965,Bradley,Torres,Duncan-Navarro,001-639-335-9537x3108,qperry@carey-figueroa.com
966,Nathaniel,Mosley,"Hood, Mcgee and Gibbs",001-628-312-8120x2588,bradfordchad@duarte.com
967,Adrian,Deleon,Galloway and Sons,308-979-6674x159,sstuart@duncan.com
968,Mindy,Rivers,"Mercer, Ware and Bridges",001-432-758-7386,patricksteven@mcintyre.org
969,Renee,Hurley,Lyons Group,001-462-409-3330x678,alvarezjoanna@cochran-peters.com
970,Mackenzie,Lozano,Luna PLC,+1-712-795-0264x968,ysnow@garrison.com
971,Kelli,Stanley,Lester-Burton,-2199,laceyblackburn@novak.com
972,Lorraine,Jordan,Dudley-Ray,(577)491-5862,prestonashley@rush.com
973,Shelly,Rice,Pearson Group,293-102-1402x6775,carolynsilva@ford.org
974,Terrence,Lowery,"Wade, Grant and Gill",(778)493-7726,mandyweiss@carroll-graham.com
975,Cole,Gould,"Dennis, Randall and Pittman",001-660-946-9906x875,ljuarez@schroeder.com
976,Stacie,May,Fields Inc,(484)401-4758,deborah96@ortega-anderson.com
977,Chloe,Santana,Mullen and Sons,398-230-1204x985,eduardo20@diaz.info
978,Mathew,Peterson,Mason Group,974-942-6719,anitaduran@hendricks-flowers.com
979,Mindy,Sutton,"Carey, Clay and Bryan",903.642.6066x5869,averyjeffery@webb.info
980,Maxwell,James,"Figueroa, Osborn and Ray",-5941,danny17@roberts-oneal.com
981,Clifford,Stone,"Stevenson, Becker and Hammond",(879)264-9279,qheath@serrano.info
982,Melanie,Haney,Mcconnell-Serrano,8535423022,walter95@murray.com
983,Jeffrey,Garcia,Mueller-Bridges,001-951-497-2954x4728,jeanne45@lowe-richard.com
984,Denise,Hendricks,"Brady, Schmitt and Baker",032.495.7453x2002,jerome34@keller.com
985,James,Bryan,Johnston-Mcgrath,+1-485-893-7023x22033,deborahcraig@pena.com
986,Earl,Reid,"Singh, Miller and Golden",(304)401-6534,wayne62@jennings-burnett.com
987,Marvin,Fitzgerald,Matthews-Buckley,+1-227-729-5055x928,eperez@thomas-montoya.com
988,Lynn,Booth,Morton-Petty,(111)338-4918,david48@everett.info
989,Janet,Reilly,Skinner and Sons,176-356-0490,vegaconnor@gonzales-watson.com
990,Leonard,Bond,"Holder, Swanson and Mcdowell",001-421-988-2871x350,eroach@sloan.com
991,Catherine,Estrada,Mccarty-Villegas,(700)179-3577,grayisaiah@hobbs.com
992,Darius,Collier,Mullen and Sons,001-114-652-1153,bblack@hancock-haley.com
993,Monica,Ramsey,Rogers Inc,(596)548-0115x457,vazquezkerri@hays.com
994,Ricardo,Hanna,Rich-Jones,657.437.9532,kendrablevins@dominguez-watts.com
995,Barry,Paul,David LLC,(291)508-7938,dylan41@floyd-webster.info
996,Aaron,Boyer,Burnett-Hinton,001-795-383-7996,rivaseric@le.com
997,Elizabeth,Montgomery,Benitez PLC,001-068-514-7902x5706,seanhebert@bryan.com
998,Colton,Galloway,Zhang-Villarreal,001-140-235-0607,marie11@mullins.org
999,Max,Cabrera,Crawford Group,281-447-9609,mikecain@lawrence.biz
1000,Colleen,Serrano,"Hobbs, Chandler and Bennett",373.106.3944x6794,ynielsen@booker-cervantes.com
1001,Holly,Santos,Simmons Inc,4444520518,cameron21@chavez.com
1002,Thomas,Nielsen,Barron-Dickerson,972-236-1317,ewilliams@buckley.net
1003,Kathy,Dougherty,Cherry and Sons,503-427-4245x167,ricardo01@jones.com
1004,Robyn,Burns,Fitzgerald-Dean,(488)442-9817x071,ashlee98@acosta-lyons.com
1005,Morgan,Glass,Everett-Pacheco,(612)511-9220,pvaughan@tate-mccoy.com
1006,Lorraine,Love,"Waller, Yates and Long",6077819924,aimee69@franklin.net
1007,Caleb,Davenport,Bowman-Cruz,9293535586,gabrielle64@winters.org
1008,Jill,Copeland,Hendrix PLC,+1-601-328-1339x32571,whitney44@dillon.biz
1009,Scott,Parrish,Ball PLC,+1-019-049-1108x815,kristina85@forbes-sullivan.com
1010,Kelsey,Colon,Andrade-Sawyer,+1-990-015-4214x4165,oowens@valenzuela.biz
1011,Tristan,Cline,Zavala Inc,(205)680-0792,ypierce@mullen.org
1012,Lindsey,Houston,"Avila, Barton and Weeks",+1-948-118-2481x570,kelly48@cantrell-grimes.com
1013,Caitlin,Hardy,Jennings-Williamson,(820)422-4520,bairdtanner@wilkins-levine.com
1014,Tiffany,Gonzalez,"Jarvis, Garza and Zamora",513-363-5589x576,pbailey@whitaker.info
1015,Janet,Higgins,"Parks, Cardenas and Hodge",+1-250-992-3766x193,isaiahknox@mcgee.com
1016,Gabrielle,Cervantes,Hahn PLC,785-639-7826x576,nashdominic@potts.info
1017,Joyce,Levy,Madden PLC,(830)148-4987x243,bradleyhenderson@huerta-coffey.com
1018,Kevin,Malone,"Sloan, Reese and Hoover",001-936-223-2692,cryan@hinton.net
1019,Tami,Olson,Harper PLC,639-743-0184,lstrickland@wang-reid.com
1020,Jesse,Valencia,George LLC,638.366.7668x78866,gordonmonica@love.com
1021,Rachael,Benitez,Hester Ltd,(694)376-3296x032,mwalls@salinas-robinson.com
1022,Sarah,Munoz,Manning Ltd,376.573.7996,wilsondeanna@fuller-murray.info
1023,Aaron,Ford,"Nelson, Mayo and Perez",578.409.9261x3437,kirk75@cisneros.com
1024,Walter,Braun,Mann-Olson,(664)661-7265x74499,woodardjudith@lee-valenzuela.com
1025,Chelsea,Cuevas,"Chen, Butler and Tapia",+1-073-936-9044x475,bingram@horton-holder.com
1026,Parker,Macdonald,Hammond-Schroeder,-6795,kylie72@payne.com
1027,Ronald,Mccall,Hickman LLC,001-408-803-6483,perrywalters@williamson.com
1028,Amanda,Kramer,Combs-Frost,754.775.5016x24107,laneconnor@daugherty.com
1029,Kathleen,Barrera,Jacobs LLC,317.302.7413x48380,krystalfrye@wise.com
1030,Lorraine,Raymond,"Stout, Oconnell and Church",001-307-756-7996x96932,willieriddle@travis.net
1031,Angie,Lynch,"Foster, Mcintosh and Sandoval",001-041-802-7317x11370,gdavenport@bradshaw-shaffer.biz
1032,Zoe,Pruitt,Simon and Sons,001-094-235-8186x2281,latoya01@avery.biz
1033,Bruce,Steele,"Blanchard, Rice and Bryan",+1-721-722-5408x170,chenderson@hudson.com
1034,Devon,Patrick,"Greene, Garner and Rodriguez",+1-158-841-2874x7590,pauladominguez@baxter-juarez.org
1035,Vanessa,Sweeney,Guerrero PLC,001-592-682-4286,wernerdaisy@raymond-hanna.com
1036,Taylor,Cobb,"Rios, Camacho and Lewis",159.581.2468,walterprince@rivera.org
1037,Selena,Chavez,Rosales-Madden,955-978-9927x252,gbrowning@herrera.net
1038,Desiree,Lara,Hartman-Fletcher,-917,tyrone10@spears.com
1039,Wesley,Adkins,"Hernandez, Miller and Mcgee",458-389-2932x5337,watsonclifford@barton.com
1040,Gloria,Paul,Lyons Group,671.189.1871,icisneros@finley.com
1041,Jordan,Contreras,Dorsey-Merritt,866.727.2664x74196,jane81@vaughn-moses.biz
1042,Sally,Ortiz,Santos PLC,(994)781-4921x11768,jo57@carroll-bruce.com
1043,Paige,Kirby,Dillon Inc,781.713.3486x92732,tracy48@pham-murillo.org
1044,Marie,Durham,Chang-Hart,-5847,ynguyen@ward-arroyo.org
1045,Robert,Mcbride,Wallace Group,296-076-3591,reneestokes@pruitt.com
1046,Kara,Bennett,Swanson-Mahoney,(379)747-9902x4324,kaitlinpeters@pacheco.net
1047,Yvonne,Kramer,"Fleming, Bryan and Pruitt",001-451-673-4313x2831,adrienneescobar@krueger.biz
1048,Darren,Stokes,"Fleming, Krueger and Brady",(685)455-5608x56247,eileenandersen@herring.com
1049,Jose,Daugherty,Williams and Sons,001-331-544-4966x709,rrose@mack.com
1050,Joanne,Banks,Zhang Group,800-257-5986x16556,denise42@holder.com
1051,Garrett,Baird,David LLC,9047667176,lorraine34@burgess.com
1052,Tony,Sanchez,Ruiz-Douglas,-6839,shannoncummings@cisneros.com
1053,Peter,Kennedy,Serrano-Parrish,3109394825,jesus85@spence.com
1054,Bobby,Cummings,"Blair, Norman and Brady",+1-799-399-8365x41508,troyreed@forbes.com
1055,Caitlyn,Love,"Duarte, Duncan and Werner",-2638,henryjordan@gregory.org
1056,Carla,Aguilar,"Lawson, Fields and Colon",-2140,dsolis@ballard.net
1057,Summer,Parker,"Ruiz, Underwood and Guerra",(927)415-6001,arielhuynh@townsend.com
1058,Anne,Owen,Ritter-Chang,613-755-9112x697,mathewsaustin@simmons.net
1059,Rodney,Blanchard,"Bruce, Delacruz and Freeman",904-131-2076,maureen28@gross.biz
1060,Lindsey,Frye,"Vega, Villarreal and Wheeler",425.493.0735,wendy75@newman.org
1061,Jacqueline,Gallegos,Little-Lamb,811-209-8997x308,rojasgabriela@clarke.net
1062,Leonard,Macias,"Nielsen, Macias and Webster",001-776-128-9104,lvasquez@webb.org
1063,Tammy,Oneill,Pope-Mckee,301-747-2921x5938,rickmatthews@bowen.com
1064,Daniel,Shelton,French Inc,760.828.8920x939,collierchad@flowers-brown.com
1065,Betty,Diaz,Rasmussen PLC,663-672-8987x372,sergiobartlett@mcgrath.com
1066,Martin,Lynn,"Gutierrez, Farley and Holden",828.376.7898x331,imccullough@west.info
1067,Dana,Gay,Saunders LLC,677.679.6978,rebekahmays@holden.com
1068,Connor,Black,Riley-Rosario,+1-277-115-8144x13142,grant47@kane-church.com
1069,Johnathan,Holmes,"Bradley, Gentry and Cameron",8180644558,ianbeasley@saunders-rosales.com
1070,Kayla,Michael,Benitez-Marquez,(576)148-3154,tristanaguilar@mccoy-douglas.biz
1071,Victor,Pacheco,Liu Inc,(111)620-4826,ocastaneda@webb.com
1072,Norma,Medina,Marquez-Faulkner,001-298-685-5257x47766,caitlinhubbard@proctor-mullins.com
1073,Frederick,Levy,Mclaughlin PLC,647-387-7923,tinagates@lozano.com
1074,Jean,Barnes,"Ferguson, Suarez and Middleton",001-251-128-2836,leemitchell@nichols.com
1075,Dana,Rowland,Chung-Key,001-492-570-6688x4962,ukidd@dillon.com
1076,Roger,Suarez,Golden and Sons,383.477.6324x7069,pottsmiguel@crosby.com
1077,Jerry,Buck,"Oneal, Forbes and Chavez",328-685-0039x3285,madison73@dennis-ellis.com
1078,Heidi,Mcbride,"Riley, Thompson and Casey",-6672,joannemcdonald@conrad-gutierrez.info
1079,Renee,Lang,Daniel Inc,-5794,clogan@estes.com
1080,Krista,Munoz,"Warner, Sexton and Reynolds",(078)652-1321,anaeaton@vazquez.com
1081,Christine,Powers,Wilkerson-Barron,611-535-5732,cantrellcollin@knapp.info
1082,Lawrence,Barr,Combs-Reeves,001-300-079-0012x014,crosbycaitlyn@sharp.biz
1083,Alexandra,Alvarado,Cuevas-Suarez,435-568-6966,sosalance@huynh.info
1084,Lynn,Browning,"Winters, Cook and Preston",001-115-781-3358,asoto@faulkner-bridges.com
1085,Maria,Oconnell,"Mcbride, Wells and Mooney",235-386-6911,alyssablackburn@mcmillan.com
1086,Charlene,Pena,Carey Ltd,001-754-177-2582,zrivers@norman.net
1087,Samuel,Riggs,Alexander Group,200-285-5550x599,benderrebecca@leon-dodson.com
1088,Devon,Holt,"Espinoza, Wade and Hood",560-913-6288,mirandamcfarland@woodard-kline.com
1089,Cassie,Esparza,Hurley Ltd,(836)106-7704x0781,ekirk@velazquez.com
1090,Ariel,Bautista,"Krause, Small and Rubio",2390592992,carolhernandez@hanson-foley.com
1091,Hannah,Fisher,Horn Ltd,294-949-2014x47890,rhull@hardin.com
1092,Francisco,Lowery,"Olson, Guerra and Odonnell",098.684.4321,vangtaylor@shea.com
1093,Andres,Turner,Bird-Wells,(197)286-2722x178,dariuskeith@barron.org
1094,Ryan,Casey,Jensen-Hamilton,(552)634-6632x4299,cassidy14@russo-stuart.com
1095,Gene,Rubio,"Howe, May and Saunders",(774)026-3725,latkins@jimenez.biz
1096,Kevin,Lucero,"Newton, Trujillo and Wiley",581.057.6836x739,fchurch@baxter-daugherty.com
1097,Alex,Mcclure,Palmer-Aguilar,+1-144-511-6465x667,riceerin@david.org
1098,Stacy,Long,Blankenship Ltd,(126)344-6570x544,baileyhardy@burton-brewer.com
1099,Shelby,Hinton,Wilkinson-Estrada,001-658-468-2974x38149,oconnorivan@robertson.org
1100,Stephen,Rasmussen,Williamson Inc,001-058-442-2449x85855,twarren@wolfe.com
1101,Adriana,Curtis,Stout-Castillo,611-543-7108,glarsen@durham.com
1102,Norma,Hoover,Alvarez and Sons,5837427868,chadwatts@moyer-nash.com
1103,Jacob,Mcbride,Villegas Group,001-082-273-6869x925,ysavage@lee.com
1104,Leroy,Taylor,"Silva, Mclaughlin and Haynes",789-388-3973x5555,rebekahescobar@best.com
1105,Veronica,Figueroa,Donaldson LLC,914.526.4573x5640,dwayne82@sheppard.com
1106,Joan,Bass,Jacobson and Sons,(964)499-1199,isabella68@paul.com
1107,Neil,Farrell,Chavez-Jacobson,820-139-0112x72258,dicksonderek@bowen.com
1108,Joyce,Allen,"Dalton, Massey and Woods",(992)846-6232x92619,ccurtis@ware-kelly.com
1109,Jesse,Dawson,"Cain, Drake and Mora",001-949-830-3478,arielroach@rivera.com
1110,Corey,Cuevas,Blackwell Ltd,001-191-353-7628x2389,carl90@munoz.org
1111,Cristian,Jones,Leblanc Inc,659-553-3924,nkennedy@bullock.com
1112,Claudia,Gilbert,Dawson-Clarke,188-817-7878x4747,comptonalejandra@summers.com
1113,Patty,Humphrey,Sheppard-Chambers,-6047,alexa87@levine-moyer.com
1114,Marc,Ballard,Jefferson-Bray,001-805-140-5254x3237,mcintoshnichole@romero.com
1115,Mark,Hardy,Hendricks-Cline,001-053-359-9856x32971,prestonsmall@poole.com
1116,Sandy,Jennings,"Curry, Peters and Thompson",737.954.1127x6943,poncekerri@mason.net
1117,Holly,Reyes,Lynn-Joyce,(135)011-9753,swansonkristie@alexander.com
1118,Jackson,Mccall,Holloway LLC,940-629-0533x1254,diane27@donaldson.com
1119,Jillian,Serrano,Hall Inc,(107)026-9838,wintersharry@sheppard.org
1120,Tricia,Duran,Bartlett-Hurley,670-876-7637,melodyvalenzuela@mcclain-potts.biz
1121,Oscar,Bush,"Hayden, Woodard and Arnold",-5279,ichang@schmitt.com
1122,Morgan,Flynn,"Vasquez, Bean and Ashley",748.930.8683,opittman@franklin.net
1123,Pedro,Navarro,Downs Ltd,(604)820-0623x253,shieldsmicheal@cameron.com
1124,Kathryn,Andersen,Curtis and Sons,640-161-7829x0030,cball@sanchez.org
1125,Richard,Soto,Diaz-Nunez,001-723-512-6897x7874,angela47@wang-klein.com
1126,Jerome,Horn,Gibson-Shepard,(843)059-8343,hallsusan@nelson-joseph.com
1127,Claire,Browning,Braun and Sons,001-793-114-4619,farleydeanna@richards.net
1128,Phillip,Figueroa,Pham Group,4248643843,jordan52@bauer.com
1129,Andre,Rivas,"Pittman, Barry and Mcintyre",(537)213-7817x284,gabriela37@stout.com
1130,Dwayne,Franco,"Ritter, Spence and Kennedy",001-950-344-0425x59543,lauriespears@li.biz
1131,Alexander,Howard,Hamilton-Wolfe,-4166,bradley41@hampton.info
1132,Larry,Monroe,Sawyer-Abbott,804-426-1894x4548,claudia31@hale.com
1133,Amber,Haney,Robertson-Hines,(731)321-8580,qwalters@farley.com
1134,Heidi,Young,Perez PLC,568-937-7673x03705,judith27@peterson-powers.com
1135,Natasha,Mendoza,Zamora Ltd,630769679,max72@pena.biz
1136,Isabel,Nixon,"Wong, Buckley and Cannon",001-488-308-5749x65549,forbesroberta@dennis-macias.com
1137,Beth,Kidd,Fischer-Norman,(551)552-7009,rsoto@barrett.net
1138,Lydia,Osborne,Carlson-Buck,+1-856-597-4305x9585,loganbarron@frost.com
1139,Grant,Patrick,Shepherd-Sherman,173-554-4085x7863,aberg@sawyer-kim.biz
1140,Rebecca,Erickson,"Spencer, Good and Abbott",501-271-7883,danielhiggins@noble.info
1141,Christopher,Douglas,Riddle Inc,3840922823,epierce@ray.com
1142,Jonathon,Townsend,"Cobb, Joseph and Singleton",123-335-1098x38176,alexjackson@barron-mcneil.com
1143,Earl,Ferguson,"Harrington, Carr and Stanton",(555)257-9307,beasleyjoel@rasmussen-guerrero.info
1144,Tonya,Tanner,Combs Inc,502.462.9121x418,rpham@hawkins-hayes.com
1145,Johnathan,Gilmore,Riddle LLC,788.642.2058,mccartynicholas@bowers.com
1146,Briana,Chaney,Mcconnell-Kidd,(281)138-8576x11080,sknapp@trujillo.biz
1147,Candice,Patterson,Floyd-Acosta,466-282-4922x396,stevensonsteven@day-middleton.com
1148,Sandra,Gaines,Freeman-Murphy,272-681-3082,yorkherbert@burnett.net
1149,Natalie,Monroe,Hutchinson and Sons,486.012.5303x67031,gbuckley@chavez.com
1150,Sierra,Lara,Salinas PLC,+1-850-697-1448x913,junderwood@thompson.info
1151,Autumn,Morrow,Cain-Key,(364)863-0943,obright@shah.org
1152,Cesar,Hines,Crosby and Sons,825-895-7899x31851,csilva@morales.com
1153,Emma,Fitzgerald,"Spence, Hendrix and Singh",748-888-8639x940,alexlynn@gilmore-chang.biz
1154,Judith,Griffith,"Ortiz, Cannon and Leonard",4982011226,gcarter@underwood.biz
1155,Connie,Pratt,Bright PLC,4413956651,harrellgilbert@trujillo-henderson.com
1156,Shelly,Leach,Glover Inc,001-939-978-0544,arellanoronald@huff-cantu.com
1157,Edwin,Kerr,"Salazar, Evans and Mccullough",+1-131-700-9716x77924,blevinsjerome@peterson-padilla.com
1158,Hailey,Pratt,Tran and Sons,(334)568-8298x757,rick08@shepard.com
1159,Cristian,Holt,Bean-Trevino,454.273.7864,rowlandjeremy@romero.com
1160,Carrie,Chan,Richards-Rush,(420)979-3793x3491,eileenwhitehead@patterson.com
1161,Alejandra,Braun,Byrd and Sons,(032)386-1228,rebekah14@luna.biz
1162,Jose,Costa,Strong-Pierce,480.463.9446x04739,wayne68@wilkins-gould.com
1163,Gabrielle,Callahan,Cochran-Fitzpatrick,410-006-6377,lambrobin@bowers-marks.com
1164,Darlene,Hart,Rush LLC,+1-750-216-6997x48025,margaret64@ponce.org
1165,Anne,Everett,Newton Group,+1-396-095-5094x0167,tinahatfield@sims.biz
1166,Joanna,Gonzalez,Jennings-Deleon,(376)341-8953x37239,baldwinalexander@lamb-thomas.com
1167,Judith,Powell,Suarez-Lewis,810.507.7664,cbenitez@suarez.org
1168,Kelly,Sherman,Cross-Harding,7765945041,oneillcaitlyn@mcclure.org
1169,Herbert,Potts,Hood Inc,810-345-3623x2181,madelinefisher@mccann.com
1170,Ashlee,Escobar,"Garrison, Mathis and Glass",001-126-163-4317x834,terri64@mcclain.com
1171,Taylor,Griffin,Schaefer-Goodman,916-871-3245,maddoxmonica@hoover-hayes.info
1172,Kristen,Carey,"Valentine, Hubbard and Haynes",339-360-1919x80449,jake86@morgan-bender.info
1173,Mallory,Nguyen,Ball and Sons,761.869.2824x718,klawson@newman.com
1174,Micheal,Flores,Edwards-Gomez,001-163-358-9094x130,sheaangelica@olsen-gray.com
1175,Kyle,Mendez,Freeman LLC,(866)492-6835x03017,ylewis@hays.info
1176,Marisa,Hodges,Maldonado-Webb,001-370-803-4515x546,isaachogan@patrick.com
1177,Kristy,Mccoy,Vazquez Inc,001-533-429-5145x42861,dominic94@mcdonald.info
1178,Glenn,Hartman,Mcknight-Giles,001-986-894-8752x738,michaela64@schaefer.com
1179,Kim,Cohen,"Deleon, Mccarty and Terry",-8268,castroalex@lane-wiley.com
1180,Marcia,Solomon,Giles-Villarreal,132.056.4203x5427,ubolton@avila.com
1181,Jocelyn,Velasquez,"Rowland, Cole and Brooks",001-518-963-7489x967,bhuffman@alvarado.org
1182,Garrett,Zuniga,Mccarty Ltd,689.851.6741,manuelgeorge@hogan.com
1183,Kimberly,Lindsey,"Wilcox, Carroll and James",9146655178,ariel88@stevens.net
1184,Roger,Bradshaw,Trevino Ltd,+1-193-060-4099x1470,hayden87@tate.com
1185,Frederick,Fletcher,Frey-Reynolds,813.229.9757x58288,matthewmccann@santos.com
1186,Calvin,Bowman,Benjamin-Kelly,866.891.0113x7184,wyatt97@garza.com
1187,Deanna,Bradley,Charles Group,(763)137-0832x690,glovereduardo@everett.biz
1188,Joanne,Andrade,Fields Inc,(673)170-7064x965,kaitlin99@maynard.com
1189,Mallory,Decker,Pham-Arnold,+1-152-922-5386x4525,ogilmore@long.com
1190,Ethan,Rush,Lynn and Sons,388-002-7080,debbieknight@fuentes.com
1191,Daniel,Patel,Schultz and Sons,329.612.8560,doriswalls@bartlett.com
1192,Amy,Phelps,Mckay-Hansen,(392)936-9100,candace56@ibarra-bird.info
1193,Cathy,Castillo,"Browning, Fitzpatrick and Benton",(927)325-4936x23547,fmckee@vaughan-spencer.net
1194,Cesar,Mcfarland,"Watkins, Ramirez and English",555.452.0608x620,darrenespinoza@conner.info
1195,Cory,Bridges,Gonzales PLC,001-195-532-0285,heathshirley@porter.org
1196,Jodi,Ortiz,Mckinney PLC,9669074928,pedro68@reese-gonzalez.net
1197,Rick,Faulkner,Meyers Ltd,577-371-0397,isaacduncan@blair.com
1198,Virginia,Li,Salazar-Daugherty,828.482.6804x122,jeannechavez@jordan-vargas.biz
1199,Donald,Powers,Willis-Clarke,(315)017-2011x553,mckenziecristian@pollard.com
1200,Jeremiah,Riley,Mullen Ltd,351.617.4405,gibbsjason@hodges.com
1201,Kathryn,Bailey,Roy PLC,426.947.5166x5662,mcphersonmallory@hodge.net
1202,Brent,Riddle,"Clarke, Raymond and Little",(292)772-9918,fernandezkristi@matthews-ballard.com
1203,Sean,Barron,Rowland-Chapman,001-991-926-7565x4855,copelandkirk@gomez-forbes.com
1204,Jaime,Manning,Navarro-Jarvis,452.882.7775,shannonlogan@collins.org
1205,Taylor,Werner,Banks-Woodard,(738)015-8644,probbins@powell-david.com
1206,Glenda,Castillo,Ali Inc,1657962054,liulauren@lindsey.biz
1207,Howard,Peters,"Moreno, Todd and Obrien",(979)348-5414x137,curtisbilly@cherry-werner.info
1208,Glen,Castro,Douglas Group,158-765-0651x582,lhatfield@dawson.info
1209,Ivan,Beltran,"Vang, Sloan and Harper",(466)387-6327,shelly79@rivers-solis.com
1210,Kara,Novak,"Marshall, Quinn and Sanford",(613)998-6364,isaiah02@beck.com
1211,Sergio,Ayers,Avila-Tyler,(102)267-5690,petersonmiguel@moss.biz
1212,Isaac,Perez,Perez-Barron,806-065-4290,mckenziecasey@riley.com
1213,Destiny,Sampson,"Rowland, Roberson and Davies",(234)920-4994x313,evelyn89@mcdonald-molina.com
1214,Ann,Briggs,Wolf Ltd,905.896.7696,ireilly@raymond-gonzalez.org
1215,Clayton,Curtis,Rasmussen and Sons,388.951.1595x7598,karlamartinez@zavala-terry.com
1216,Karen,Powell,Ballard Inc,(837)887-4976x23484,nobleharold@lawrence-christensen.com
1217,Melvin,Fisher,Friedman Inc,263.417.8044x28019,roberta83@patrick-holden.com
1218,Lorraine,Johns,Hopkins-Maldonado,-4121,mackenziewade@khan.com
1219,Yesenia,Hayden,Rosario PLC,453.375.2921x7965,ferrellmason@melton.com
1220,Angie,Richards,"Daniels, Bird and Perez",+1-034-744-9651x5207,wcox@floyd.com
1221,Cassie,Levine,"Allen, Webster and Reed",378.001.5435x58422,snoble@ward.com
1222,Martha,Farmer,Le LLC,965.794.9928,gstephenson@webb.net
1223,Randy,Orr,"Houston, Montes and Casey",(300)414-5192x278,dawn46@perry.com
1224,Catherine,Cervantes,"Novak, Gray and Braun",661.747.0630x569,xvaughn@noble.com
1225,Ana,Dougherty,Stokes-Hubbard,365-917-3233,xedwards@goodwin-waters.net
1226,George,Watkins,Zamora-Bray,749-030-3666x77253,donald86@crawford.com
1227,Evan,Matthews,Barton and Sons,926-872-6303x471,gouldstanley@flores.com
1228,Anita,Dickerson,"Hensley, Tanner and Mcneil",+1-632-068-2455x9686,glennwarren@stone.com
1229,Gregory,Hensley,Stevenson Group,6188767239,rushanita@hardin.com
1230,Devin,Guerrero,Mcneil PLC,(004)386-7171x42814,sydney91@shaw.com
1231,Ashlee,Galvan,Sparks LLC,4627188255,erikwagner@melendez.com
1232,Geoffrey,Cunningham,"Cowan, Chen and Guerrero",027.878.8740x321,dominique08@atkinson.net
1233,Samuel,Rosales,Lewis-Frey,+1-574-425-1980x868,ugeorge@barrera.com
1234,Audrey,Escobar,Brady-Taylor,+1-630-541-6954x2007,swarner@young.com
1235,Raven,Bell,"Harding, Mcpherson and Montgomery",882-717-3473x56100,carpenterjeff@gomez.net
1236,Melanie,Hendricks,Warner-Barnett,6944737546,ckelley@church.biz
1237,Seth,Dickerson,Barber LLC,+1-009-474-3721x68920,vmiddleton@zimmerman-hensley.biz
1238,Carly,Chang,"Barnett, Campos and Gates",468-759-4108x265,guzmancatherine@coffey.com
1239,Mckenzie,Ponce,Vazquez Ltd,113-307-7903,paigecalderon@berger-black.com
1240,Larry,Sawyer,"Mccall, Padilla and Woodward",001-615-631-4552x37599,cholder@mccarty.com
1241,Hannah,Nunez,Owen-Dillon,229-207-8768,laura13@parker.net
1242,Sheri,Stein,"Sandoval, Richard and Conner",626-151-5025x11371,bradleyjeremy@wu.biz
1243,Colin,Garrison,Lowe and Sons,(182)783-0273,deaton@washington.info
1244,Joanne,Daniel,Bryan-Dennis,393.291.9907,rhunter@macdonald.org
1245,Sonya,Brady,Kane-Schwartz,300.552.8039x23004,uromero@moran.info
1246,George,Fry,"Valentine, Campos and Zavala",245-161-1721x58647,cervantesmia@blankenship.info
1247,Cheryl,Good,Robertson LLC,(996)481-2349,jparker@navarro.com
1248,Shari,Ellis,Haas-Adams,-7964,alam@powers.biz
1249,Clifford,Sampson,"Larson, Stanley and Sanford",001-094-057-9749x47750,rcabrera@sloan-ho.com
1250,Ronald,Larson,Beard PLC,570-320-8921x519,smallscott@moss.com
1251,Adriana,Pittman,"Bennett, Moran and Bridges",(682)028-5101x9375,christinebenitez@howell-oconnell.com
1252,Norma,Valenzuela,Mcfarland PLC,966-161-8867,hornjavier@hanson.com
1253,Jeffrey,Huynh,Patel-Landry,729.269.0542x4675,ronaldwarren@friedman.net
1254,Tina,Galloway,"Bird, Fox and Houston",9754745347,rick04@allen-foster.net
1255,Karl,Barron,Fisher-Chapman,1986634320,figueroacarmen@cardenas.com
1256,Mia,Poole,Burgess-Odonnell,+1-354-723-1092x033,xthompson@aguilar.org
1257,Laura,Bartlett,Norris-Lynn,484.544.0185,clarkdakota@barrera.com
1258,Jesse,Hanson,Velez Inc,(552)396-3653x799,cherylpalmer@weber-gates.com
1259,Darren,Cisneros,Hoover-Bowers,9480260079,melaniestuart@ferguson.com
1260,Cassidy,Potter,Leblanc-Hoffman,001-245-854-0510,imcmillan@clark-turner.net
1261,Helen,Walton,Curry Inc,091.789.9992x8451,proctormarcus@dominguez.org
1262,Krystal,Mayer,Hogan Group,239.061.8278x142,ronaldbullock@cain-watkins.biz
1263,Darin,Alvarado,Patel-Shelton,(920)592-1541x15341,jerome38@gibbs.net
1264,Raymond,Rush,"Spencer, Bowen and Crawford",7470169517,ronaldbennett@gregory.com
1265,Alvin,Nielsen,Palmer-Robbins,001-913-838-9920x570,mcphersonashley@rios.org
1266,Michael,Reeves,"Watkins, Shea and Noble",+1-383-314-4733x17344,megancherry@kemp.info
1267,Mia,Shah,"Ochoa, Beard and Guerrero",967-579-4549x1491,efrey@campbell-ritter.org
1268,Molly,Andrews,Benjamin-Bolton,701.314.9096,angelica22@miranda.info
1269,Chad,Rojas,Dunn LLC,+1-474-061-1320x89185,lloyddesiree@pacheco-vaughn.com
1270,Mercedes,Crosby,"Gates, Craig and Whitehead",001-053-346-5340x71001,phyllis70@stanton.org
1271,Elizabeth,Avery,Maddox LLC,739-055-7614x58257,joanna87@morales.net
1272,Kathy,Hale,"Holloway, Weeks and Middleton",4149519853,rhodesjon@cummings.biz
1273,Robin,Bernard,Hayes-Conrad,-4369,pbentley@jensen-marshall.org
1274,Toni,Buckley,Joyce-Mclean,652-723-7059,penny51@murillo.net
1275,Carl,Bowers,Boyd-Kane,+1-179-081-7854x918,ethan09@orr.com
1276,Bill,Mcconnell,Wolf-Gonzalez,+1-246-033-4748x494,dunlapdeborah@olson.com
1277,Kurt,Richard,Osborn-Kramer,(606)129-2097x4912,mcdanielkylie@mullins-fletcher.com
1278,Dalton,Harrington,Conrad Inc,334.409.1054x107,kelseybray@ward.biz
1279,Janet,Mcmahon,"White, York and Scott",489.196.0786x88453,clementsrodney@gregory.com
1280,Jose,Mahoney,Logan PLC,(955)614-8163x64020,gmcgrath@melendez.info
1281,Heather,Higgins,Luna-Hampton,914.966.3356x726,lyonskirk@barrett.com
1282,Jackson,Hodges,"Butler, Singh and Montgomery",100-709-0573,crystal91@fields.com
1283,Mathew,Proctor,Mcneil Ltd,(847)740-0284,pconrad@hendricks-frye.com
1284,Paige,Cooley,"Montgomery, Gentry and Booker",691-974-0580,lonniesnyder@hart.com
1285,Whitney,Rojas,"Crane, Hebert and Velez",(761)590-7983,lovemaria@shepherd-mcfarland.net
1286,Julie,Bean,Haney and Sons,(439)698-5476,tyrone18@walton.com
1287,Tiffany,Mata,Andrews-Gentry,+1-884-460-1194x799,howard62@morales.com
1288,Antonio,Morrison,Morris-Mora,001-581-578-3474x71536,kochbrendan@walter.biz
1289,Cassie,Pugh,Cherry and Sons,(210)649-5550x6742,jo26@jackson.biz
1290,Aaron,Fritz,Lawson-Stanton,001-501-747-1945,pollardkirk@french-rios.org
1291,Colton,Zavala,"Flynn, Joyce and Nunez",891-987-1874x3280,gjohns@faulkner.biz
1292,Clayton,Spence,Hicks-Hoffman,7437891008,kayleemorrison@smith.com
1293,Ethan,Armstrong,Chambers-Madden,240-530-6553x6812,carla40@graves.com
1294,Lindsay,Ware,Hayes-Mcknight,334.480.9751,shepherdconnor@noble.org
1295,Kayla,Becker,"Farmer, Page and Mitchell",(372)987-6807x35078,leonard46@spencer-patrick.com
1296,Kaitlin,Koch,"Benjamin, Mendez and Wyatt",5985344385,mistycopeland@rich.org
1297,Judith,Abbott,Potter-Haney,(803)522-0695,alyssajuarez@villanueva.com
1298,Nichole,Myers,"Savage, Norris and Cobb",(220)613-6307x620,evelynriddle@hays.com
1299,Rodney,Sparks,Cabrera PLC,(162)929-4966x02329,fitzgeraldsandy@oconnell-rollins.com
1300,Mia,Frank,Kennedy-Hernandez,803-737-2720x890,gabrielalloyd@castillo-hahn.com
1301,Erin,Garza,Hood-Mccullough,881.134.2411x4296,chloe03@kelly.net
1302,Daisy,Parsons,"Burns, Lewis and Heath",001-182-029-8074x6435,connieheath@young.com
1303,Brady,Meyers,Bonilla LLC,001-338-653-8914x59043,jeremiahirwin@pineda.com
1304,Tabitha,Clay,Riddle-Barr,122-863-8708x39443,santanabecky@tran-case.com
1305,Arthur,Mcneil,Duran LLC,001-152-019-5011,michelle87@mercado.com
1306,Ryan,Fleming,"Simon, Galvan and Gentry",(254)815-5542x846,qesparza@tran-compton.com
1307,Kelly,Soto,Brewer LLC,(804)038-8673x17358,mschultz@roman.com
1308,Ralph,Orr,"Flynn, Richard and Buckley",+1-741-939-1850x179,amontoya@cruz.com
1309,Robin,Potter,"Chan, Waller and Chaney",001-826-813-6429x3891,freemantravis@norman.net
1310,Glen,Stevenson,"Hodge, Long and Maddox",869.960.0800,martha18@holland-robles.org
1311,Gloria,Kidd,Mack Ltd,2223600964,rebecca56@taylor-acosta.info
1312,Alexis,Hudson,Weiss-Bishop,083-799-8295,donovanruben@shields-bartlett.biz
1313,Sandy,Eaton,Black-Rollins,054-134-2405,vblackburn@downs-melendez.com
1314,Jacqueline,Odonnell,Estrada-Krueger,001-710-729-4911x2252,anita47@nelson.org
1315,Chelsey,Anderson,Tanner-Hickman,6181150128,louis05@jackson.org
1316,Jaime,Hardin,Bryan-Velazquez,+1-724-812-5924x2800,clairehanson@jimenez.biz
1317,Judith,Hardy,Liu and Sons,822-114-1488x08789,colemanjennifer@colon.net
1318,Alexa,Chambers,Raymond-Huerta,011.712.0179,brady58@rios-gardner.com
1319,Randy,Morton,"Colon, Compton and Booth",562.780.1287,mortonjermaine@hogan.com
1320,Mark,Orr,"Odonnell, Hunter and Sanchez",606.359.9955x800,fbarnes@burke.net
1321,Bobby,Hood,Elliott Group,704-740-1555,jesus53@finley.com
1322,Darius,Hanson,Huber Ltd,+1-545-118-1153x151,bkaiser@mccall.com
1323,Adriana,Cortez,"Cochran, Dougherty and Bishop",038.719.7686x728,mathewswanda@poole.com
1324,Derrick,Taylor,Gallegos PLC,859.802.7786,melanievelez@gaines.biz
1325,Rickey,Downs,Snyder PLC,+1-762-161-9193x264,cristian03@vasquez.com
1326,Maria,Mullen,Heath-Merritt,001-000-547-8099x273,ufrench@tate.net
1327,Caroline,Harding,Hardy and Sons,327-833-2164x340,kendra51@pratt-gibbs.com
1328,Debra,Morgan,"Schultz, Richmond and Giles",522.669.4062x762,kimjackie@chang-logan.com
1329,Jodi,Swanson,"Faulkner, Mosley and Hobbs",+1-192-465-1192x57838,elizabethpadilla@schultz-thornton.biz
1330,Teresa,Boyd,Barajas Group,001-669-517-2589x2457,pam59@wells.com
1331,Bruce,Daniels,Valdez-Paul,9991408435,xperry@rich.net
1332,Mikayla,Lutz,Herman Ltd,001-256-524-7975x8997,ocombs@peck.com
1333,Sherri,Hunter,Santos PLC,+1-594-593-7132x27679,czuniga@oconnor.com
1334,Jean,Harrell,Graham-Long,526-398-6941,joeandersen@costa.net
1335,Kristen,Dunlap,Gordon and Sons,+1-823-640-1196x567,makayla42@carr.com
1336,Sheryl,Bentley,Bridges-Wilkerson,720.814.9843x619,petersjim@davidson.com
1337,Melvin,Duke,Levine-Kline,(268)239-6829x2059,lwoods@black.com
1338,Alec,Morse,Braun and Sons,6774356780,frankbrendan@dean.com
1339,Pedro,Herman,Silva LLC,+1-436-086-8884x6052,lmurillo@matthews.com
1340,Joyce,Robles,Lane PLC,001-268-180-7682x2159,rittermeagan@beasley.com
1341,Tanya,Madden,"Brennan, Rowe and Coffey",(557)451-2669x88517,louis40@erickson.info
1342,Jermaine,Pope,Farrell-Reynolds,(200)410-1107x339,onewman@rocha-juarez.net
1343,Annette,Arnold,"Trevino, Knox and Salazar",516-776-5797x17107,jblevins@potts-wilkerson.com
1344,Brandon,Stafford,"Carr, Kidd and Harmon",001-117-027-6980,dorothyburke@norris.biz
1345,Mary,Doyle,Grimes-George,252-883-5477,drakekaylee@meyer.info
1346,Angel,Blake,Dawson-Pugh,+1-756-720-6697x0527,laurie32@hendrix-forbes.com
1347,Gavin,Jordan,Harding Inc,001-975-670-4244x77434,cesardecker@carrillo-williamson.com
1348,Logan,York,Cooper Ltd,001-040-169-1991x756,gmalone@meyer.biz
1349,Marilyn,Reynolds,Keller-Dawson,(688)439-8804x1225,muelleradriana@clements-colon.com
1350,Deanna,Delgado,"Jensen, Joseph and Rowe",214-762-6994,dominiquemcclain@harris.com
1351,Andrea,Cantrell,Harmon Ltd,(531)455-8818,nicoledelgado@kane.com
1352,Melody,Mendez,Mcfarland PLC,769-496-7419,lmaddox@delacruz.com
1353,Kevin,Reese,Gill Group,784-205-7458,philip86@steele.net
1354,Emma,Woods,Bishop Ltd,644.027.8365,kristyrichardson@warren-walsh.com
1355,Suzanne,Landry,Pittman LLC,(640)966-8261,tbowen@foster-soto.info
1356,Shelley,Pacheco,Hickman LLC,85373519,kerry08@randolph.org
1357,Rebekah,Branch,Mcgrath-Alvarez,296.432.1556x8710,selenaterry@cooley-arnold.com
1358,Diane,French,Osborn-Cordova,(710)912-9384,darlene07@randall.com
1359,Andres,Combs,Patrick Inc,001-235-315-3625,vhaynes@wise-fritz.com
1360,Clinton,Macias,Barker PLC,233-829-5526x50301,qashley@schmitt.biz
1361,Tammy,Mckay,Caldwell-Friedman,386.260.3594x21460,theresa53@arellano.org
1362,Cathy,Ellison,"Wilkins, Gross and Goodman",001-646-827-0664,mike23@merritt.com
1363,Joseph,Vang,"Mullins, David and Avila",(566)305-4518,garycline@sexton.com
1364,Roberto,Callahan,Pennington-Shaffer,+1-768-924-9519x824,qbaxter@burke.com
1365,Phyllis,Hatfield,Montes-Bradford,6137332375,wigginsnatasha@compton.org
1366,Samantha,Church,Woodard Group,196-578-5878x7522,wclayton@carroll.org
1367,Kim,Terry,"Vargas, Roman and Washington",438.732.2394x185,espinozamelissa@gutierrez.org
1368,Cindy,Flynn,Harding PLC,231.119.3704x6558,pearsonsharon@velazquez.com
1369,Samuel,Duarte,Craig Inc,706.424.6408x013,felicia65@frederick.info
1370,Gabriella,Osborne,George-Stout,001-156-113-9798x196,hollyhensley@hunter-mata.info
1371,Caitlin,Schneider,Hickman-Carrillo,001-251-109-9212x551,renee98@harrell.com
1372,Beth,Lamb,"Higgins, Dorsey and Adkins",(894)217-3043x561,ylindsey@mckinney-ali.com
1373,Kyle,Jefferson,Farley-Mcgrath,435-303-9388x292,natalie51@reid.com
1374,Brett,Alexander,Tyler-Dunlap,273.460.7716,gmorgan@proctor-dillon.biz
1375,Levi,Barry,Hernandez Group,937.668.5003x885,mollybaird@stephenson.com
1376,Gerald,Salinas,Moore and Sons,+1-622-637-0984x117,tcardenas@koch.com
1377,Jeff,Leon,"Brown, Huang and Marshall",252.815.3339x004,scottbianca@gilmore.biz
1378,Cynthia,Charles,Powers Group,(675)391-9476,xhinton@mooney.com
1379,Marilyn,Knapp,"Buchanan, Shea and Travis",(689)679-5738,brendan65@house-esparza.com
1380,Jermaine,Atkins,Durham-Gibbs,001-102-207-4760x75511,cordovamolly@lloyd.com
1381,Bianca,Lawson,"Owens, Bernard and Day",+1-354-626-7409x047,calvinmata@richard-greene.com
1382,Jack,Duke,George PLC,7619109308,ralph32@ayala.com
1383,Jake,Chan,Sherman and Sons,658.795.8763x37092,erik31@sullivan-hayes.biz
1384,Lee,Larsen,"Kirby, Owens and Hartman",5017880607,caleb83@cuevas-hickman.com
1385,Ronald,Conway,Holmes-Donaldson,313-886-2163x28559,brittanywells@hays-skinner.com
1386,Jillian,Williams,Lynch and Sons,-1525,joshua74@silva.com
1387,Matthew,Hancock,Wolf Ltd,088-852-3859,megansimmons@norman.com
1388,Curtis,Hicks,"Mcfarland, Sheppard and Pineda",725-107-5500x62862,agentry@rosales-james.com
1389,Tara,Taylor,"Bullock, Arroyo and Kidd",(480)550-3577,mckenzie40@schmitt.net
1390,Wanda,Mooney,Wong LLC,(402)978-0268x737,glandry@moody.org
1391,Rickey,Orozco,Buck PLC,2830733103,normadavies@fuller.biz
1392,Ryan,Fry,Randolph Ltd,+1-171-591-8361x310,ksavage@bailey.org
1393,Gloria,Molina,"Morgan, Walters and Gallagher",(926)193-6444x73003,gwendolynowens@pennington.com
1394,Robert,Stark,Mayer Group,(251)628-2353,kimmcguire@estrada.com
1395,Shelia,Chapman,Eaton-Wolf,856.984.7197,barnettemma@zavala.com
1396,Matthew,Kelly,Crawford-Carlson,200-030-7266,valenciabrandon@lucero-stevens.org
1397,Spencer,Tran,Elliott PLC,001-266-692-3522,rhonda25@osborn-cobb.com
1398,Michelle,Callahan,"Gomez, Walls and Baldwin",583-159-2177x2515,stacie74@stein-wolf.com
1399,Casey,Wilkerson,Welch-Zhang,(065)646-9215,danduke@olson.com
1400,Doris,Erickson,Zavala Group,112-785-6392x47727,kcasey@logan.net
1401,Christian,Braun,Matthews Inc,735-322-8767x6667,vchavez@figueroa.com
1402,Carl,Hayden,Franklin PLC,686.729.0984x6718,casey45@maldonado.com
1403,Mandy,Gilbert,Payne-Jennings,9234120394,karlacobb@davenport-powell.net
1404,Gene,Esparza,Brandt Ltd,903.744.1984x480,wduran@zamora-burns.com
1405,Alexandria,Villarreal,Nicholson-Fuller,001-785-325-1452x397,charlenegregory@parks.com
1406,Sheila,Riggs,Mathews-Morrow,283.826.5324,lhuffman@hancock.net
1407,Isabella,Stanley,"Ali, Carroll and Carson",605.169.5443,morsehelen@fox-serrano.com
1408,Emma,Montoya,Jones-Valencia,001-735-199-6461x123,wshaw@walton.com
1409,Donna,Anthony,Morton LLC,001-285-987-4114x00714,yujasmin@armstrong.net
1410,Brent,Dickson,Galloway PLC,474-604-9520,jonathanlynn@brock-baker.biz
1411,Janet,Wolf,"Blankenship, Hodges and Briggs",+1-691-772-1380x1777,angel08@hickman.com
1412,Stuart,Ballard,"Fox, Ballard and Patton",050.688.5030x4460,vaughankirk@hunter-chavez.com
1413,Selena,Benitez,Whitehead-Horn,324-060-4423,xsparks@kirk.com
1414,Dwayne,Cabrera,Everett-Valdez,049-240-6446x240,xmorrow@macdonald-newman.com
1415,Troy,Arias,Mcdowell PLC,044-179-0609x429,ladkins@parrish.com
1416,Adriana,Clark,Riley-Tapia,311-903-6878x123,jacobwatkins@george.net
1417,Brenda,Wolfe,Schultz-Bowman,+1-812-298-6965x20015,philip17@dickson.com
1418,Kari,Blackwell,Briggs-Estrada,(386)152-0806,lobrien@herring.com
1419,Andre,Rocha,Bryant Group,+1-611-784-9310x19582,heidi30@holmes.com
1420,Samuel,Steele,Ryan Inc,886.951.6541x15376,clineclifford@cooke.com
1421,Norma,Alvarez,Wyatt Ltd,774.852.8761x78970,ruizrichard@york-cummings.org
1422,Yolanda,Moss,Mcgrath and Sons,001-290-309-3474x711,bboone@sparks-holloway.com
1423,Timothy,Perry,Randall and Sons,(801)315-8311x6874,malikbradley@pierce.com
1424,Cindy,Christensen,Wong-Santana,907.142.0938x5120,nlam@brown.net
1425,Bryan,Cisneros,Bullock PLC,099.610.6865x71660,cesarthornton@dennis.biz
1426,Faith,Cantrell,Orr Ltd,(674)647-0825x5806,ysanford@gill-benton.biz
1427,Valerie,Kemp,Estes Group,001-893-151-4295x693,edward22@duran.net
1428,Cameron,Meza,Gardner-Bridges,659-260-1914x196,gordonandersen@duarte.com
1429,Candice,Heath,"Pratt, Gentry and Crane",+1-995-903-8844x949,probertson@stokes.com
1430,Dale,Solis,"Knapp, Huff and Garner",(027)060-5731,jorge56@mendez-nicholson.biz
1431,Joseph,Maldonado,Fitzpatrick-Bryan,157-955-9779,hayley95@sullivan.com
1432,Adam,Castillo,Barrett Inc,784.212.3766x9454,martintanner@meza.com
1433,Alec,Norris,Stokes PLC,6101512865,summerwaters@mcneil.biz
1434,Briana,Winters,"Buckley, Ware and Dixon",(879)494-5896,wwong@blackburn-holt.com
1435,Grant,Lester,"Cortez, Armstrong and Kramer",093.153.9376,lscott@mckay-oliver.biz
1436,Erica,Hansen,Calhoun-Zhang,7511846535,hannahchandler@forbes.com
1437,Ivan,Richard,"Goodman, Byrd and Kelley",589-709-3105x981,strongmicheal@padilla.com
1438,Isabel,Mercado,"Carney, Bender and Conway",723.425.4454x512,archerkaitlyn@cannon.info
1439,Dale,Farley,Chaney Ltd,585-427-4028x263,courtneyknox@schaefer-bowen.info
1440,Kristy,Green,Montgomery-Hendricks,978-625-6411x86358,zkrueger@sandoval.com
1441,Stefanie,Odom,"Petersen, Tran and Krause",645-975-0013x58003,murillogabriel@mooney-daniel.info
1442,Andres,Kemp,"Friedman, Mcbride and Robertson",+1-114-135-7474x8261,hensleykristopher@medina.com
1443,Dakota,Franklin,"Guerrero, Cordova and Vazquez",137-471-6943,fsalazar@adkins-keith.net
1444,Greg,Mahoney,Lambert-Lara,000-076-5119,ghartman@beck.biz
1445,Joanne,Vincent,Romero-Sawyer,288.906.4026,johnathangrant@snyder-peters.com
1446,Brian,Mcpherson,"Koch, Huber and Keith",993.324.4495,jay69@horne-simon.com
1447,Latasha,Riley,Carr Ltd,546-000-6861x02901,anna60@barnes.org
1448,Savannah,Dudley,Benson-Lloyd,-5358,mendozaroy@compton.net
1449,Colin,Skinner,"Potter, Ball and Cherry",342-908-0660x705,dillonbernard@johns-boyd.net
1450,Clayton,Hancock,"Oliver, Petty and Ryan",(128)620-1975,calhountara@lester.com
1451,Austin,Shepherd,Salinas-Pham,(876)120-5712,yglass@stanley.com
1452,Tara,Pham,Hartman LLC,(940)719-4952,barnettjoanne@hinton.com
1453,Haley,Andersen,Hoover Ltd,634-053-6025,jpeters@shaw.com
1454,Larry,Roberson,Cruz-Frost,+1-149-247-4169x12324,marissa75@lewis.biz
1455,Luis,Booker,Spence-Ballard,868.292.4980x115,tdorsey@short-hardy.com
1456,Amanda,Gould,Nolan Inc,525.655.4697,eileenstewart@mercer.com
1457,Jon,Shelton,"Espinoza, Beard and Bray",407-833-1373,bautistakellie@sweeney.com
1458,Rebekah,Vega,Brooks-Robertson,929.287.3088,whiteheadcharlotte@khan-olson.net
1459,Brandi,Prince,"Maxwell, Rubio and Schwartz",523.913.2340x6908,dominic93@olsen.com
1460,Lee,Bowen,Hill Ltd,444-193-5315,mliu@hurst.com
1461,Brittney,Suarez,Frank Group,(033)961-2084x56361,jkaufman@cunningham.com
1462,Francisco,Barber,Gordon and Sons,779.853.7654x5672,eblake@miranda.biz
1463,Tina,Olsen,Lewis-Webb,001-830-107-7589x14361,jkhan@patrick.com
1464,Mariah,Castillo,"Weaver, Bass and Cantrell",2064191317,candicehenry@berger.com
1465,Dana,Thomas,"Holloway, Berry and Brennan",7206651395,summerball@beard.com
1466,Dave,Medina,Palmer-Vincent,(394)981-2686,jhorn@quinn-sosa.biz
1467,Ruben,Wade,Howard Inc,179-122-5563,alicia14@acevedo.com
1468,Eric,Hickman,Hendrix LLC,667.365.8506,tristanmckenzie@brock.biz
1469,Bonnie,Lane,Patton-Huffman,-2965,odomwanda@hall-moran.com
1470,Roberta,Underwood,Lambert Inc,1457391664,steven99@acosta.org
1471,Dakota,Chapman,Cochran and Sons,572.114.6164x236,gwalker@stevens.biz
1472,Ann,Garner,Stout Ltd,619-528-9084x4155,chungnancy@hoover.biz
1473,Ronald,Barrett,"Richard, Galvan and Ballard",001-450-180-3290x8634,tannerweber@proctor-adams.biz
1474,Sean,Shah,Friedman-Kramer,900.217.6798x4176,jackpalmer@pugh.biz
1475,Yvette,Baker,"Underwood, Copeland and Boyle",+1-544-357-0506x3727,joycetravis@berger.com
1476,Stanley,Griffith,"Wu, Fernandez and Arellano",064.633.4468x95046,luisfrank@perry.info
1477,Isaac,Bonilla,Hansen-Lucero,375.875.9611x706,qcruz@ramsey-bryant.com
1478,Karla,Maldonado,Leach-Gilbert,-7190,wjenkins@page.info
1479,Sheena,Hughes,Hurst and Sons,-11310,tonyagallagher@barajas-goodwin.biz
1480,Gregg,Mcdonald,Reyes and Sons,097.592.4529x0361,loweryjenny@parsons.com
1481,Crystal,Mcgee,Underwood-Kline,(276)700-6967,nayers@higgins.com
1482,Erin,Glenn,Rose Inc,+1-223-136-9897x0883,flynndoris@galvan.com
1483,Dillon,Hines,Bridges LLC,631-946-7388,carolyn32@bond.com
1484,Max,Sawyer,Ferguson-Yang,233-974-9979x0365,acaldwell@villa.com
1485,Calvin,Sawyer,"Bates, Beck and Blevins",205-746-5797x84576,mercedes25@hooper-castaneda.com
1486,Kirsten,Williamson,"Huffman, Hubbard and Walters",+1-730-799-8199x38349,ruth94@ashley.com
1487,Corey,Harmon,Jarvis Ltd,-3016,barberanthony@wu-strong.biz
1488,Darlene,Carroll,Tyler-Greer,-7946,hintonvirginia@malone.net
1489,Traci,Bird,"Rodgers, Villarreal and Flores",+1-186-952-8512x3613,spineda@mcfarland-humphrey.com
1490,Dakota,Beltran,Rhodes Ltd,7406557525,kathleen80@fernandez-noble.org
1491,Kristopher,Mayer,Page-Morales,+1-712-170-3649x77045,oscarferguson@bradshaw.biz
1492,Monique,Todd,Brewer Ltd,6421203313,linda68@allison-allison.com
1493,Marcia,Garza,Riggs-Bolton,412-914-0034x951,allensergio@kim.com
1494,Whitney,Moody,Stokes-Rivas,2988550419,floresangela@boyd-schaefer.com
1495,Ian,Pennington,Roy-Riggs,-5515,danielewing@mcgrath-dunn.com
1496,Jennifer,May,Delgado Ltd,243-674-1479x418,stephensonlori@villa.biz
1497,Lacey,Carney,Krueger-Cline,001-165-172-2382x57538,kochbrandy@bowers.com
1498,Cristian,Ritter,Preston-Quinn,001-686-477-2816,colemandebra@waller.com
1499,Bryce,Wood,"Mcbride, Mosley and Torres",+1-906-242-3100x3039,hortonnoah@pacheco.biz
1500,Jake,Whitney,Floyd and Sons,(938)229-2017,gouldtroy@shelton-compton.com
1501,Oscar,Dorsey,Jennings Inc,(119)524-0104x8633,landrymakayla@moran.com
1502,Mercedes,Hale,Herring Inc,287-630-3353,deannakirby@gardner-chang.com
1503,Damon,Pacheco,"Oconnor, Mooney and Chan",+1-511-019-8312x988,bbond@hart.com
1504,Melvin,Holt,Warner-Callahan,(675)533-8426x11456,sheila30@cobb-andrews.net
1505,Katelyn,Chase,"Blevins, Diaz and Mccann",863.767.9615x7786,skinnerstephanie@webb.com
1506,Jermaine,Hayden,Carr-Chung,+1-794-570-4578x177,lsimmons@chavez-silva.com
1507,Tamara,Krueger,"Conley, Ford and Buck",001-330-066-6063,ghodges@morris-hayden.org
1508,Kara,Terry,"Huerta, Braun and Kent",451.982.8783x3929,alexa45@calhoun-barron.org
1509,Marco,Weber,"Hancock, Hull and Roman",001-351-525-9731x016,kathrynbird@gordon.com
1510,Meghan,Young,Terry-Pacheco,813-377-4407,hendrickscole@cabrera-miles.com
1511,Grace,Thompson,Barajas-Houston,626-451-6922,salinasolivia@kane-hubbard.com
1512,Clifford,Perkins,"Oconnell, Lam and Petty",205.569.6200,cisnerosbrianna@larsen-payne.com
1513,Kaitlyn,Kane,"Villegas, Hatfield and Perez",001-719-187-0143x34907,destiny50@york.com
1514,Chad,Kelley,Ashley Group,001-521-959-6076,amber53@tapia.com
1515,Johnathan,Stephenson,"Drake, Vaughn and Abbott",(200)506-2953x6401,isaiahlara@khan-garrett.com
1516,Kurt,Sheppard,Potts-Everett,001-546-815-8137x279,xcarlson@palmer-pruitt.net
1517,Cheyenne,Sanchez,"Mckinney, Wheeler and Prince",(376)780-7846x8350,katrinacurry@dyer.net
1518,Leonard,Nicholson,Franklin-Holland,210-224-7594x50383,rossspears@sherman-simpson.info
1519,Katie,Oneal,Bradshaw Inc,4532311463,robert51@farmer.com
1520,Sandy,Carlson,"Berg, Miles and Gamble",-6818,curtis04@gomez.biz
1521,Cameron,Potter,Ross-Parrish,040.852.3384,kreid@nelson.com
1522,Reginald,Barnett,Allison-Clements,001-434-181-7364x2391,michelebridges@zimmerman-leach.com
1523,Derek,Odom,Rivas-Turner,(303)575-6100x493,juan92@gentry.net
1524,Yvette,Swanson,Stanton LLC,-9812,floydhayley@salazar-wyatt.com
1525,Darren,Murillo,"Martinez, Mccormick and Gilbert",449.315.4450,cassidykent@green.com
1526,Brooke,Pineda,Thomas-Cook,923-602-3526,tasha59@jacobson.com
1527,Renee,Savage,"Miles, Thornton and Acevedo",(913)010-2190x0091,hermanmolly@brown.com
1528,Angel,Marsh,Boyer-Duffy,331-594-0023,umadden@le.com
1529,Anne,Parrish,Mullen-Beasley,-10031,olowe@weiss.com
1530,Tamara,Terrell,Mckay Ltd,620-559-6905x9594,millersergio@bray.net
1531,Frances,Benjamin,Gonzalez Group,9068218250,aimee74@morrow.com
1532,Mary,Griffith,"Dorsey, Cox and Juarez",+1-023-410-9167x7568,xfrey@stanton.com
1533,Paige,Adkins,Stone-Edwards,149-338-5712x9712,lambkristie@bradshaw.biz
1534,Cameron,Williamson,Walton Group,114-782-3258x63306,sheriglover@fritz.com
1535,Alice,Maldonado,"Francis, Alvarado and Montgomery",(414)909-5454,harrisonguy@townsend-underwood.com
1536,Yvonne,Price,"Miller, Merritt and Singleton",671-667-9556,gwendolyn18@wright.com
1537,Sheila,Dean,Woodward Inc,486-140-2038,vaughankerry@ball-roth.com
1538,Kaitlin,Cooley,Whitaker LLC,075.247.0199x0136,xcisneros@powell-thomas.com
1539,Wyatt,Ryan,Larson-Jimenez,+1-848-934-9310x200,mauricesnyder@maynard-compton.biz
1540,Kellie,Fitzgerald,Potts-Cooke,244-736-2987,rchaney@stout.com
1541,Bryce,Whitney,Austin Inc,(104)584-4615,priley@beltran.com
1542,Donald,Church,Byrd Ltd,264.211.1322x47101,dbanks@nichols.biz
1543,Martha,Frazier,Mcdaniel-James,001-686-239-6091x3847,marcofloyd@castaneda.com
1544,Tiffany,Yang,"Stevenson, Chase and Miller",320-630-7617,sbooth@hayden-haney.com
1545,Samuel,Fowler,Fritz and Sons,011-473-3474x84387,lukemejia@pacheco.org
1546,Summer,Garrison,Bullock Inc,+1-181-104-2160x1390,wyatt85@russo-ashley.com
1547,Karina,Blackburn,"Gentry, Weiss and Velez",001-900-197-5763x98762,timfreeman@taylor-velez.com
1548,Kenneth,Harris,Marks-Farmer,774-937-5625x89638,blake59@jefferson.com
1549,Haley,Hendrix,Hogan-Bass,-9005,orocha@hines.org
1550,Tammie,Parrish,Bradshaw-Ellis,462.665.3624,gibsonderek@fields.info
1551,Jeffrey,Munoz,"Green, Russo and Brady",249.725.1094,hernandezcharlene@ayers.com
1552,Drew,Powell,Duke-Burns,(253)754-1526x835,maureenwalters@mathis-hayden.com
1553,Bobby,Riddle,Knapp Ltd,903.584.2655x7147,reginald04@conner.net
1554,Lydia,Rogers,Hale and Sons,001-442-821-0409x58515,mindymalone@newman.com
1555,Lawrence,Serrano,"Maxwell, Meza and Roberts",001-280-586-6198x00021,wblackwell@zavala.biz
1556,Maureen,Ewing,Barber Inc,001-103-054-9356x84861,albert39@guerrero.net
1557,Jacqueline,Kaufman,"Horn, Collins and Roy",001-046-689-0176x40861,vbean@short.com
1558,Kelli,Fry,"Joseph, Cooper and Delacruz",5310598778,yharmon@wolfe-haley.com
1559,Sara,Oconnell,Nichols LLC,100-627-8054x1413,nancylutz@cooley.com
1560,Steven,Roberson,"Mclean, Pena and Decker",779-377-6508,christine51@callahan.com
1561,Madison,Shepard,"Pham, Benjamin and Payne",+1-605-337-7697x307,mathew27@james-krause.org
1562,Lonnie,Shah,Conner-Cruz,766.881.4499,andrewstoni@whitehead.biz
1563,Tony,Fuller,Hendricks-Dominguez,001-482-957-9722,steve28@everett.com
1564,Brittney,Martinez,Morgan-Juarez,399.317.8454x730,nelsongilbert@mcmillan-jones.com
1565,Sergio,Juarez,"Parrish, Mack and Beck",001-820-334-3451x79860,shawna20@andrade.biz
1566,Lindsey,Benjamin,Riggs-Greene,001-844-110-1921x107,adam20@wong-downs.com
1567,Tina,Campos,Cline Inc,077.660.0552x4560,trobles@montgomery.com
1568,Ryan,Lutz,Davis-Walter,001-280-003-2366x866,cassie40@walton.com
1569,Glenn,Ortega,"Moyer, Mckee and Montgomery",629-219-5269x7959,olittle@wall-barber.net
1570,Casey,Shah,Baker Inc,001-947-925-0022x194,fritzcharlotte@livingston-hatfield.org
1571,Yolanda,Peters,Shaw-Riley,(446)660-1373x4307,bcline@graham-galloway.com
1572,Dwayne,Randall,"Copeland, Flores and Barton",490.338.4375,bruce88@foley.info
1573,Theodore,Drake,"Lin, Ellison and Page",625.398.7611x74667,bolsen@carpenter.com
1574,Jeremiah,Vang,"Serrano, Mills and Roman",+1-934-656-1056x70855,patrickallen@sims-moore.com
1575,Clayton,Duran,Burns-Acosta,001-152-308-6862,rfoster@curry.biz
1576,Shannon,Garza,Mack-Sullivan,001-476-427-6163x48148,paulaperez@hahn.com
1577,Alexis,Jordan,Lutz-Hughes,880.431.0233x9272,espinozaphilip@rangel.info
1578,Traci,Cooper,Mcneil-Rose,587-562-4038,gloverjeffery@hart.com
1579,Connie,Welch,"Fields, Rivers and Horton",163-267-1325x663,grossjaime@combs.com
1580,Shirley,Cuevas,Stewart-Crawford,334.474.1950x1963,laura75@lawson.org
1581,Derrick,Braun,Schultz-Montoya,+1-940-585-6448x85995,tstevenson@mcguire.com
1582,Lawrence,Best,Massey PLC,1249409857,ilambert@zuniga-huffman.com
1583,Jerome,Cohen,Aguirre-Bean,945.429.3246,kerrsheryl@campos.com
1584,Reginald,Pope,Choi and Sons,544.251.4289,christensengreg@stein-randolph.org
1585,Vincent,Juarez,Tucker-Rivera,001-945-599-6404,clairemahoney@medina.com
1586,Sergio,Robertson,"Ayala, Obrien and Pennington",(422)662-1344,drew52@barker.biz
1587,Tanner,Zamora,Hanna Group,530.022.9932x68483,howardrobertson@chase.info
1588,Kent,Melton,"Green, Doyle and Osborne",072-832-5726,mroberson@zamora.com
1589,Tammie,Lane,Moody Inc,001-136-220-1282x112,isims@jimenez.info
1590,Jeremiah,Solomon,Pace-Choi,356-274-1357x88110,alecbennett@mcgrath.biz
1591,Kristy,Johns,Barnes-Giles,546-136-7499x94960,summersjerry@stark.com
1592,Brian,Farmer,Boone PLC,724-004-2127x37544,fmccormick@cowan.info
1593,Nichole,Decker,Hinton LLC,105.423.2913x19422,dicksonshane@pearson-sheppard.com
1594,Leonard,Morris,Carrillo-Hanson,001-708-354-5581x89402,nbooker@spence-ramirez.biz
1595,Raven,Irwin,"Campbell, Clark and Spears",001-553-382-8514x15812,nielsenbrandy@mooney.net
1596,Ryan,Baldwin,Cortez Inc,486.680.9465x023,stacie98@newman.com
1597,Stephen,Hooper,"Peck, Stark and Nash",+1-513-343-2973x252,tcuevas@moore-rice.com
1598,Kristin,Estes,Miles-Benson,+1-049-168-1943x525,timothystrickland@jefferson-mendez.net
1599,Ellen,Prince,Huang PLC,638.359.2029x38642,uphelps@house-rubio.com
1600,Kim,Adams,"Larson, Reilly and Wade",+1-843-452-1172x524,marco42@mcneil.com
1601,Karl,Tanner,Perkins PLC,369-917-0938,grossbecky@horne-hunter.com
1602,Breanna,Bush,"Pennington, Galvan and Neal",001-476-026-4388x00576,xberg@phelps.com
1603,Cristian,Stevenson,Gibbs Group,(644)040-6505,jorgesampson@roach-hull.com
1604,Deanna,Mejia,Sheppard-Glass,644-929-5961,gabrielle06@logan.com
1605,Stephen,Chung,"Haas, Acevedo and Ward",(542)847-3124,zmoreno@travis.info
1606,Joanna,Roth,Sandoval Inc,001-098-859-1712x2837,ugolden@eaton.com
1607,Tabitha,Reyes,Sanchez LLC,001-074-842-1727x212,kennethnolan@callahan-waller.com
1608,Hayden,Mack,Simon LLC,(443)692-4767x5498,wangalicia@wright-potter.com
1609,Jimmy,Glass,Miller-Kelly,715-171-1443,kristopher39@lawrence.biz
1610,Natasha,Henry,"Andersen, Stafford and Foster",999.945.4299x8273,preston71@bowen-lucas.info
1611,Justin,Mcpherson,"Donaldson, Dougherty and Holloway",+1-982-274-5504x12756,doriswilkins@ramirez.org
1612,Selena,Cohen,"Chang, Bright and Goodwin",(109)801-8979x01529,erica97@bird.com
1613,Alyssa,Hines,"Keith, Pruitt and Becker",007.141.9882x727,middletonpenny@lawson.com
1614,Dorothy,Vance,Sweeney-May,+1-796-636-6677x9002,shorton@nolan.com
1615,Wendy,Berger,Boone-Tanner,001-281-674-5905x623,mcoleman@parks.com
1616,Tasha,Vang,Wells-Blackburn,2143191110,martingilbert@short-munoz.info
1617,Alyssa,Reese,"Pearson, Velazquez and Morton",393.211.0919x58662,tiffanysalas@phelps-bright.info
1618,Geoffrey,Fuentes,"Moon, Simpson and Chan",+1-907-827-0439x24328,buckleysandra@schultz.info
1619,Alan,Harrell,"Werner, Sparks and Harrell",7531543408,feliciablake@oconnell.com
1620,Levi,Porter,Oneill Ltd,(575)770-1834x942,ejuarez@cline-oneill.com
1621,David,Figueroa,Coleman Ltd,128.691.1808x0491,maxwell03@whitaker-shaffer.com
1622,Jenny,Bullock,Marquez-Perez,(692)517-9944x0811,taylor52@bruce-bender.org
1623,Bobby,Cervantes,Hicks-Hoover,001-432-239-2866x38094,gabriela69@thomas.com
1624,Kimberly,Goodwin,Keith Inc,064.800.0941x9392,joanne50@woodward.com
1625,Laurie,Frazier,"Gates, Tran and Simpson",-8935,mccarthyalicia@scott.info
1626,Kari,Wilkinson,"Ingram, Allen and Foster",005-623-9685x175,farmerspencer@beltran.org
1627,Dominique,Valenzuela,Fields-Ferrell,(914)042-8723,bhatfield@hood-stewart.net
1628,Deborah,Casey,Cross LLC,-8762,fvance@knapp-barron.net
1629,Harold,Short,Cooper Inc,871.875.9449x7697,austinbarrett@simon-roberson.com
1630,Ricky,Griffin,Bowman LLC,+1-284-938-2219x38266,acevedokristi@howard-ashley.com
1631,Belinda,Pham,West-French,059-774-6888x7522,sherryburch@hawkins.com
1632,Shaun,Miranda,"Fernandez, Cain and Andrade",001-643-182-6509x681,kwalsh@mccarthy.biz
1633,Austin,Deleon,Maxwell Group,001-734-153-4846x9247,pzhang@booth.com
1634,Mathew,Lam,Meyer Ltd,648760669,goodwinkristina@whitehead.info
1635,Ricardo,Kirk,"Underwood, Mendoza and Stephenson",+1-499-734-2552x685,jimenezbrad@mcgee.com
1636,Isaac,Hendricks,Ruiz-Harrison,341-892-9798x0347,tammy32@mendoza-richards.net
1637,Tommy,Gallagher,Hunt Ltd,001-296-355-1459x214,melissadavid@mcbride.com
1638,Chad,Goodman,"Gardner, Gentry and Craig",001-724-080-9134x589,shawbetty@salinas-carey.com
1639,Bridget,Benton,"Beck, Butler and Duran",612-119-6547,wesleywalter@whitaker.com
1640,Dakota,Hunt,Reed-Salazar,(526)576-0569,lynn73@sherman.com
1641,Tammie,Cunningham,Yu Ltd,+1-726-124-9474x7924,michaela61@sims-terry.net
1642,Amber,Glenn,"Small, Durham and Pitts",712-492-9554,efaulkner@andrews-morrow.net
1643,Adrian,Moon,Carr LLC,(037)354-6401x54229,stricklandmargaret@johnston-ayers.com
1644,Candice,Orozco,Mcintosh Inc,916.311.5483x22590,ivanyoder@eaton.com
1645,Charles,Chen,"Beck, Ortiz and Dunn",+1-588-534-2721x49783,eclements@gordon-combs.com
1646,Paige,Stanton,"Mason, Whitehead and Barrera",+1-171-137-3148x5404,tranmarcus@maxwell.net
1647,Mary,Mcpherson,Schroeder-Lane,+1-400-734-7602x0355,saraduke@saunders.com
1648,Aaron,Butler,"Robertson, Wise and Love",2192841211,cindy82@shaw-saunders.biz
1649,Mckenzie,Cuevas,"Oliver, Baird and Boyer",(208)998-7004x974,charlesronald@mcknight.com
1650,Cheyenne,Cobb,Rowland LLC,175-232-8721,betty98@rhodes.org
1651,Madison,Simpson,Neal-Molina,+1-103-124-8534x31326,bonnie13@mclean.com
1652,Wesley,Morales,"Montoya, Vaughan and Velazquez",704.806.8259,qcrawford@hughes-schultz.com
1653,Kristopher,Mcmahon,"Clay, Hodge and Andrade",001-899-611-5856x118,kyliemartinez@webster.net
1654,Karla,Mccormick,Cole Inc,649-156-7076x66036,wrandall@sweeney.com
1655,Bob,Oconnell,Mills LLC,(517)321-9679x21611,yreid@salazar.org
1656,Garrett,Kaufman,"Anthony, Bowen and Martin",(952)928-0972x4041,sduffy@hall.com
1657,Diamond,Nunez,"Bartlett, Reynolds and Bryant",+1-031-536-6371x7003,nashstephanie@gordon.com
1658,Savannah,Singh,Hess and Sons,(721)685-8782,tammy98@donovan.biz
1659,Jorge,Patrick,"Benton, Blair and Wolf",545.112.6471,krystal75@ware.com
1660,Rodney,Eaton,Rice-Sweeney,+1-725-274-7887x9550,tonya14@walters-ruiz.com
1661,Eugene,Good,"Sutton, Crane and Archer",940-455-4778x47481,greg88@day.com
1662,Felicia,Pruitt,"Gould, Ayala and Butler",(552)464-8419,kaitlin15@garcia-haney.com
1663,Leroy,Mann,Waters PLC,478-845-4768,zbowers@cameron.com
1664,Ashlee,Dixon,Reese Ltd,001-674-243-7422x57501,jorgenewman@bullock-welch.com
1665,Gabriella,Hughes,"Horne, Walters and Duke",333-372-4895x90191,cdouglas@mahoney.com
1666,Dwayne,Wheeler,"Cooke, Walls and Blair",573-999-7446,jennifer64@church.com
1667,Pedro,Aguilar,Brooks-Kennedy,+1-716-854-7725x23751,dudleyabigail@crosby.com
1668,Leonard,Clayton,Acevedo Ltd,001-894-504-6202x44380,sheena51@oneill.com
1669,Derek,French,Fritz Group,+1-562-498-9218x0652,williamcline@rowe-bishop.com
1670,Gordon,Walsh,"Vega, Potter and Skinner",+1-326-521-5598x5029,boltonwillie@mclaughlin.net
1671,Hayden,Mckenzie,Beasley and Sons,+1-761-961-4121x8524,jwallace@rojas-rowe.org
1672,Adam,Garrison,Clayton Ltd,001-822-021-0681x78994,yhardy@watts-hayes.info
1673,Charlotte,Hendrix,Conley-Cochran,001-533-138-5627x605,weisscarolyn@thomas.biz
1674,Jocelyn,Cuevas,Meadows LLC,935-039-2833x756,gouldkristie@donaldson.com
1675,Greg,Crawford,"Gibson, Galloway and Williamson",001-804-786-7702,tatehailey@hayden-mayer.com
1676,Tom,Galloway,Gill-Mccarthy,772-260-6045,christopher86@suarez-boyle.com
1677,Jerome,Ortega,Solomon Group,+1-737-995-5737x03400,dwarner@huffman.com
1678,Makayla,Potter,Vance Ltd,(881)134-5637x31764,barrymelody@horne.com
1679,Eduardo,Singleton,Fox-Guerrero,(922)548-4683x6622,caitlyn50@house.com
1680,Deborah,Espinoza,Kelly Inc,856-211-3344,meagan30@underwood.org
1681,Sophia,Scott,Bartlett-Hardin,(245)790-6293x875,tbishop@diaz.com
1682,Sarah,Walls,Collier-Warren,428-561-0373x777,brianamyers@lamb-pollard.com
1683,Makayla,Ibarra,Huber-Griffin,001-625-554-2466,dchan@valdez.com
1684,Natasha,Nicholson,"Olsen, Hernandez and Garza",207-456-6983,afrye@sandoval.biz
1685,Vincent,Mccoy,Clayton-Jenkins,+1-343-284-5091x853,andrewdonovan@graves-watts.com
1686,Clarence,Kelley,Dennis-Murillo,(748)037-6785,montesdan@morrow.com
1687,Trevor,Duarte,"Hoffman, Mcfarland and Montgomery",-7333,blakevalerie@hooper.net
1688,Tyler,Obrien,"Holland, Fry and Mckinney",049-955-1909,carolynjohnson@larsen.com
1689,Clayton,Maxwell,Frank-Finley,766.780.4772x894,darin22@decker.com
1690,Elaine,Davis,Robinson-Schneider,(642)083-1297x9038,goldenbridget@rivers-harris.info
1691,Sandy,Stein,Jimenez Ltd,2578911098,tim19@daniel.net
1692,Jessica,Carney,Gallegos Group,759.269.3995x076,zlarsen@zimmerman.com
1693,Cole,Rollins,"Wiley, Wiley and Townsend",322.131.5486x62409,barnettkristin@livingston.com
1694,George,Rocha,"Cisneros, Wheeler and Espinoza",538-670-4798,fowlervernon@curtis.com
1695,Rhonda,Banks,Swanson Ltd,249-710-4526x417,tristansingleton@marks-fitzpatrick.info
1696,Jo,Woodward,Horne and Sons,001-752-057-6655x568,marvinstuart@jacobs.org
1697,Carlos,Hudson,Hays-Lynn,(414)354-5504x6813,alexsutton@nixon.net
1698,Morgan,Moses,"Sanford, Keller and Davila",346.945.2217,yesenia98@ortega-lang.org
1699,Breanna,Merritt,Riley and Sons,001-988-272-5771,shari87@simmons-villanueva.info
1700,Willie,Rollins,Small PLC,997.871.3990x6902,smcclain@sloan.net
1701,Felicia,Townsend,Obrien-Webb,(582)975-3462x08382,curtisroberson@travis.com
1702,Lacey,Madden,"Wheeler, Sandoval and Gay",437.467.6644x7230,zmaldonado@bass.com
1703,Daryl,Harrell,Bean Group,001-164-645-0236x1029,kirbysylvia@houston-hebert.com
1704,Daniel,Schwartz,Olsen and Sons,367.892.0682x7916,gshannon@rojas.net
1705,Mason,Huynh,"Floyd, Cox and Richard",5894629364,lucas66@mora.com
1706,Norman,Bates,"Luna, Ballard and Robles",864-360-2837x98383,fruiz@burns.com
1707,Kellie,Davenport,Lewis Inc,1101291547,maria02@becker.com
1708,Natalie,Stuart,White-Mejia,001-448-685-2567x4816,schaeferchristie@davila.com
1709,Jennifer,Kidd,Stanton and Sons,(822)026-7285x809,xavieroneill@booker-carter.com
1710,Tami,Hampton,Guzman-Brewer,354397529,gspears@pace-blake.com
1711,Roger,Jimenez,Sims-Mckenzie,747-121-4101,amy85@banks-russell.com
1712,Allison,Nixon,"Madden, Knox and Harris",001-795-457-1873x998,jweber@holt.com
1713,Anne,Hardin,Santos LLC,486-807-6475x166,barry55@kane-mercado.com
1714,Sheri,Sosa,"Wilson, Bates and Potter",(803)370-4465x8862,jharding@snow.biz
1715,Elijah,Bennett,"Patrick, Duran and Weeks",001-844-975-2263,tabithamitchell@woodard.com
1716,Gregg,Mcclure,"Mcmillan, Sparks and Bean",+1-110-769-1479x976,nbautista@poole-mcneil.com
1717,Haley,Lawson,Ayala-Mcgrath,001-980-074-3637,schaefergerald@hill.net
1718,Manuel,Harper,Peterson LLC,001-120-453-5450x21782,kathy06@vang-stevenson.info
1719,Devon,Horn,Burch-Elliott,-9998,brittney20@burke.biz
1720,Maxwell,Conway,Oliver Group,699.602.4358,tvang@gay.biz
1721,Dillon,Chung,Horn-Hines,+1-640-186-3665x84637,carrie26@nunez.com
1722,Connor,Serrano,"Solis, Fields and Paul",745-360-7320,olivia37@phelps.com
1723,Chloe,Reilly,Matthews-Camacho,001-317-954-9043x251,jaimeconrad@bowman-simmons.com
1724,Ronald,Li,Pollard Inc,001-089-547-2367,ibird@acosta.com
1725,Arthur,Hampton,"Parsons, Baldwin and Rivas",(010)916-3348x43272,mlutz@george.org
1726,Shawn,Ramsey,"Copeland, Travis and Bartlett",562-023-1622x351,vanessa27@guerrero.org
1727,Brian,Spears,Hubbard LLC,001-636-935-8060x93176,marissa13@love.com
1728,Roger,Novak,"Cortez, Stevens and Ayers",149-407-4039,gardnersandy@zuniga.net
1729,Theresa,Wilkerson,"Mack, Hall and Leon",941-087-8168x6014,grant00@chang.com
1730,Miranda,Clark,Roberson Ltd,001-098-675-7272,stewartspencer@tran.com
1731,Kelli,Barron,"Gray, Contreras and Ball",128.189.6323x5170,trevor78@beltran.biz
1732,Mason,Mccann,Contreras-Avila,001-922-755-5590x059,garciajerry@francis-barry.com
1733,Anthony,Mendoza,"Moon, Benitez and Hanna",471.344.9899x828,brewerannette@costa-winters.com
1734,Frances,Alvarez,"Hendricks, White and Donaldson",+1-710-811-5825x5616,sotobill@trujillo.com
1735,Marvin,Harmon,Roman Inc,145-044-9784x212,erika98@christensen-bray.biz
1736,Jeanette,Sullivan,"Hartman, Craig and Rivas",3744069356,bennettjoseph@cisneros.com
1737,Marcus,Gillespie,Oconnor and Sons,614.124.9703,courtney45@christian-bishop.com
1738,Chase,Campbell,Pollard Inc,001-635-091-3667x287,lydia08@shelton.info
1739,Gwendolyn,Foley,Heath and Sons,320.107.8978x2778,kara18@short.com
1740,Danny,Barron,Yates Group,+1-182-320-6044x282,lwood@davila.info
1741,Manuel,Woodward,"Compton, Tran and Campos",(468)796-8316,colton05@cooley.org
1742,Keith,Raymond,Bauer Ltd,(831)006-3484x1816,harry87@terrell.net
1743,Norman,Kramer,Douglas PLC,464-960-4692,vegajustin@terrell.com
1744,Frederick,Benton,"Fuller, Sandoval and Cameron",001-119-724-0976x35117,linda58@shaw.biz
1745,Stephen,White,"Doyle, Estes and Dennis",069.962.0551x34572,curtis16@clay.net
1746,Nicholas,Spence,"Kidd, Smith and Duran",+1-444-637-0960x849,theresa92@guerrero-arellano.com
1747,Alvin,Leon,"Anthony, Salazar and Ashley",564-691-5494x42730,qcervantes@morton-huerta.com
1748,Norma,Owens,"Austin, Fitzgerald and Hale",+1-461-624-1215x25056,ybanks@franco-daniel.com
1749,Alejandra,Braun,Ferrell-Whitney,(949)514-4961,dominique23@larson-macias.info
1750,Ryan,Caldwell,Curry-Burgess,+1-816-562-0779x4639,peggy73@kidd.com
1751,Sara,Salas,"Mcmahon, Reyes and Maynard",(258)085-9117x04579,dmayer@rasmussen.com
1752,Francis,Hatfield,"Rose, Kaiser and Hinton",(630)742-2703,nicholsjasmin@sloan.org
1753,Madeline,Perry,"Jacobson, Salazar and Miller",(565)008-7256,gordon61@marshall.biz
1754,Kelli,Bautista,"Wiggins, Vasquez and Gibson",(619)954-6369,novakbrady@dunlap.com
1755,Joy,Cardenas,"Terrell, Davila and Bailey",+1-483-867-5023x43343,stacycooper@norman-love.com
1756,Belinda,Smith,Snyder-Lowery,001-715-426-0136x11943,bruce92@watkins-burch.biz
1757,Eugene,Lucas,Miller-Wu,148-360-6577x347,jowall@gallagher-george.com
1758,Michelle,Bass,Mcclure Ltd,945543957,turnererik@greer.com
1759,Roy,Richmond,Haynes-Maldonado,001-797-673-2350x19098,benjaminalfred@novak-hodges.biz
1760,Jim,Holt,"Mccarthy, Baldwin and Gardner",(748)367-5510x16011,andrew95@lopez-arias.com
1761,Danielle,Barr,Vaughan-Greene,787-740-3528,omarreed@alvarez.com
1762,Ryan,Wong,"Kramer, Ewing and House",059-035-7994x1757,ywiley@allison-contreras.com
1763,Wyatt,Jennings,Stone-Wallace,4835747678,tammynewman@vazquez-diaz.com
1764,Jesse,Gill,Fuentes-White,848.113.3990x33531,prestonburns@chang.com
1765,Ernest,Lopez,"Vargas, Wade and Donovan",799-839-0938x2066,cuevasdana@brooks.com
1766,Desiree,Vang,"Osborn, Palmer and Mooney",(034)816-9478,hbryan@landry-short.com
1767,Robin,Choi,Mason Inc,001-751-436-5472,jordanhernandez@spears.com
1768,Elijah,Acosta,Cisneros-Roach,622-469-0502,wcarroll@bartlett.com
1769,Edwin,Winters,Grant LLC,(594)874-7501,fordantonio@adkins-krueger.info
1770,Edwin,Strickland,Strong-Acosta,(551)071-3254,harry18@stuart-bean.com
1771,Sandy,Price,"Pollard, Brady and West",001-741-932-0932x0177,vstanton@lucas.com
1772,Louis,Tanner,Malone Ltd,(442)211-3561,norrismanuel@torres.net
1773,Ernest,Chandler,Hawkins Ltd,(207)969-9678,darlenepayne@villanueva-stevens.com
1774,Erin,Burton,"Neal, Wright and Moss",001-268-417-5764x8435,vhammond@schultz-jensen.info
1775,Roberto,Bolton,"Mcmillan, Johns and Velez",(590)599-4092,adkinsbrittany@nolan.net
1776,Bryce,Conway,Willis-Rodgers,+1-653-700-0067x5431,uosborne@hayes-chen.com
1777,Dean,Stone,Patel-Mercer,3237621468,wesley97@keller-walters.com
1778,Mallory,Kemp,Howard-Duffy,239.704.1943,darrell04@cardenas.net
1779,Rebecca,Singleton,Aguilar PLC,(832)549-8161,conwaytommy@mullins.info
1780,Corey,Melton,Jacobson-Wade,+1-104-581-5426x4237,kemplaurie@bradshaw.com
1781,Sarah,Rubio,Moody-Gilmore,(879)649-3776x55078,tanner94@mann.com
1782,Phillip,Kelly,Boone Ltd,(531)570-2386x630,gabriela37@sanford.com
1783,Connie,Andrade,"Quinn, Mendez and Jacobs",261-197-3480x52938,dwayne67@bernard.com
1784,Frederick,Vargas,"Blackburn, French and Zimmerman",821-143-1835x110,suarezcaleb@hoffman-craig.com
1785,Emma,Douglas,Mccullough-Harrison,(447)750-0364,jermainesherman@weeks.com
1786,Eileen,Knight,Jackson Ltd,2676815326,woodsshawna@alvarado.net
1787,Laurie,Galvan,Blevins and Sons,4415985743,codyscott@potts.info
1788,Kaitlyn,Howe,Mcdowell-Wade,-2053,qbray@wiley.biz
1789,Terrence,Avery,"Francis, Stevens and Stuart",714-503-6277x429,brady45@holland.net
1790,Vernon,Gilmore,"Wagner, Briggs and Watts",583.153.2719x071,sara83@tran-dorsey.info
1791,Ernest,Mullins,Sanchez Inc,+1-732-370-2845x64623,lbryant@farley-park.com
1792,Glen,Foster,Russo Inc,+1-947-033-4914x124,marissa92@harding.info
1793,Alice,Hebert,"Floyd, Golden and Bass",298.634.5895,sharpperry@west.biz
1794,Julia,Williamson,"Murray, Jennings and Mccarty",+1-000-610-1378x37842,cassiesilva@patton-edwards.com
1795,Andres,Roth,"Woodard, Sharp and Colon",(031)368-0600,hsolis@griffith.com
1796,Destiny,York,Juarez PLC,937.545.7338x134,lucasconway@hardin.net
1797,Monique,Ramsey,Tyler Ltd,+1-153-603-3967x23618,beltrancandice@estrada.com
1798,Rebecca,Scott,"Schneider, Fischer and Soto",001-697-288-6176x3335,woodwardalicia@davenport.com
1799,Dominic,English,"Mcclain, Klein and Chaney",431-046-3807x07034,ksimpson@rosales.com
1800,Ebony,Miller,Gates LLC,916.142.4714x65582,davidcasey@ponce.info
1801,Isaiah,Schneider,"Reynolds, Payne and Bullock",483.795.3412x2520,kenneth56@adkins-flores.com
1802,Savannah,Marsh,Hobbs-Mayer,001-091-350-9171x113,ablankenship@mccall.com
1803,Mason,Osborn,"Wang, Sanford and Stout",074.176.6421,gouldruth@mendoza-hull.com
1804,Erica,Walter,Cole-Gould,+1-992-604-9326x50451,kaitlin56@sosa-thomas.net
1805,Adriana,Obrien,Herrera-Conner,001-919-381-2791,claudiaberry@bender-gillespie.net
1806,Joy,Mercer,Cain-Smith,(429)672-7636x6097,maysalyssa@preston-whitaker.com
1807,Christopher,Allison,Hess LLC,669.805.4311x9823,hharrell@mills.biz
1808,Marilyn,Macdonald,Hayes Group,001-701-443-3527x036,devinrosario@byrd.com
1809,Ian,Galvan,"Bradford, Obrien and Morris",675.492.1709x3219,robynlevy@spence.info
1810,Natasha,Kemp,Moses LLC,3445758198,mario53@long.com
1811,Gloria,Anthony,Pierce Inc,001-209-995-5970x830,samanthamccall@conley.com
1812,Sheryl,Haney,Mayer-Velez,197.369.1571,colejon@carson-davis.com
1813,Kylie,Paul,"Hatfield, Hudson and Glass",200.335.5435,tommy62@love.com
1814,Laurie,Graham,Murphy and Sons,4009876205,waltergreene@ortiz-marshall.com
1815,Jackson,Huerta,"Villarreal, Fernandez and Winters",199-288-2506,tara33@solis-rojas.com
1816,Jon,Holland,Sullivan-Terry,054.226.3890x48230,farrellmanuel@kennedy-kirby.com
1817,Shelia,Webster,Serrano-Nielsen,001-400-478-6214,millskatelyn@ponce.com
1818,Timothy,Shaffer,"Mullins, Cisneros and Boyd",001-686-209-7368x12737,laneandres@gilbert.com
1819,Carl,Byrd,Hartman-Zhang,+1-821-085-8923x576,arthurnguyen@mendez-kennedy.net
1820,Felicia,Stein,"Johnston, Pope and Kirk",+1-479-211-1356x7705,angie16@ayers.com
1821,Jeremiah,Boyer,Case PLC,(388)862-9602x5134,jakestanley@hughes-williamson.info
1822,Darren,Huynh,"Howard, Frye and Neal",+1-095-864-3551x4775,kariarnold@valentine-underwood.net
1823,Allen,Gordon,"Turner, Wagner and Gould",496.404.8958,nmontgomery@singleton-hodges.com
1824,Drew,Benson,Pittman PLC,(104)809-3951,ferrellmarc@mata-lindsey.info
1825,Dennis,Bailey,Conley Inc,001-194-904-0576x4632,roykelli@huang.com
1826,Kristi,Cain,Singh-Mcneil,(352)387-6140x83619,kari40@strong.biz
1827,Kyle,Cline,Williams Group,327.788.2477,isaac44@cisneros.info
1828,Gabrielle,Dennis,"Gomez, Sanders and Cantrell",001-616-702-7385x89733,caitlin73@acevedo.com
1829,Cassie,Frazier,"Mcclain, Mccann and Delacruz",(518)380-4802,roger90@spence-moore.com
1830,Mason,Collier,Booker-Norton,751-596-9083x204,lovejade@maxwell-vargas.com
1831,Tonya,Greene,Waters-Tanner,+1-849-482-4087x91427,joseph42@woodard.org
1832,Lynn,Kelly,"Snow, Oneill and Rangel",(046)102-1070,fmay@pope-baker.com
1833,Shaun,Knight,"Moore, Douglas and Woods",001-854-783-6560,vprice@sloan.com
1834,Austin,Knight,Walter-Espinoza,+1-994-436-6664x6190,herbert33@keller-morrow.org
1835,Kirk,Kidd,Bridges-Salazar,200.769.2581,chloeray@sims.org
1836,Aaron,Horn,Callahan Inc,(846)730-1820,ckemp@travis.info
1837,Jaime,Zuniga,Boone Inc,(351)948-2499,shelleykirk@sloan-love.info
1838,Wyatt,Roy,"Bond, Petty and Carey",9311252418,alex50@choi-booker.com
1839,Darin,Clay,"Gordon, Stanton and Chapman",434-158-1526x08812,jeffreydaniel@higgins.com
1840,Tim,Rowe,Clayton-Fitzpatrick,+1-725-722-0639x427,vanessa75@love.com
1841,Yvette,Phillips,Dickerson and Sons,001-828-468-3820x51710,tballard@carey.com
1842,Bonnie,Erickson,Mullins LLC,208-848-1634,meredithpalmer@brewer.com
1843,Kathy,Hester,Cruz-Leach,214.230.7711x0244,nicholsshelley@smith.com
1844,Blake,Holloway,Ferrell-Mueller,946-554-8585x603,ramseygavin@curry-jefferson.com
1845,Erik,Fowler,Ross PLC,-1569,whitney60@harper.com
1846,Richard,Mitchell,"Spears, Flynn and Hendrix",782-290-6262x10779,tracie52@ortiz.info
1847,Edgar,Bernard,Gay-Benitez,(861)254-0855x515,amack@cordova.info
1848,Lisa,Norton,"Beck, Sharp and Waller",681.119.3503x195,jherring@gates.com
1849,Meghan,Trevino,Pearson-Brooks,+1-578-346-4552x90051,geoffreyguzman@pace.com
1850,Herbert,Day,"Rivera, Bradford and Montgomery",-10755,kentdunn@russo-mays.com
1851,Gilbert,Hansen,Conner LLC,479.411.1690x2355,gordonisaac@gardner.com
1852,Faith,Conway,"Ball, Leblanc and Baxter",565.087.9856x481,karlahood@walls-massey.org
1853,Suzanne,Terry,Richmond PLC,818.794.0389x82537,sherry54@pitts-greer.com
1854,Kaitlyn,Jefferson,"Riddle, Nelson and Beard",(573)103-1010,kmays@parks.com
1855,Kendra,Barnett,Jordan and Sons,+1-180-987-6830x3399,ybarron@rios-hendricks.com
1856,Jared,Duarte,Sellers-Smith,067-505-0999,alexandra01@vaughan-cooke.com
1857,Monique,Alexander,"Small, Fox and Lamb",001-999-291-7401x8115,arthurwang@pittman-foster.com
1858,Jack,Gordon,Estes-Norton,560.171.1559,beverly55@curry.com
1859,Lindsay,Logan,Lucas-Haas,+1-482-370-0560x6951,jadewells@ibarra.com
1860,Natalie,Ochoa,Bond-Banks,+1-214-881-7936x4542,branchkelsey@fowler-charles.info
1861,Shelley,Bruce,Kelley Ltd,416-808-2413,mpayne@villegas-french.com
1862,Mckenzie,Villa,Holland Inc,5203899167,mirandaalexis@duffy.info
1863,Cathy,Jarvis,"Cain, Roman and Pruitt",+1-044-510-4797x01649,miguel55@zimmerman-wong.org
1864,Zoe,Pope,Campos-Clark,(426)153-7018,tabithahoffman@hudson-berger.com
1865,Christy,Lutz,Walker Inc,2019250766,tomterry@gilbert-livingston.biz
1866,Tammie,Duffy,"Randolph, Wilkins and Arellano",027.537.9757,rmaxwell@nichols.com
1867,Lori,Fritz,Ramsey-Henry,869-161-3806x72773,mandy36@benson.biz
1868,Sheri,Andrews,"Vance, Lopez and Gillespie",175.487.6371,palmershelia@charles.com
1869,Andrea,Jefferson,"Chavez, Swanson and Foster",(865)960-5639,tannerjanet@walls.info
1870,Tyrone,Callahan,"Solomon, Mcfarland and Norris",411-137-3447,rachelvalenzuela@stuart-turner.com
1871,Michael,Davis,"Knapp, Mckinney and Pham",148-954-7793x004,byrdvanessa@turner.com
1872,Justin,Gardner,Dickerson and Sons,(793)285-0979,sanfordgordon@swanson.com
1873,Ellen,Jarvis,"Dillon, Taylor and Compton",059-763-9074x2112,vegajohnathan@hardin.com
1874,Ray,Costa,"Heath, Berg and Gibbs",(267)090-3873x73189,rherring@galloway.info
1875,Chelsey,Dixon,Meza LLC,(573)688-1874x52087,erik82@cruz.com
1876,Rebekah,Vang,Roth and Sons,887.883.2090x71190,alex79@patton-campbell.org
1877,Kent,Mitchell,Benitez Ltd,001-789-986-2163x40411,brent20@marshall.biz
1878,Joann,Levine,"Kim, Aguilar and Andersen",+1-900-215-2182x1198,shawna42@downs.com
1879,Maureen,Mathews,Curtis and Sons,423.447.9998x54950,nielsendarius@gentry-chaney.biz
1880,Judith,Moyer,"Holt, Yang and Boyle",691-349-8187x950,ale@massey.com
1881,Jade,Frederick,Phillips Group,001-700-548-5563x8943,christinewoodard@melendez.biz
1882,Reginald,English,Gamble-Gibbs,+1-862-371-4517x67353,marcus80@morris.com
1883,Isaac,Wilkinson,"Burke, Gordon and Wilkerson",3020977540,rickey93@vargas.biz
1884,Kristen,Cameron,"Forbes, Kaufman and Beard",-4371,joseph94@tanner-ryan.com
1885,Meredith,Roy,Mendez and Sons,068.901.9170,levinekelly@mays.net
1886,Tasha,Pittman,"Ferrell, Pierce and Calderon",875-461-4445x82567,leonardirwin@garner-krueger.info
1887,Jacob,Rhodes,Murphy Group,370-544-7640x045,karipitts@ayers-cox.biz
1888,Glenn,Lopez,"Norton, Casey and Little",444.836.0932,kerickson@summers.com
1889,Jesus,Gonzales,"Hammond, Leon and Gilbert",210.562.3331x327,whuang@lin.com
1890,Sarah,Leblanc,Ashley-Melton,317.783.1164x385,jimbailey@hays.org
1891,Hayley,Norris,Pena Inc,(462)804-7489,leehooper@wise.com
1892,Regina,Mcfarland,Larson Inc,354-972-1078,craigmurillo@curtis.com
1893,Yesenia,Alvarez,"Holloway, Ferguson and Fitzgerald",001-389-426-7805x9646,pottskerri@rosario.com
1894,Rick,Hoffman,Cain Group,377.518.2038x824,salinasxavier@arroyo.org
1895,Joy,Crosby,Trevino-Mathews,564.723.7447,priscilla20@david.com
1896,Kristine,Mcclain,"Hicks, Hines and Hull",937-843-6103x129,hamiltonelaine@levine-andrade.com
1897,Gregg,Shaffer,"Roberson, Mcclain and Bradshaw",229.729.0761x958,travisstacy@orozco.com
1898,Toni,Robertson,"Russell, Allison and Serrano",+1-698-694-8778x193,gravestasha@sellers.info
1899,Martin,Pacheco,Greene Group,931.442.4323,bmaxwell@keller.com
1900,Brooke,Dunlap,Buchanan and Sons,(073)561-1738x798,kiddwayne@marquez-ayala.com
1901,Kristie,Tapia,"Hammond, Shepard and Wilkerson",277.988.9460x01512,imann@blackburn.biz
1902,Joseph,Shaw,Hudson Inc,(745)768-8584,omorgan@meadows.com
1903,Jack,Franco,Blackburn and Sons,+1-178-419-0745x12857,watersanna@dudley.net
1904,Mckenzie,Jackson,"Mcgrath, Escobar and Cuevas",299.348.8964x6462,brosario@mercer.com
1905,Franklin,Herman,Cantu Ltd,217.091.3915,salinasjasmin@jackson.com
1906,Ronald,Tate,Wolfe-Silva,592.086.5254x926,cervantesmaria@vincent.org
1907,Mason,Donaldson,"Andrade, Norman and Ibarra",(265)786-1892,ryaningram@stevens.org
1908,Caleb,Griffith,Morton-Dudley,+1-350-020-0270x7526,peter97@newton.com
1909,Caitlin,Boyd,"Frazier, Li and Landry",496-245-3496x550,javierconner@saunders.com
1910,Terrence,Delacruz,Lang-Branch,492-738-6070x1443,robertacoffey@fry.info
1911,Bianca,Nguyen,French PLC,884.973.2490x7880,jterry@potter.com
1912,Felicia,Schroeder,Stafford-Arias,067.957.5321,foxjoan@guzman.com
1913,Elijah,Navarro,"Giles, Reid and Cisneros",4036464204,williamrich@byrd-harvey.net
1914,Darin,Frederick,Wilkerson and Sons,(753)711-9659,tannerseth@hughes-hawkins.com
1915,Noah,Orr,Mathews-Floyd,1695662591,eshea@newman-nelson.com
1916,Howard,Larson,Henson Ltd,155.545.9670x1337,lmoon@macdonald-meyer.biz
1917,Karina,Zhang,"Allen, Byrd and Oliver",(679)223-3818x7569,bridgesivan@reynolds.com
1918,Patty,Rose,Banks-Dalton,716.670.5905x140,paula16@brock.info
1919,Isabella,Koch,Gould-Montes,739.874.7103x5216,angela09@herman.com
1920,Wanda,Acosta,Lozano-Henson,+1-525-735-1302x010,joherring@osborn.com
1921,Marilyn,Huerta,Heath-Cummings,001-564-986-8605x792,sreeves@maddox-fry.biz
1922,Melissa,Mcgrath,Kent PLC,001-248-936-5390x9704,robyngray@pearson.biz
1923,Sara,Heath,Molina-Wall,-3383,jaredshannon@shaffer.org
1924,Vickie,Snow,Brady Group,(677)620-7471x81011,kerrihale@ritter.com
1925,Susan,Faulkner,Dillon Ltd,+1-491-811-4201x4025,leroymeyer@beard.com
1926,Janice,Garrison,Nunez Ltd,231-007-9710x4571,pedro48@page.com
1927,Marilyn,Conrad,"Jennings, Wall and English",001-570-521-9370x898,parkershields@navarro.com
1928,Dana,Ross,"Hayes, Holder and Russo",-4940,marie53@bell.com
1929,Cory,York,"Arroyo, Parrish and Odonnell",(779)423-3627,kirk79@cummings.com
1930,Diamond,Jones,Huang PLC,467.417.9943,dominiquelawson@price-cabrera.com
1931,Darryl,Davis,Booth-Yoder,(121)123-6625,marshallalejandro@harding.com
1932,Norman,Aguilar,Tanner-Fuentes,9969867329,wallsparker@dorsey-payne.net
1933,Rebecca,Buck,"Steele, Kennedy and Leon",500.577.3389x51940,meredith76@bonilla-boone.org
1934,Clayton,Bryant,"Horn, Wilkins and Knight",(057)805-3850,cookemarie@morse-romero.net
1935,Jennifer,Vang,Gonzalez Inc,7844163994,craig46@raymond-cooke.info
1936,Cathy,Stanley,Kline Group,556-116-4958x14315,kirsten54@hansen.info
1937,Ebony,Harris,Greer-Heath,418.701.1963x591,cynthia85@jones-harrington.com
1938,Alexis,Ferrell,Andrade-Orozco,-7600,dakotamadden@singleton.com
1939,Grant,Davila,"Vaughn, Benton and Khan",(423)587-1259x098,mccarthyerika@bruce.info
1940,Jenny,Phillips,"Carson, Colon and Contreras",8137688492,osborncody@osborne-lindsey.com
1941,Peter,Parks,"Pham, Holmes and Wyatt",-5681,ralphking@mata.com
1942,Latasha,Weaver,Chen-Contreras,252.330.6673x443,henrymurray@kane.biz
1943,Antonio,Novak,Summers and Sons,255-291-3469,erin69@parrish-benton.com
1944,Martha,Merritt,Camacho-Jennings,916-525-9259x075,mike28@garrett-kaiser.com
1945,Cynthia,Haley,"Browning, Dean and Rhodes",613.656.7476x4538,qmiranda@holloway.com
1946,Kerry,Cantu,Mcguire Group,777-415-1815x65105,galvanblake@bradley.com
1947,Bernard,White,"Bray, Oneill and Buckley",983.842.7520,daviesnatalie@chapman-weber.biz
1948,Melanie,Mcneil,Burch-Dodson,712.040.5163x85264,nbarber@kerr.net
1949,Austin,Joyce,Roberson-Delgado,8110994126,robersonkristopher@tanner.com
1950,Crystal,Bond,Bradford Group,164.783.8559,wjordan@daugherty.com
1951,Trevor,Evans,"Wolfe, Travis and Ochoa",270.497.2589,theodore18@reese-fletcher.org
1952,Roger,Maddox,Baldwin-Wagner,001-151-266-7565x87681,yarcher@noble-valencia.com
1953,Kirk,Campos,Ochoa-Collier,335-246-8547,nelsonbeth@zhang-rivas.com
1954,Daisy,Hernandez,Roth LLC,(950)713-4305x2847,eduardo76@mason.com
1955,Christine,Hernandez,"Davila, Schaefer and Maynard",(720)337-9628x51538,vincent51@brennan.com
1956,Ariel,Mendoza,Kaiser-Patel,214-076-7923x2881,matthew54@good.org
1957,Stacie,Reyes,Bradshaw PLC,-4289,karl57@martin.com
1958,Vanessa,Cain,"Pham, Roy and Gibbs",483.348.7492x5170,seancruz@chung.com
1959,Leonard,Alvarez,Juarez LLC,001-519-669-3466x33083,prestonkirsten@carson.biz
1960,Randy,Beck,Bond PLC,993.490.9312x7860,fandersen@ibarra.net
1961,Courtney,Page,Prince-Robbins,(492)964-2678,kaylamata@cole-bean.biz
1962,Denise,Medina,Singh Ltd,343-029-3561x287,greggcortez@simpson.info
1963,Neil,Morris,"Rice, Mcclain and Anthony",1733386399,isaiah50@jenkins.com
1964,Angela,Lutz,Fox-Williams,321.537.4190,brittney72@jefferson.com
1965,Maxwell,Bass,Powers Ltd,990.436.5915,melissatownsend@calhoun-prince.biz
1966,Jared,Sanders,Singleton Group,623.014.3632x0688,ocarrillo@hall.net
1967,Jay,Rios,Miles and Sons,669.783.1178,ewillis@wang-garza.com
1968,Darius,Mcbride,Peck LLC,001-760-063-4749x118,ebrowning@bautista-reilly.com
1969,Jenna,Cameron,Pitts and Sons,3317664189,jasminepetersen@simon.net
1970,Stephanie,Roberson,"Rowe, Patton and Shelton",850-980-8782,rebecca38@horton-delgado.org
1971,Crystal,Guerrero,Huffman Group,+1-491-410-8903x704,stephen66@nielsen.com
1972,Kenneth,Page,Warren and Sons,168.669.6368x0319,olivia97@stephens.biz
1973,Jasmine,Huynh,Hale Inc,(213)448-3869x4153,andrescarr@atkins.com
1974,Phillip,Pollard,Kline and Sons,+1-761-873-8836x57095,meghandalton@glenn-madden.biz
1975,Charlotte,Gill,Hull Inc,(928)353-9637,jasmine50@white.com
1976,Antonio,Reeves,Carroll-Frazier,197-003-7791x170,paulweaver@day-coleman.biz
1977,Selena,Mcmahon,Brewer-Becker,880.788.3761x3456,diamondphelps@lambert-bowman.com
1978,Alexander,Mcmahon,Osborne-Crosby,565.703.6722x9988,desireelam@bradshaw-melton.biz
1979,Jim,Maldonado,Clark-Garrison,752-292-6196x2540,mbowman@sutton.com
1980,Kristina,Hensley,"Jacobson, Webb and Snyder",933-631-6414x06702,shawnchung@porter.com
1981,Vanessa,Houston,Harrison LLC,001-888-863-3591,franklin22@chavez.com
1982,Stacey,Thornton,Copeland-Macias,(701)324-4570,brichardson@meza-francis.org
1983,Kayla,Lamb,Barber-Mora,+1-237-324-5309x25007,tfletcher@gardner.com
1984,Randy,Bender,Mcgee-Montes,382-076-4342x4598,tamaramorton@parker-turner.info
1985,Breanna,Griffith,Wilkinson-Mejia,+1-268-983-9648x965,monica99@boone.com
1986,Sierra,Case,Reeves PLC,+1-257-768-8102x55218,charleswalls@phillips.com
1987,Donald,Ingram,"Sosa, Bolton and Macdonald",001-498-373-7008,danny62@montgomery-rosales.com
1988,Wesley,Keith,"Vang, Shaffer and Gilmore",-8185,kdominguez@moore.info
1989,Dan,Blake,Christensen Ltd,001-863-017-3062x741,belinda40@glover-cain.biz
1990,Kurt,Swanson,Peck and Sons,899.658.7720x3122,mariebartlett@mahoney-houston.com
1991,Tom,Shaffer,Montes-Todd,(948)182-8192x78688,kirkcain@bolton-shaw.com
1992,Mariah,Richmond,Patel and Sons,299-735-5157x046,katherinepatrick@frost-wagner.com
1993,Fred,Taylor,Cordova Inc,858-569-1816x84261,roberto35@forbes-liu.com
1994,Rhonda,Mullen,Saunders-Yang,+1-779-835-2012x71884,lowerycolton@huffman.com
1995,Molly,Browning,"Bowman, Chapman and Collier",+1-053-915-3435x264,riley46@cunningham-holt.com
1996,Jackson,Fitzgerald,"Nelson, Bates and Arias",046-079-7300,savageeddie@wells-villa.com
1997,Norman,Sosa,"Pitts, Dougherty and Petty",154.383.5296x028,lindacraig@guzman-estrada.biz
1998,Natalie,Rosales,Johnston LLC,+1-008-522-5954x9262,uboyle@kemp.com
1999,Norma,Ortega,Abbott-Grant,+1-152-975-9065x2069,patty06@marsh-mcclure.com
2000,Oscar,Church,Frost Ltd,(460)036-9281,lonnie66@blake.biz
2001,Kendra,Banks,Frey-Krause,614-529-3677x831,tonibest@ellis.biz
2002,Jodi,Frost,Villanueva Group,001-000-063-3072x286,kristiemiles@chaney-brennan.com
2003,Jade,Oneal,Harding-Barber,(259)793-8011x185,dshaw@baker-morris.com
2004,Ronald,Bryan,Beltran Ltd,065-433-5637,aimee87@riggs.com
2005,Dillon,Koch,"Lucas, Carpenter and Cuevas",(406)651-0834x713,marie17@benson.com
2006,Ray,Carrillo,"Rojas, Boyer and Raymond",001-822-796-9773,abrewer@castaneda.biz
2007,Robyn,Acevedo,Cortez Inc,754.074.1462x29000,gallegospamela@travis-cannon.com
2008,Joanna,Anderson,Short LLC,098-221-5161,jonathon01@nielsen.com
2009,Sally,Brown,"Underwood, Zavala and Baker",(298)370-0672x84793,andreschultz@howe-flowers.biz
2010,Angie,Weaver,Hansen-Baxter,001-736-172-0169x63097,pettysydney@rivas.com
2011,Kristina,Mcclure,Cortez-Moss,+1-514-612-7215x379,collinduffy@christensen.biz
2012,Wesley,Walker,"Mitchell, Short and Boyd",(589)780-9675x8692,valerie07@wells.biz
2013,Evelyn,Khan,Grimes-Reese,(531)374-1346x935,floreszachary@salas.info
2014,Philip,Pugh,Fitzgerald and Sons,(159)927-0849,tamibeck@michael.info
2015,Tiffany,Bird,"Cochran, Barrett and Pierce",357-784-7136x12025,jodilara@chang.biz
2016,Cassie,Moody,Stevens-Mendoza,672.474.1985,rcantu@pace.com
2017,Sara,Nunez,Adkins Group,(816)647-1929,eatoncurtis@gamble.net
2018,Dominic,Hahn,Hansen and Sons,726-597-2356,sylvia15@boone-baxter.info
2019,Christine,Morrison,Weber-Giles,154.321.9140x451,willie82@benson.org
2020,Mackenzie,Dominguez,"Noble, Rivers and Rosario",362-903-6191,clarencesanford@murillo-mcpherson.info
2021,Ian,Hester,"Mcdonald, Gregory and Casey",+1-209-931-9034x49458,romeroterrance@frost.biz
2022,Theresa,Mclean,Gardner-Ellis,(591)950-7188x66845,wilsonnatasha@moon.com
2023,Alyssa,Terrell,"Patterson, Copeland and Riley",064.781.3631,daltontheresa@chambers.info
2024,Glenn,Petty,Gamble Inc,908.253.3077,cwalter@francis.info
2025,Logan,Hickman,Richards PLC,001-646-749-4465x276,danahorn@sellers.com
2026,Kristopher,Tapia,Day-Mclean,679.554.9438x394,nprince@small-mckenzie.com
2027,Teresa,Weiss,"Gould, Reyes and Rosario",831-586-0499x751,cummingsstanley@snyder-stark.net
2028,Roberto,Nguyen,Haynes-Archer,(122)138-8287,kevinarias@anderson.net
2029,Lacey,Osborne,"Moody, Greer and Middleton",8590442075,brightcarla@hood-castro.com
2030,Amy,Duncan,Kane Group,042.395.2284x1596,romerojenna@solomon.org
2031,Connor,Whitaker,Burgess-Meyers,153-064-8088x054,joyrusso@hendricks.com
2032,Harry,York,Kirk-Moon,+1-276-456-1332x570,macosta@waters-barton.biz
2033,Chase,Benson,"Bates, Walters and Fletcher",+1-083-406-4191x6115,kristie14@brown-bailey.info
2034,Terrance,Marsh,Nixon LLC,648-227-7546x0354,alejandro45@huber-wu.com
2035,Gavin,Fuller,"Chaney, Pierce and Winters",001-683-311-2811,saramathews@chang.com
2036,Janice,Lee,Stark-Leach,001-716-067-1465,ehorne@mccoy.info
2037,Blake,Gilbert,"Roy, Contreras and Bass",860-266-1351x260,katherine31@collier.com
2038,Ashley,Massey,"Carson, Hopkins and Cunningham",919.255.0384,hensonzoe@gaines.com
2039,Natasha,Patton,Holder and Sons,+1-559-801-4631x8564,uhaley@christensen.net
2040,Anita,Kelley,Olsen LLC,(568)624-5226x0809,joanna72@krueger.org
2041,Sue,Rodgers,Salinas-Barnes,001-598-830-7844x42547,cooksierra@maxwell.net
2042,April,Gardner,"Pham, Koch and Harper",001-111-310-5141x5762,patrickfrank@costa.com
2043,Charlotte,Hamilton,"Hunter, Blanchard and Roman",3891332906,cathy43@stokes-myers.net
2044,Julia,Frost,Johnston-Potts,(363)696-5899x54182,gjackson@glass.com
2045,Douglas,Mckinney,Landry Group,-6473,marilyn20@mack.com
2046,Tonya,Jensen,"Tyler, Bowman and Newman",410-640-0524x690,garrettwalters@boone.com
2047,Gene,Glenn,Cardenas LLC,(639)185-5188x9405,leroy68@farley.net
2048,Gregory,Greer,"Stanton, Foley and Freeman",001-508-010-4129x85155,norriscolleen@jensen.biz
2049,Riley,Lynn,"Chavez, Kerr and Brennan",5396815638,tjackson@little.net
2050,Alfred,Hunt,Gallegos-Owens,-7430,sherrymoore@jones.biz
2051,Roberto,Zavala,Frey PLC,+1-750-453-7643x5618,lambertjoan@mccall-hancock.info
2052,Diamond,Mora,"Davila, Hawkins and Lynn",082-771-9625x203,ginalucas@romero.com
2053,Ebony,Perry,"Collier, Crawford and Sexton",+1-331-425-7718x588,kerrbrittany@martinez.com
2054,Kelli,Blankenship,Lloyd Inc,470-052-3300,kimwiley@ray.com
2055,Sandy,Pollard,Pitts and Sons,+1-299-930-2112x052,mckenzieforbes@reid-davies.com
2056,Connor,Maxwell,"Abbott, Frost and Baker",693-127-6264x51440,conradbrittney@brennan.com
2057,Jillian,Chavez,"Archer, Branch and Gregory",1209105154,ggood@rush-howard.net
2058,Briana,Adams,"Holloway, Davis and Curry",853-415-1180x8378,harrellfrancisco@benitez.org
2059,Jared,Oneill,"Walsh, Ballard and Mccormick",1568645395,leonbowman@tate-holder.com
2060,Danny,Rice,"Lynch, Duncan and Krueger",(355)592-6686x0189,brendangallagher@fisher.com
2061,Kaylee,Hansen,"Tran, Clarke and Farley",904.183.0384,mollybeltran@mccall-gilbert.com
2062,Kiara,Charles,Long and Sons,944.256.0846,stephanieedwards@doyle-doyle.org
2063,Kathryn,Daniels,Gould PLC,001-429-901-6553x40763,deanna86@brennan.net
2064,Christine,Reynolds,Murphy-Hebert,(579)233-4974x66128,simonbradley@hodges.com
2065,Courtney,Stephenson,Mckay LLC,955-957-2546x0811,louis40@richards-oconnell.com
2066,Tanya,Holmes,Kaufman-Marshall,639.257.4677,bridgetbarton@schmitt-case.net
2067,Kathryn,Branch,"Ritter, Hill and Summers",001-055-373-1450x6116,zprice@reeves-wilkinson.info
2068,Gordon,Cohen,Turner-Ware,(763)685-6553x9824,shelly76@holt-riddle.com
2069,Seth,Vance,Harrison-Delgado,(726)641-6058,alvin02@ford-garrison.com
2070,Geoffrey,Thompson,Anderson LLC,444.140.4853,zchristensen@carson.com
2071,Herbert,Tanner,Medina-Haynes,073.350.8264x27123,ealvarado@ayala-christensen.com
2072,Jermaine,Welch,Rowland-Blackburn,413-719-7610,jamespage@pope-jackson.com
2073,Joseph,Cross,Bright Ltd,(654)080-3534x02763,sharon01@forbes-good.biz
2074,Kristine,Alvarez,Valdez-Barton,(331)827-8985,collin01@cameron-moran.biz
2075,Rita,Velazquez,Finley-Harvey,111-672-2691x5554,gibbsmorgan@haas.net
2076,Kirk,Travis,Bonilla PLC,207-582-0583x0992,iosborn@garrett.com
2077,Jeanette,Mendez,"Daugherty, Simmons and Hogan",3521654823,kwalters@mann.com
2078,Johnny,Townsend,Booth and Sons,737.854.0642,vfreeman@blackburn.com
2079,Stephanie,Fitzgerald,Carlson-Reid,(205)142-7751,oliviaware@vaughan.com
2080,Belinda,Buckley,"Joseph, Fritz and Lin",(288)504-2804,ihensley@buck.com
2081,Beverly,Oconnell,Mccullough PLC,+1-616-236-2384x9279,quinnjorge@jefferson.biz
2082,Marilyn,Carrillo,Henry Inc,+1-752-470-5610x1241,wallsmargaret@day-woodard.com
2083,Michael,Mcfarland,Sparks Ltd,7932786825,brenda93@knox-padilla.com
2084,Brittany,Russell,Mayo and Sons,687-383-5794,gwendolyntaylor@sosa-holt.com
2085,Andre,Costa,Rose-Neal,+1-418-143-4273x919,gene44@garcia.com
2086,Elizabeth,Esparza,Vang Group,(237)873-2338x26171,caseygilbert@avila.org
2087,Kristine,Lane,"Tanner, Mathews and Carson",812.662.7950,sydney92@house.org
2088,Summer,Doyle,Owen PLC,5558379654,earellano@vasquez-stevenson.info
2089,Blake,Jefferson,Carey-Cabrera,976-557-3507,emalone@monroe.com
2090,Malik,Nielsen,Aguilar Ltd,001-707-504-8677x721,paigeriley@duran.com
2091,Kristina,Wilkinson,"Foster, Rose and Harris",+1-514-799-4273x968,bergdavid@lindsey.com
2092,Carolyn,Novak,Spence-Hunter,+1-818-153-2805x24661,barrychavez@mercado.org
2093,Tiffany,Madden,Turner-Cortez,(416)835-7633x4564,jharding@neal.biz
2094,Maria,Khan,Chavez LLC,884.791.1649,rkane@stark.com
2095,Sherry,Sweeney,Hart-Livingston,390-772-6793x76283,daltonsarah@willis-barron.biz
2096,Gabriella,Harrington,"Soto, Bonilla and Jordan",001-865-716-3246x78856,santhony@evans-oconnell.net
2097,Erik,Hatfield,Frost-Marquez,326.359.9776,barbarasosa@cain.com
2098,Norma,Powers,"Weeks, Ramirez and Decker",(794)043-4031x0702,bkaufman@richardson-rivera.com
2099,Allen,Decker,"Kaufman, Branch and Foster",-7436,friedmantimothy@soto.com
2100,Claudia,Walters,Park-Shannon,+1-654-848-7111x87903,rosedana@mayo-shelton.com
2101,Julie,Russell,"Paul, Melendez and Ritter",001-673-692-5097x58951,robin82@burnett-ware.org
2102,Brett,Miles,Fuentes-Savage,7511212632,lynnkellie@powers.info
2103,Kristie,Malone,"Sanford, Lane and Sawyer",623-962-4689x13190,fandersen@acevedo.com
2104,Noah,Blanchard,Dixon-Jordan,+1-314-035-8487x0851,courtneybrock@mccormick.info
2105,Karen,Morgan,"Whitney, Navarro and Williamson",2131743899,pdalton@rivera.com
2106,Maxwell,Maddox,"Adkins, Durham and Cowan",001-514-102-0252x668,morrowpeggy@barrera-poole.com
2107,Philip,Andersen,"Edwards, Blackburn and Fernandez",956.892.1458x53645,msuarez@galloway.info
2108,Mitchell,Jacobson,Carlson Ltd,001-771-785-9979,joan42@hartman.info
2109,Barry,Barry,Crawford-Weaver,-2575,olsonmartha@davila.com
2110,Dale,Glover,Middleton-Bailey,-1778,iburke@case.com
2111,Sonia,Ward,"Michael, Contreras and Holder",916-007-3709x9173,qcalhoun@morrow.info
2112,Marcia,Contreras,Hurst-Ashley,379-373-2422x206,rtodd@hull.com
2113,Clarence,Patton,Sharp-Santos,322-766-0233x20165,avelez@johnston.org
2114,Kathryn,Farley,Gilmore-Garrett,247.690.3340,meghan14@flynn.com
2115,Kurt,Barajas,"Kaiser, Rosario and Pacheco",(782)594-5308x52494,brandonboyer@boyer.org
2116,Chad,Nguyen,Mccann LLC,492-075-5960,isaac73@hood.com
2117,Stuart,Fowler,"Dougherty, Marsh and Webb",406.953.5159x27628,lauragraham@cunningham.com
2118,Frederick,Huynh,Phillips Ltd,556-206-5248x5864,garrett41@baxter-booker.com
2119,Andres,Daniels,Horton Group,+1-959-362-3886x60181,franklinshelly@graves.com
2120,Brittney,Coffey,Lane-Parks,963.907.2012,cynthia62@brock.com
2121,Diamond,Clayton,Mack-Bass,261.150.6216,walkervincent@hood.com
2122,Alicia,Burgess,Walls LLC,(336)322-1892x7059,stefaniegentry@conley-webb.com
2123,Andrew,Smith,"Myers, Sexton and Leblanc",686-214-8507,bsnyder@huff.com
2124,Isabel,Sellers,"Collier, Dean and Armstrong",470.009.2801x45179,stefanienielsen@warner.com
2125,Keith,Daniels,"Rice, Woodard and Rich",-11120,scantrell@mcclain.net
2126,Christie,Maddox,Page-Sosa,126.280.9489,kweeks@hudson-vargas.info
2127,Cheryl,Juarez,Marsh-Sims,+1-089-557-1139x93718,katherinecolon@byrd-hickman.org
2128,Patrick,Ray,"Chambers, Mcguire and Obrien",425-835-8660,wyatt03@keller.com
2129,Rita,Mccann,Booth and Sons,001-978-143-0907x744,jessicabecker@valentine.biz
2130,Brandy,Mcconnell,"Frost, Irwin and Hood",348.556.5444x2436,vrusso@andrews-henry.com
2131,Jonathan,Sloan,Robinson Inc,001-543-376-4039x834,rangelrachael@carr.net
2132,Brandon,Lozano,"Day, Fleming and Burnett",619.040.8069x133,ryandorsey@villegas.com
2133,Daryl,Chan,Ho LLC,432.909.0882x25851,hunter57@small-mathis.org
2134,Trevor,Pruitt,Mcintyre-Moran,001-638-628-8930x88833,sharondurham@ayala-mathews.com
2135,Selena,Sharp,Hensley Inc,(101)802-6962x32896,yskinner@barber.com
2136,Darren,Atkins,Stanley-Mccarthy,001-944-715-5149x62983,galvarado@vance.com
2137,Edwin,Fitzpatrick,Kirk-Wolfe,8059614990,leblancleon@cobb.com
2138,Ana,Martin,Arroyo-Mejia,001-693-235-6846,jeffsimpson@shannon-singh.biz
2139,Yesenia,Shepard,Contreras-Bowers,148.884.0565x0750,wwilliams@khan.com
2140,Sandy,Lang,Andrews Group,-4000,masonmelody@weeks.com
2141,Dylan,Nunez,Robles-Deleon,(755)537-0900x019,agreer@wolf.com
2142,Kiara,Gentry,Grant-Barrera,+1-218-401-4412x281,jordannavarro@moses.com
2143,Paul,Martin,Cantrell Inc,-8744,curtis31@cuevas.info
2144,Meghan,Stone,Rollins Group,001-544-676-1642x779,dfaulkner@hogan.com
2145,Holly,Lin,"Garrett, Fuentes and Olson",218.645.5150x16428,shelleyleonard@carlson.net
2146,Tommy,Sellers,Blair-Ho,(351)589-4537x8920,pinedakaren@herring.com
2147,Candice,Torres,Harrison and Sons,(157)994-5044,dgilbert@stanton.biz
2148,Vanessa,Steele,Johnston-Strickland,208-423-8187,matthewsmitchell@manning.net
2149,Joann,Mckay,Mckay PLC,+1-007-507-9444x917,dlowery@austin.com
2150,Melody,Hurley,Mendez Group,001-743-500-9209x44898,shawn19@lowery-burns.com
2151,Clinton,Cherry,"Schmitt, Mosley and York",459.154.4531,bruceadams@russo-perry.org
2152,Sergio,Klein,Sandoval and Sons,1671070825,shelby27@bowman.com
2153,Roberto,Lynch,Freeman-Owens,(425)266-2541,gilesdominic@kelley-kaufman.com
2154,Ann,Byrd,Sosa-Montgomery,(664)624-3178,derek70@richmond.com
2155,Denise,Frazier,"Fitzpatrick, Bernard and King",-4477,epratt@weaver-malone.com
2156,Ray,Chaney,Gardner-Snow,001-813-861-1665x98901,bjones@evans.com
2157,Tabitha,Mendez,Faulkner-Novak,071.074.5629,markscaleb@diaz-roth.com
2158,Savannah,Franklin,Riley-Bell,967-979-2273,stevensonalexis@eaton-flynn.com
2159,Jean,Bennett,Welch Inc,(567)792-4538x39826,pelliott@carlson-zhang.biz
2160,Ivan,Gardner,Kennedy-Dalton,261.770.3981x49432,holmesdakota@compton-rogers.com
2161,Mindy,Peterson,Herrera-Delgado,001-794-726-1277x300,vanessaking@harris.com
2162,Greg,Yang,Mayer and Sons,359.853.7181x080,blake60@hurley.com
2163,Shaun,Beard,"Carpenter, Reid and Thornton",+1-905-612-0020x639,alvin02@allison-barker.com
2164,Priscilla,Wiley,Pacheco Group,607.867.7400,reedruth@walker.net
2165,Daniel,Saunders,Deleon PLC,+1-303-100-7355x72073,lshea@davis.biz
2166,Max,Osborn,"Cole, Gibson and Duffy",862-825-9146x0710,vhammond@carrillo.com
2167,Patty,Barrett,Hoover Ltd,-6181,dave21@dickson.com
2168,Joy,Lynn,"Brennan, Fox and Horn",800-401-8785x595,scarney@maynard.com
2169,Aaron,Horton,Acosta Group,+1-321-533-5851x67019,awest@bernard.com
2170,Alec,Webb,Ballard Group,+1-626-914-6702x9060,sanfordfranklin@esparza.com
2171,Theodore,Arias,Houston and Sons,001-819-476-1530x727,yrich@oconnor.net
2172,Madeline,Cortez,Walsh-Bass,155.703.5825x06726,kristiegarza@english.com
2173,Mariah,Hardy,Santiago-Baker,343-761-4011,kayleerodgers@leblanc.org
2174,Sarah,Combs,Mills-Davila,309-811-9174x03152,riverscarmen@wyatt.com
2175,Dustin,Oliver,"Long, Jarvis and Morse",001-389-211-4943,elijah19@duarte.com
2176,Meredith,Cantrell,Ramos-Sullivan,863-560-4047x25104,nina16@rodriguez-ruiz.net
2177,Craig,Hoffman,Bowers-Cox,4225725307,ybrady@gilbert.com
2178,Rebekah,Frazier,"Bailey, Dominguez and Bullock",930.122.4682,cruzjuan@waters.com
2179,Anne,Michael,Henderson-Vargas,684.430.1980x01442,gshort@mckay-garrison.com
2180,Meghan,Harmon,"Rasmussen, Gallagher and Bowen",+1-932-816-2581x7901,ariasjuan@kim-collins.com
2181,Summer,White,Luna-Frank,961.188.6252x629,dawn82@carey-richmond.com
2182,Melissa,Gonzales,Herman-Charles,001-704-349-1816x51402,costaivan@ferguson-stein.com
2183,Jake,Hurst,"Goodman, Ramirez and Lutz",+1-813-302-8094x1479,samuel71@summers-ford.com
2184,Alexis,Reese,Hayden Group,001-611-182-2027x81638,jhuynh@kane.com
2185,Sherry,Boyer,"Marshall, Bell and Hooper",(790)258-2066,bobbywilcox@hamilton.com
2186,Isaac,Walls,Dominguez-Ward,001-883-762-3211,chrisrich@obrien-hawkins.info
2187,Austin,Knox,Mcbride-Donaldson,+1-660-444-1591x303,anaray@morales-fuentes.info
2188,Jackie,Becker,"Ramos, Bryant and Goodwin",001-911-744-0581,haguirre@cherry.com
2189,Janice,Mills,Jones-Davenport,001-036-819-8375,terri08@donovan.com
2190,Judy,Rivas,Haas Ltd,397.535.8713x219,alexa93@love.net
2191,Mikayla,Dixon,"Fernandez, Watson and Dougherty",453.824.1525x97586,tristanschultz@ruiz.info
2192,Jacob,Perez,Roach-Anthony,+1-098-965-7583x4101,katie06@greene-pham.com
2193,Marco,Byrd,Beltran-Kemp,(572)145-0929,strongfelicia@morris-kennedy.com
2194,Mackenzie,Hancock,Zhang-Mcconnell,-6435,christinabass@glenn.com
2195,Roberto,Estes,Lindsey-Howard,1624703862,whitney64@woodard.org
2196,Chase,Martin,Conley Group,001-584-206-9175x38198,aimee25@franklin-bentley.biz
2197,Riley,Black,Andersen-Maddox,001-166-741-2472x3472,omar29@mcneil.com
2198,James,Holt,Kent and Sons,1800337906,marisa33@richardson-tate.com
2199,Arthur,Casey,Dudley PLC,+1-320-209-7880x276,kristi14@york.com
2200,Emily,Morris,Berg-Crane,(449)630-0712x064,breanna29@lucero-hunt.com
2201,Mandy,Meza,"Blair, Vazquez and Hurst",324-726-7199x738,dianedickson@jimenez.com
2202,Lindsey,Hancock,Gill-Shelton,+1-227-416-4955x2331,charlotte56@shelton-rivers.com
2203,Devin,Hood,Strong Ltd,(933)662-9273x5553,friley@ryan.biz
2204,Trevor,Fitzpatrick,"Mack, Tanner and Dickerson",050.730.7165x30697,irwinchelsey@berg.biz
2205,Jody,Fitzpatrick,Richmond PLC,+1-291-825-2658x78214,brucemary@hayden.com
2206,Jack,Mora,"Wiggins, Ashley and Flowers",355.434.1546x7779,coffeyroberto@gross.org
2207,Juan,Stark,Skinner PLC,(855)565-8753x49134,alecbrooks@huang-tate.com
2208,Rick,Mayer,Pierce-Perez,001-563-077-9293,harringtonmarisa@proctor.com
2209,Morgan,Robles,Jarvis-Fox,001-046-462-6677x29915,ritapage@webb.com
2210,Erik,Huff,Prince and Sons,671.671.1993,lynnpacheco@lloyd.com
2211,Jocelyn,Underwood,Ray and Sons,930.939.6176,pbishop@grant.com
2212,Janice,Vang,"Huang, Huynh and Medina",9592715253,timothymorton@fields.biz
2213,Hailey,Graves,Munoz-Porter,+1-556-142-6704x4473,fisherchristian@delgado.net
2214,Savannah,Hunter,Brown-Clarke,+1-657-187-9332x05942,sblevins@villarreal.com
2215,Cassidy,Rush,Marks Group,567-513-3075,dennis88@francis.com
2216,Daisy,Shaw,Castillo Group,-10506,vbates@tate-walls.com
2217,Edwin,Pennington,Roberts PLC,+1-075-245-2014x4298,caseysydney@clark.com
2218,Destiny,Cohen,Krueger-Holland,+1-759-880-4716x3322,charleneabbott@mcintosh.biz
2219,Meghan,Bonilla,Melendez-Holden,347-170-8284,alan49@andrews-yang.org
2220,Jocelyn,Cobb,"Jenkins, Lozano and Houston",028-735-7323,alec26@proctor.com
2221,Collin,Flynn,Nguyen-Ryan,(738)353-2672x25311,xpham@banks.com
2222,Manuel,Patterson,Lin LLC,583-835-8064x3404,ohaney@fields.org
2223,Earl,Mccormick,"Montoya, Hensley and Bush",216-956-5845,cdunlap@woodward.com
2224,Kari,Elliott,"Mckenzie, Chase and Ortega",920-459-2372x04493,scase@krueger-ali.com
2225,Alison,Mcmahon,Gould Inc,(205)510-1583x90532,pachecoevan@lopez.com
2226,Rick,Melton,Tucker-Bonilla,699.545.4978,mirandadennis@strickland-burnett.net
2227,Jordan,Zhang,"Cox, Blevins and Savage",(521)658-8500x26417,sylviafernandez@murillo.org
2228,Amy,Romero,Stuart PLC,887.189.7045x15148,tabitha76@goodwin-ware.net
2229,Felicia,Mccarthy,Gray Group,(121)424-4751x2621,jenkinsmason@haley.com
2230,Makayla,Shelton,"Lopez, Oneal and Giles",001-037-345-2027x37133,meredith21@mills.org
2231,Meagan,Petersen,Mckinney-Ellison,(429)122-3142x9309,derrick42@evans.info
2232,Sheila,Saunders,Ayers-Hopkins,6878369423,cabbott@pierce.com
2233,Heidi,Clements,Wood-Murillo,115-702-9505x922,shortjasmine@gamble.org
2234,Sylvia,Lloyd,Dodson-Byrd,+1-272-752-2243x833,barbaraaustin@webb.com
2235,Geoffrey,Archer,Bartlett and Sons,001-474-746-0361,gmorales@bauer.com
2236,Elaine,Sparks,Cruz Group,001-219-201-4395x00010,candace32@jensen-bullock.com
2237,Patrick,Phillips,West-Cohen,258.775.2611,houstonnathaniel@deleon.org
2238,Mark,Hester,Huber-Ewing,833.648.6982x4982,frederickstark@mcintyre-wang.biz
2239,Janice,Walsh,Hall PLC,339.659.9922,millsariana@vincent-pittman.com
2240,Jasmine,Stephenson,Carey-Cabrera,+1-961-127-5291x1401,sharonfreeman@atkinson.net
2241,Yvonne,Willis,Gutierrez Inc,007.226.0077x178,jwhitehead@gamble-hatfield.com
2242,Deborah,Conrad,Lowery-Avila,007.052.4018,whobbs@atkins-pruitt.com
2243,Kristie,Hendricks,Orr-James,+1-110-196-0828x66952,jackhicks@henry-blackwell.com
2244,David,Escobar,"Fitzgerald, Love and Carson",001-100-468-9813x653,norrisgabriel@holt.com
2245,Kellie,Juarez,"Ferguson, Schroeder and Roach",131.316.1562x044,audrey02@bowers.com
2246,Molly,Elliott,"Estes, Hodge and Best",431.572.7801x293,henrycoffey@wagner.net
2247,Carly,Cabrera,"Ali, Wells and Blanchard",(480)293-6769x305,zortega@cannon.info
2248,Haley,Davies,"Hendrix, Meyers and Braun",351.505.8558x6249,camachooscar@clark.com
2249,Trevor,Dixon,Ayers Ltd,-8014,rileydave@johns.info
2250,Earl,Oconnor,Krueger and Sons,001-048-723-5763x010,arielschroeder@heath.com
2251,Veronica,Sanchez,Reynolds LLC,934-011-5932x05296,donnashannon@stokes-blevins.biz
2252,Sally,Tate,Quinn Group,+1-770-176-0071x68309,villegasjerome@cisneros.com
2253,Garrett,Pugh,Eaton Inc,6864940475,uvazquez@briggs.biz
2254,Breanna,Bryan,Barrera-May,2381532229,jim48@bernard.com
2255,Mitchell,Duarte,"Mcfarland, Boyle and Bender",478.634.2906x2672,kaylee69@george-gilmore.com
2256,Emily,Abbott,"Daniel, Giles and Wise",753-716-4210x537,jaywilkinson@roy.com
2257,Anita,Marquez,"Reilly, Andrews and Roman",466.697.1387x099,jackson10@suarez.info
2258,Stacy,Farley,Bowman Group,+1-143-738-0008x66426,omeyer@ali.com
2259,Julian,Walsh,Gross Inc,001-099-171-6423x5891,qrobles@robbins.info
2260,Misty,Hendricks,"Jennings, Mullen and Robbins",(584)537-5519,javier60@hendricks.com
2261,Randy,Rivas,Hurst-Hatfield,+1-297-625-1797x302,andrewyoder@powers.com
2262,Amber,Blanchard,Newton-Moody,+1-931-571-4784x36862,madison64@caldwell.com
2263,Yvonne,Brady,Beck-Horn,(747)560-0698x96034,lucas26@livingston.biz
2264,Shelly,Jefferson,Guzman LLC,8291722445,warrenerik@horn.biz
2265,Ricardo,Jones,"Jefferson, Moon and Hogan",(560)462-2868x0863,vcox@medina-daugherty.com
2266,Rachael,Carrillo,Flynn Inc,(058)336-2304,warrencoleman@compton.com
2267,Shawna,Fisher,"Richards, Guzman and Ayers",060.413.9154,sierradowns@brown.net
2268,Nicholas,Wagner,Lozano-Copeland,001-587-273-8752x75427,jillianbooker@mills.com
2269,Clarence,Dean,Hampton Inc,1315794276,hannahbranch@miranda.org
2270,Priscilla,Levy,"Esparza, Andersen and Lawson",352.638.6484,rbentley@spears.com
2271,Gabriel,Casey,Underwood-Dean,+1-745-836-3629x35271,selena52@richard.info
2272,Angelica,Parrish,"Larson, Huynh and Lee",(984)872-1351x1168,howellmorgan@greene.info
2273,Alejandro,Mueller,"Duncan, Douglas and Cross",175.447.8626,khantricia@fields.com
2274,Felicia,Lucero,Avila Ltd,802.899.7840x51231,prattbryan@mack.com
2275,Nicholas,Rasmussen,"Steele, Garner and Valenzuela",584-794-1794,fieldsjoanna@cantu.com
2276,Omar,Holder,Meyers-Braun,6336966007,isaiahduarte@buck.net
2277,Jacqueline,Woodard,Villegas-French,098.076.1930x394,boydariel@brennan.com
2278,Kristen,Sanders,Rowland-Grant,+1-405-353-1742x608,davidmorris@tran.biz
2279,Harry,Barber,Walls LLC,1669569024,christine16@anderson.biz
2280,Martha,Schaefer,Marshall-Wilkinson,9118924586,dfarrell@holden.info
2281,Alexis,Calderon,Meyer LLC,(758)520-8553x85407,jennyjefferson@choi.info
2282,Marilyn,Rogers,Malone-Spencer,+1-360-806-1215x49288,darrenlynch@leblanc-lewis.biz
2283,Monica,Watkins,Ewing Ltd,001-517-749-7294x896,lowerygeoffrey@owen-robbins.net
2284,Misty,Barrera,Mcneil Ltd,362-807-9323,duane54@klein-savage.org
2285,Jodi,Waters,Sexton-Tucker,(485)161-5482x606,darin35@edwards.com
2286,Dan,French,Cooley-Campbell,001-441-104-7842,cruzolivia@prince.biz
2287,Jermaine,Kramer,"Mccarthy, Mcpherson and Randall",(445)751-4103,joannwise@meadows.biz
2288,Sonya,Waters,Beard Ltd,127.286.1543x951,jo58@hanson.com
2289,Brianna,Levine,Mathis-Mckee,001-699-245-3788x9827,plindsey@ballard-case.info
2290,Lori,Lam,Meadows-Fitzpatrick,790-809-6196x3115,haleygabriella@roth-nixon.net
2291,Colleen,Salinas,Nelson-Adams,267-817-8381,qhuber@webster.com
2292,Kari,Vega,Woods Ltd,129-845-6622,angelmosley@norris-garrett.com
2293,April,Mason,Washington-Ball,(046)740-1340x9169,valenzueladustin@duncan.net
2294,Alejandra,Lynch,"Rojas, Hanna and Richard",(756)069-5183x0677,allisonpeck@gentry.com
2295,Karla,Klein,Padilla-Christensen,644-777-2962x94107,mwhitney@haley-morton.net
2296,Steven,Harrell,Hurst-Diaz,+1-426-109-4752x514,adriennenguyen@buck.com
2297,Sarah,Alvarado,"Crosby, Bates and Conrad",530-197-5883x65749,jim59@townsend.info
2298,Lacey,Dunlap,Glover-Petty,378-739-2381,simpsontanner@murray.biz
2299,Cheyenne,Weiss,Clements-Pace,868.638.4119x88208,dmoyer@johns.com
2300,Penny,Dougherty,Munoz-Dorsey,+1-740-942-7761x95649,glen96@greer.info
2301,Cameron,Le,Collins-Obrien,(667)691-9385,herbertphelps@reid.com
2302,Holly,Quinn,Abbott Group,085-178-0746,ferrellhayley@mccoy.biz
2303,Dakota,Pacheco,Mckenzie Inc,416.142.8154x7807,williamsonfernando@meyers.com
2304,Dillon,Berry,Suarez Ltd,267-619-7485,belinda66@cain.info
2305,Mikayla,Carter,Harper-Holt,3290552810,manngregg@blankenship.com
2306,Evan,Yu,Hines PLC,715.900.6400x3228,kaitlynstevenson@crane.info
2307,Zoe,Walsh,Hughes-Steele,5425875834,alex34@barajas.com
2308,Drew,Vega,"Howe, Bowman and Wallace",604-575-9747x72770,gpratt@rivas.biz
2309,Elizabeth,Burton,Kennedy Ltd,342-750-6258x604,lauren40@chaney-delacruz.org
2310,Denise,Crawford,Harding-Logan,(513)927-6251,tammie24@jones-pruitt.com
2311,Francisco,Owens,Mclean-Ramirez,+1-017-356-3419x69739,donald13@salas-klein.com
2312,Shane,Higgins,"Haynes, Barber and Cortez",001-119-428-6132,monique02@wong.net
2313,Rick,Fuentes,Bowen Inc,6175371586,nmontoya@watts.info
2314,Rebekah,Schwartz,"Gallagher, Small and Mcguire",001-777-207-2397x10879,marygross@nguyen.info
2315,Connor,Ford,Whitehead Group,-5126,jackson51@edwards-hale.com
2316,Jill,Nelson,Richards LLC,306-302-8917,frostautumn@sandoval-molina.com
2317,Alan,Vazquez,Hinton-Abbott,291.621.7200x74949,belindahuffman@fritz.com
2318,Stanley,Adkins,"Rodgers, Graham and Henson",(427)277-5365x584,rquinn@macias.biz
2319,Victoria,Jennings,"Marshall, Herman and Boyle",013-641-6467,mccartydillon@hinton-bruce.com
2320,Kristen,Pacheco,Stephenson Inc,604.649.1724x21371,gmora@mcgrath.net
2321,Belinda,Dunlap,Bentley-Berger,9634125152,stoneandre@proctor.biz
2322,Yvette,Mejia,Barrett-Benton,001-876-047-1095x734,cherrytami@everett-alexander.net
2323,Travis,Little,Horne-Garza,(710)476-9083x1381,nicolas09@harvey-richards.com
2324,Kaylee,Christian,Madden-Burnett,+1-337-342-1441x880,gabriel17@bauer.org
2325,Dalton,Gallegos,Haynes and Sons,(696)179-9985x711,rachelperry@short-costa.com
2326,Dalton,Villarreal,"Gates, Wiley and Mckee",740.506.5049x31295,gabriella85@cannon.com
2327,Darius,Howard,Wong PLC,(363)202-6090x16483,mistyluna@maldonado-roberts.com
2328,Johnny,Mcdonald,Estrada-Haas,+1-287-107-8024x9488,imorrison@mcconnell-bauer.com
2329,Paul,Daugherty,Pugh-Brennan,001-023-286-4712x8119,paynebenjamin@schwartz.biz
2330,Jackson,Donaldson,"Branch, Pittman and Vaughn",8637129327,destinybullock@avila.com
2331,Russell,Benitez,Rodgers-Gilbert,741.664.5984x79479,lcarson@schmitt.biz
2332,Colleen,Pitts,"Blackburn, Keith and Carlson",-4354,wyatt59@george-kennedy.com
2333,Beth,Wyatt,Rosario Inc,(758)988-7140x04211,tammiegonzales@gill-bowen.biz
2334,Donna,Gallagher,Newton-Chase,+1-496-537-5768x74388,gatesdebra@richards.org
2335,Barbara,Booth,Avery LLC,454-651-8146x4008,xcobb@trujillo.com
2336,Raven,Peters,Pittman-Ford,001-460-635-8606x35366,houstonyolanda@aguirre.net
2337,Edgar,Fritz,Yoder PLC,+1-640-963-8076x2409,bhester@lin.com
2338,Angie,Shepherd,Cowan-Bray,+1-042-073-9603x491,avilacarolyn@aguirre.com
2339,Kelly,Raymond,Francis-Gay,(697)408-1785x316,micheal14@wells.com
2340,Clarence,Weaver,Woods-Vincent,+1-601-346-0717x3603,popematthew@foley.com
2341,Misty,Galvan,Fields-Hodge,159-009-8051,troberson@soto.com
2342,Jake,Newton,Joyce and Sons,(583)317-8474x33992,mcmahonerika@benjamin-warren.com
2343,Dan,Jackson,"Velez, Moreno and Heath",+1-410-210-3269x990,brentchapman@wu-freeman.net
2344,Chelsea,Brewer,Richmond Group,001-760-552-9834,hooperfernando@lloyd.com
2345,Lisa,Hines,"Gonzales, Woods and Allen",(602)498-0740,marshmonica@madden-charles.info
2346,Tyrone,Beck,Fry-Chung,857-043-4246x917,darin53@tucker-meyers.net
2347,Clinton,Simmons,Chan-Moss,800-871-5945x25805,andreabaldwin@shaw-harrell.com
2348,Timothy,Lowery,Simpson-King,001-075-643-4986x728,ellen38@rush.com
2349,Rita,Hensley,Barker Ltd,-5669,jeanette03@mitchell-blevins.org
2350,Christian,Fuentes,"Alvarado, Alexander and Stanley",-4012,oday@mccann.org
2351,Nathan,Massey,Hanson-Calhoun,001-489-853-1900x21332,rhorton@harrison.net
2352,Laura,Galvan,"Ewing, Potter and Townsend",711.936.3917x01274,alisha76@foster.biz
2353,Marc,Preston,George-Spencer,766.556.6971x354,cassidy19@marshall-mckenzie.com
2354,Abigail,Allison,"Stark, Schmidt and Lucero",430-523-3977x7451,pedroknox@kent.com
2355,Ryan,Bradford,Bennett-Mcfarland,001-998-883-6818x3196,haneysonia@petersen.info
2356,Sheena,Stark,Huber-Chandler,151-568-8608,msingh@rubio.com
2357,Bryce,Haley,Atkins LLC,767.724.5099x68495,pittmangerald@miller.com
2358,Emily,Chaney,Pollard PLC,(298)153-8238x130,caseyjuarez@hale.com
2359,Gregory,Finley,"Bernard, Kidd and Maldonado",001-331-768-2677x2949,abernard@perkins.org
2360,Alec,Page,"Blanchard, Davis and Khan",+1-478-663-0978x6910,michael46@rosales.biz
2361,Geoffrey,Riggs,Lawrence-Sweeney,383757850,allenbuck@vazquez.biz
2362,Shawna,Foley,Robbins-Patrick,-2589,isaiah21@cantrell.com
2363,Helen,Solis,York-Hayden,179-155-8734,lestercory@schwartz.org
2364,Wayne,Whitney,Dominguez and Sons,431-051-3939x587,rosalesdarrell@wang.info
2365,Amanda,Thompson,"Jacobson, Curtis and Montgomery",+1-333-869-4717x79570,huertarandy@burnett.com
2366,Cody,Strong,Sutton Inc,7921036532,faulknerleroy@morton.com
2367,Andrea,Gilmore,Melton Group,211-754-7827x4048,tkelly@chaney-decker.org
2368,Lonnie,Weiss,"Alvarez, Harper and Haynes",+1-278-463-7269x9152,nichole69@hodge-boyd.biz
2369,Glenda,Haas,"Young, Garner and Hull",(703)152-4500x2127,qkramer@browning.com
2370,Pam,Buckley,Glover and Sons,889.041.8991,jerrydean@oneal.com
2371,Allen,Hays,"Rose, Cortez and Valdez",+1-625-747-8241x94626,awu@russell.com
2372,Kendra,Green,"Odonnell, Howe and Navarro",115.162.7693x34665,zgarrison@gilbert.biz
2373,Deanna,Acevedo,"Avery, Larson and Weber",676-402-9608,bobby62@cochran.com
2374,Blake,Church,Meadows-Barajas,001-272-259-7835x15109,espinozachloe@whitehead-watkins.info
2375,Russell,Stevens,Reese-Hale,001-985-857-3866x1896,newtonjeffery@crane.com
2376,Tricia,Turner,Taylor-Kirk,001-964-002-0304x490,wendyferrell@bauer-graham.com
2377,Leroy,Klein,"Carlson, Bowers and Galvan",129.057.9163x007,jackwatkins@turner-singleton.com
2378,Brady,Kirby,Dougherty Inc,(432)016-6156,angel80@cortez-galvan.biz
2379,Rickey,Bradshaw,Turner-Bell,001-616-754-8104x119,philip59@watson-rocha.com
2380,Mason,Benitez,Fuller LLC,001-409-803-3534x584,martinjo@singh-spears.biz
2381,William,Mcknight,Sheppard LLC,(353)073-4038x9352,nicholas70@short-leonard.com
2382,Shelby,Thornton,Mckay Ltd,(450)574-4151x9756,judithmcgee@farmer.info
2383,Rick,Mclean,Frazier Ltd,+1-206-337-7450x7746,brittanywarren@orr-lane.com
2384,Pedro,Ayers,"Dunn, Conley and Elliott",6480940275,alejandro04@riggs.org
2385,Natalie,Sandoval,Stanton-Leach,001-704-627-0165x4560,edwinrogers@zamora.info
2386,Candice,Kirby,Lambert-Stewart,001-154-850-1653x858,turnerlucas@yang-cameron.net
2387,Larry,White,Gentry-Shelton,(716)645-1696,lorrainekaufman@reid.com
2388,Albert,Mcfarland,Mathis PLC,001-774-583-0062x287,qburke@alvarado.com
2389,Bryce,Cook,Meadows PLC,+1-028-972-8580x0939,klandry@sellers-fields.biz
2390,Julie,Sloan,Sherman-Harding,001-582-709-1361,morganroberts@tran.com
2391,Brent,Jacobs,"Camacho, Howe and Schultz",(276)209-8733x73692,aaronrasmussen@spears.biz
2392,Dawn,Giles,"Parks, Weeks and Fritz",+1-623-882-2732x783,wwalton@long-skinner.com
2393,Chris,Gilbert,Knox-Riley,426.643.7568x22331,joepreston@gross.com
2394,John,Hickman,"Hammond, Webster and Stewart",-9405,ngates@escobar-merritt.com
2395,Sydney,Hale,Shepherd-Black,4916787669,nkline@english.net
2396,Karla,Huffman,Wong-Kemp,4623703037,fmartin@hanna.com
2397,Ebony,Ray,"Singh, Benson and Mercado",+1-005-480-3950x959,elane@phelps-spears.org
2398,Marissa,Curtis,Pierce Inc,(453)788-6932x887,shelby81@blackburn.info
2399,Debra,Tate,Olsen-Ayers,+1-544-776-5455x00346,vernonbenson@floyd.com
2400,Jordan,Norton,Blake-Skinner,485.265.3285x20933,carrolldebbie@frazier-sims.info
2401,Dominic,Rivera,"Horton, Atkins and Blankenship",520-713-8469x53261,chenjulia@mason.com
2402,Haley,Schroeder,Mcbride-Conrad,262.664.3897,isabella49@clements-valencia.org
2403,Edward,Compton,Daniels-Ponce,317-847-3021x374,nduarte@guzman-griffin.com
2404,Harold,Moon,Richardson-Long,457.401.4947,isaiahferrell@chapman.org
2405,Abigail,Irwin,"Cross, Faulkner and Gross",4397995127,bethanyestes@peck.com
2406,Deborah,Mcdonald,"Carney, Newton and Sanders",945.384.4885x4562,nicolas38@lowe.biz
2407,Darin,Frye,Barron PLC,137-447-1793,anna44@eaton-ferrell.com
2408,Noah,Tapia,"Mcdaniel, Potts and Suarez",745-358-0467,noahproctor@serrano.org
2409,Shawna,Erickson,Chen Inc,358.460.4582x773,rodney94@vance.biz
2410,Selena,Montgomery,"Ross, Weeks and Curry",601-353-6253x745,destiny64@trujillo.com
2411,Mark,Ortiz,Frost and Sons,001-018-152-8747x67446,frank25@bray-beltran.com
2412,Judith,Yates,Pham Group,8642268721,eburch@parrish-cameron.org
2413,Albert,Singleton,"Lawrence, Gonzales and Terrell",+1-032-663-0508x06945,cray@crosby-walls.com
2414,Christopher,Golden,Sanchez-Gregory,5864021958,martinamanda@gaines-cooley.net
2415,Douglas,Sampson,Gibson-Carrillo,(295)679-7328x2932,roy98@nichols.com
2416,Anne,White,"Farrell, Williamson and Fisher",(309)850-4482,lawsonkelli@chase.com
2417,Adrienne,Preston,Pitts LLC,982-427-2106,dzhang@aguilar.com
2418,Phillip,Galvan,Larsen-May,755-203-9452,sherrimontgomery@cooley.com
2419,Emma,Davies,Escobar Group,633-088-8389x23693,tannermcmillan@nixon-luna.info
2420,Elaine,Patrick,Acevedo-Cantu,210-571-2263x904,jon55@mathews.biz
2421,Laurie,Alvarado,"Bass, Mcpherson and Arroyo",092.707.0792x635,deborahwiggins@navarro-hill.com
2422,Dale,Yu,"Weber, Roy and Lee",-3741,weeksantonio@brown.com
2423,Barbara,Richard,"Riley, Walton and Hahn",295-326-2930x4054,meadowstanner@cohen.com
2424,Grant,Snyder,Buckley LLC,006.798.9180x5770,breweredgar@aguirre.com
2425,Belinda,Graham,Crawford-Saunders,001-564-943-5171x7505,buckrickey@hensley.biz
2426,Scott,Cox,Bullock and Sons,712.784.2115x446,christiananthony@dunlap.com
2427,Brett,Chase,"Bruce, Wilkins and Lowe",244.465.2230x9457,cathymedina@berg.com
2428,Gregg,Delgado,Miranda LLC,+1-940-218-5387x367,dmclaughlin@gentry.net
2429,Gabriela,Cook,Hamilton-Shepherd,+1-909-618-1745x587,phyllis97@garza-newman.info
2430,Gail,Cain,Jacobson Ltd,(711)979-6572,yhoover@lindsey-forbes.biz
2431,Brittany,Nelson,Choi and Sons,773.512.0983x90656,rhawkins@griffin-hancock.net
2432,Desiree,Everett,"Jarvis, Aguilar and Pennington",001-459-879-4098,zodom@norton.com
2433,Sandy,Church,Rodriguez and Sons,769-150-1401,hinesmelinda@weber-joseph.com
2434,Jasmine,Clay,Taylor-Whitney,+1-929-752-0369x94846,blogan@wang-dyer.com
2435,Gina,Strickland,"Charles, Lin and Mcintyre",001-883-795-6687,reillykaylee@dickson.biz
2436,Richard,Blake,"Horne, Choi and Mcguire",(620)116-0145x6077,dsaunders@nicholson-park.info
2437,Brad,Leblanc,Luna-Lozano,506-162-8927,uhicks@arias.info
2438,Andres,Mcclain,"Pruitt, Campos and Michael",(950)523-5640x859,xmyers@forbes.info
2439,Neil,Orozco,"Holden, Key and Rocha",(421)094-0310,jane85@wilcox.biz
2440,Stefanie,Pollard,"Horne, Roberson and Gates",173-281-4412x87406,spearscurtis@rich.com
2441,Diane,Mora,"Patel, Liu and Bray",+1-160-913-2607x4803,greggmccarty@banks-baker.com
2442,Misty,Choi,"Simmons, Case and Wells",001-208-099-6594x770,rhonda38@buckley.biz
2443,Ricky,Daniels,"Burke, Cantu and Navarro",074-247-9621x87465,jonathon83@fitzpatrick.info
2444,Oscar,Snyder,Glenn-Hutchinson,312-672-0083x23519,orrtodd@murray-mann.com
2445,Gabriel,Rojas,Mosley PLC,345-987-9652x60632,leeoconnor@moon.biz
2446,Joan,Greene,"Petersen, Curry and Nash",+1-985-898-0072x39872,dmoyer@moon-ewing.com
2447,Joanna,Salas,Morris-Brown,629-652-7192x06828,vdyer@vega.com
2448,Courtney,Snyder,Noble Inc,130-181-2936x510,duranbobby@english.net
2449,Bob,Wilcox,Melton Ltd,829.002.2276x68795,dsimon@mays-harmon.com
2450,Shelley,Bentley,Stafford-Cook,551-614-0350x511,hannahgutierrez@barker.com
2451,Frank,Horton,Farley-Mcclain,239-761-4225x2555,baldwinmark@deleon-riddle.com
2452,Dominic,Serrano,Hickman-Galloway,+1-059-471-6933x4684,prandolph@alvarez.com
2453,Christie,Jordan,Whitehead Group,+1-423-051-2129x609,fhoward@crawford-herring.com
2454,Drew,Rubio,Daugherty-Cruz,394431738,barrybrittney@ramsey-villegas.com
2455,Regina,Boyd,"Carter, Rodriguez and Hurst",2878584638,holly18@bautista.com
2456,Daniel,Love,"Hinton, Caldwell and Gross",2418308843,montgomerylacey@gibson-hayden.com
2457,Whitney,Mccarthy,Camacho-Farmer,194.138.9636x8531,petersonjoe@parsons.biz
2458,Ruben,Kidd,Hutchinson LLC,(285)041-9739,tuckerhayley@mcintyre.net
2459,Ashlee,Mathis,"Griffin, Hayden and Bailey",(839)520-3099x0770,bdaugherty@patton.biz
2460,Xavier,Gordon,Woods PLC,460-020-7429x110,rebeccaestrada@mooney-blackburn.net
2461,Guy,Solomon,Huerta-Rivas,001-457-175-0519x21265,kgay@kelley.net
2462,Jerome,Pearson,Patel-Costa,732.495.6762x104,wolfmiranda@burch.com
2463,Douglas,Chang,Levy LLC,+1-793-021-4940x874,tammierobertson@johnston-marshall.biz
2464,Grace,Ellison,"Hunter, Hayden and Moreno",+1-768-405-3492x89034,carlosdawson@mcclain.com
2465,Amy,Irwin,Crane Group,001-364-592-3401x5570,danrich@shields.com
2466,Mary,Francis,"Carter, Whitney and Summers",372.266.4657x7993,iyates@frederick.org
2467,Shelley,Hurst,"Delgado, Gonzalez and Snow",489.450.8045x10259,brittneynixon@cochran.com
2468,Gordon,Randolph,Hickman LLC,112-210-9330x30823,fergusonchloe@mcgrath.biz
2469,Tyler,Woodard,"Leon, Harrington and Mcintosh",549.782.9473x892,maxwellmarks@mayer-carey.com
2470,Vernon,Wong,"Kane, Sawyer and Frye",7021188400,antonio35@joseph-hansen.com
2471,Troy,Leonard,Woodward LLC,932-151-9287x2271,ipruitt@hartman.com
2472,Alexa,Beasley,Johns PLC,-5295,churchbarbara@lara.com
2473,Lorraine,Duke,Snyder-Baxter,001-850-440-3760x4531,garrettjustin@hess.com
2474,Reginald,Spencer,"Dickerson, Curry and Montoya",(722)335-0618x14581,vegaluke@faulkner.net
2475,Susan,Mendoza,Golden LLC,272.960.6989,jared30@mays-clarke.com
2476,Nicole,Horn,Hahn-Garcia,218.694.4628,craigaustin@ayers-oneal.org
2477,Shane,Kidd,"Donaldson, Duke and James",512.313.0252,rachelwalsh@long-stuart.com
2478,Sabrina,Allen,Doyle Ltd,(429)792-3564x00504,greenekylie@welch.info
2479,Katelyn,Michael,Harmon and Sons,001-508-796-3140x0980,wattsjaime@shea-ford.biz
2480,Molly,Roberson,Jacobson-Garza,-9945,manningmackenzie@foster-hahn.com
2481,Jenna,Maldonado,"Sandoval, Orozco and Hines",989799734,dmckenzie@wood.com
2482,Beth,Holt,"Grimes, Klein and Ruiz",311-908-2657x604,lydiahuang@sweeney.com
2483,Isaiah,Munoz,Avery-Orozco,(161)268-1447x599,rita55@gomez-sanchez.com
2484,Dorothy,Weiss,Mcmillan-Newton,563.864.9939,malikoconnor@wiggins.com
2485,Alex,Stokes,Barajas PLC,166-793-2751x1508,christyreed@wood.com
2486,Willie,Holden,Guzman-Thompson,4429933652,joseph12@lee.com
2487,Roger,Dorsey,Mcdonald Ltd,045.569.6915x059,mindy94@hebert.com
2488,Jane,Chambers,Gray-Huang,001-871-656-5065,stokessheri@reynolds.org
2489,Joanne,Esparza,Sutton and Sons,070.492.3789,franciscarney@david.com
2490,Gail,Hensley,Holland-Allison,926-015-6706,lromero@friedman.com
2491,Rebecca,Sampson,Cameron-Moyer,+1-690-922-4618x82795,meyersrobin@vazquez.com
2492,Maria,Eaton,Schultz-Garza,174.813.8363x889,brandy69@mclean.com
2493,Alexandra,Mejia,"Allison, Lewis and Schmidt",+1-711-126-7004x03115,anavarro@reeves.com
2494,Fred,Glass,Duncan LLC,7337179645,derrickmcbride@marsh.com
2495,Kristina,Choi,"Roach, Byrd and Melendez",(013)317-3528,parkchase@obrien.net
2496,Joanne,Cobb,"Stephenson, Pope and Noble",016.286.5212,sherrymadden@kane-wilson.net
2497,Erica,Sloan,Rowland LLC,+1-092-286-3619x944,hendrixshelby@gallagher-villanueva.com
2498,Kirsten,Schmitt,"Hammond, Salinas and Perez",(483)291-3354,tatemia@bates.net
2499,Calvin,Sparks,"Newman, Travis and Mooney",981.049.2081x35589,sullivanjane@wilcox-crawford.net
2500,Denise,Chen,"Hurley, Guerrero and Mullen",(246)162-9025,zunigamarc@ruiz-parks.com
2501,Yvonne,Dunlap,Conley-Mcgee,+1-897-804-6295x4973,kfarley@george.net
2502,Roberta,Mccall,Estes-Welch,4915281375,craigdalton@strickland.com
2503,Jeanette,Oconnell,"Mendoza, Villanueva and Bruce",+1-220-087-1436x5533,qgibbs@delgado.com
2504,Kristin,Hull,Aguilar-Zimmerman,627-486-3182x6880,brucenancy@burke.com
2505,Jesus,Cunningham,Kelley Group,(943)527-4394,summer34@gates.info
2506,Phyllis,Johnston,Blanchard-Ellison,(507)702-2108x4365,williswendy@lindsey.net
2507,Phillip,Eaton,Mueller-Padilla,+1-484-921-1205x26289,larrybarton@parsons.net
2508,Lucas,Ball,Santiago and Sons,213.311.7378,judybeard@krueger.com
2509,Sherry,Kim,"Martinez, Moyer and Downs",7149656013,dbarnett@weiss.com
2510,Monique,Brown,Crawford-Sloan,914568898,darrylstark@lloyd.com
2511,John,Henry,Rivera-Hanson,147-969-5660x57021,eduardo51@guerra.com
2512,Miguel,Schneider,"Vincent, Lambert and Burch",055.764.6167,reynoldsross@jennings.org
2513,Patricia,Austin,Cook-Donaldson,+1-442-028-1258x08419,kelly13@adams.com
2514,Brandy,Whitaker,Lutz-Delacruz,+1-933-906-0894x14649,mayerjustin@kelley.com
2515,Kara,Jarvis,"Rollins, English and Dean",(769)516-1091x06408,sheriprice@tapia.com
2516,Jesse,Marsh,May-Conley,284-935-1119,gabrielroach@jefferson-savage.info
2517,Clarence,Nichols,Koch Group,322.092.6908x8144,allisonreilly@cantu.com
2518,Melody,Middleton,"Camacho, Bernard and Hale",236.726.1055x6468,crystal58@peterson.biz
2519,Leonard,Cohen,Castro-Rodgers,882.798.7207x43514,emcdaniel@chung.org
2520,Cesar,Chambers,Maxwell-Murillo,(238)370-8734,warren68@harris-barnes.com
2521,Kyle,Hodges,"Tanner, Cochran and Watts",001-971-394-9213x7648,nolanrandall@hickman.com
2522,Alexa,Weaver,Hartman-Abbott,818.003.0753,mileslori@clarke.com
2523,Jeff,Reeves,Mercado-Lowe,3009822298,stokestimothy@beltran.info
2524,Charlotte,Rhodes,Boone Ltd,9919260479,samuel96@colon.com
2525,Felicia,Andersen,Fischer-Wilcox,367606756,qcowan@conley.com
2526,Wyatt,Carson,"Santos, Duran and Clark",335.097.5090x3692,leachkerri@oneill.info
2527,Riley,Dawson,Melton-Pratt,825578960,savannah09@trevino.com
2528,Hailey,Zamora,Holloway-Hatfield,644.633.3850x67815,rdouglas@mcknight.com
2529,Sandra,Burnett,Mills and Sons,+1-232-303-7107x78994,carol05@blevins-spears.org
2530,Tiffany,Barron,Rojas and Sons,001-677-394-7631x998,simmonsomar@hines-fowler.info
2531,Cassidy,Mcintyre,Henderson-Wall,+1-823-064-3134x27074,eharding@salazar-wade.net
2532,Tanya,Reid,Strickland-Farley,939425032,darryl51@smith.com
2533,Keith,Luna,"Raymond, Sloan and Lowe",001-337-776-1125x7252,gmacdonald@ramsey.info
2534,Karina,Hunt,Hartman-Malone,9114676785,vincentsosa@moses-kaufman.com
2535,Autumn,Boyer,Harrell Inc,001-970-909-9575,fmoyer@hampton.com
2536,Rick,Barnes,Stanton Group,885.824.4017,bradhendricks@gutierrez-greer.org
2537,Mathew,Whitehead,"Medina, Charles and Graves",(687)635-3292x5491,aprille@richards-bartlett.net
2538,Alison,Hoover,Dillon-Decker,+1-556-305-5793x738,omar03@castro.com
2539,Jorge,Wiley,Murray-Wilson,404-223-7722x09225,martinezdiana@alvarado-simmons.com
2540,Bonnie,Oconnor,"Mitchell, Mayer and Perry",+1-788-954-1073x507,monroecarol@bowers-hatfield.com
2541,Parker,Simon,Dillon Group,511.641.7764x9920,samantha60@shepard.com
2542,Charles,Tran,Knight-Copeland,001-220-187-8412x4613,jamesholmes@page-watts.net
2543,Rick,Hensley,Tate PLC,001-943-275-7324,paynedanny@drake.info
2544,Patrick,Huffman,"Acosta, Cordova and Adkins",(526)396-2570x655,jwebster@ellis.com
2545,Perry,Moody,Evans Ltd,943-114-1789,harperalfred@ford.info
2546,Faith,Madden,"Tate, Calhoun and Blevins",-1937,styler@bernard.com
2547,Rick,Pratt,Bowers-Bruce,(007)904-7220x881,ooneal@jenkins.net
2548,Diane,Werner,Guerrero-Woodard,4576761712,mezacameron@ware-camacho.com
2549,Kathy,Bolton,Russo PLC,9748700636,earl05@boyd.org
2550,Caroline,Marshall,Pruitt Group,272-843-8202,tuckerjohn@haley.com
2551,Summer,Jensen,"Russo, Myers and Thornton",(988)392-8023x8671,imorrison@garner.com
2552,Maureen,White,Higgins Ltd,981.361.5077,ipatel@santiago.com
2553,Alexandra,Suarez,Castaneda and Sons,236.827.7710x023,billjuarez@hardin.com
2554,Faith,Wise,"Ward, Mills and Gordon",059.946.8811,roycarney@herring-duffy.org
2555,Austin,Barton,"Richardson, Fox and Nash",2765042849,wyattburnett@wu-bean.org
2556,Terrance,Davies,"Pineda, Brennan and Shah",625-498-5195x120,bradfordlaurie@figueroa.net
2557,Doris,Moore,Dominguez Group,001-379-021-6236x2686,mayorandall@johnson.com
2558,Kristi,Pruitt,Freeman-Hernandez,001-821-200-6934x41681,iwatson@moss.com
2559,Brandi,Medina,"Vasquez, Glover and Buchanan",(321)683-9665x0938,rsantana@baxter.com
2560,Bradley,Richard,Durham-Martinez,001-598-694-3519x215,sbaxter@burnett.info
2561,Dominique,Simpson,Blanchard-Villegas,179-908-8758,julieburns@bray-mccarty.net
2562,Yesenia,David,Blanchard LLC,-2797,briannaford@small.com
2563,Dominic,Cowan,"Zhang, Castaneda and Boyer",846.853.5593x2790,psanders@baldwin.com
2564,Carrie,Mcgrath,Garner-Dunlap,386-657-5617x38751,marshearl@santiago-sosa.com
2565,Dawn,Holden,"Booker, Kennedy and Cooley",021-631-1820x6344,orozcotravis@underwood.com
2566,Brandy,Ferrell,Bishop and Sons,8696057153,cameron24@blanchard.info
2567,Stanley,Rush,"Singleton, Callahan and Harmon",948-508-5700x38342,skirby@patton.com
2568,Jamie,Valencia,"Kim, Potts and Baker",(453)614-8336x012,claytonmeghan@sparks-nelson.info
2569,Dean,Richards,Spencer-Jacobs,001-420-266-2853x122,lortiz@chan.biz
2570,Elizabeth,Hale,Costa PLC,232-485-4706x8778,krystal87@evans.com
2571,Neil,Buck,Cole-Bishop,991-624-0103x901,fergusonterri@hebert.com
2572,Casey,Lopez,Ibarra Group,156-426-2258x7241,miacampos@weeks.com
2573,Jermaine,Bruce,Hardy-Stevenson,001-983-651-2469x51535,shieldsderrick@thomas.org
2574,David,Brennan,Deleon Group,(826)289-1551,humphreyisaac@mora.org
2575,Mitchell,Campbell,"Spears, Preston and Obrien",001-156-572-9038x754,xterry@cooper.com
2576,Eric,Cruz,Pena Inc,(720)264-8931,katiemcmillan@gould-barrera.biz
2577,Bryce,Fuentes,Jensen-Murphy,(289)762-0033x220,alison21@atkins.com
2578,Harold,Green,Roth Inc,1665041093,hutchinsonmike@hall.com
2579,Connor,Maldonado,Phillips Group,+1-849-830-0298x62093,stanley94@duffy-burke.com
2580,Jake,Pacheco,"Yang, Travis and Herrera",001-479-240-7788x8269,jackwolf@rosario-levy.org
2581,Gary,Watson,"Cameron, Peck and Hale",334-059-0518x2057,mariecochran@maddox-mcdowell.com
2582,Kelsey,Gonzales,"Bender, Avery and Holland",001-918-453-6959x92027,jack44@herrera.com
2583,Nicole,Hobbs,"Hicks, Gamble and Barnes",+1-712-572-4795x99535,melanie77@middleton-burns.com
2584,Perry,Zuniga,Lawrence-Gay,829-415-0057x08290,brettruiz@rivera-moss.com
2585,Sierra,Lindsey,Mccann-Wang,(634)268-2108x132,donaldsonvictor@velez-watson.com
2586,Miranda,Villa,Cummings LLC,+1-185-920-3303x6156,twalsh@macdonald.net
2587,Destiny,Krueger,Chan-Zimmerman,282-953-7933,mlevine@harper.com
2588,Charlene,Higgins,Tyler-Romero,001-483-689-8841,dorothy89@wolfe.biz
2589,Ryan,Figueroa,Lang-Whitehead,091-153-8961x028,sampsontodd@rose-mooney.org
2590,Claire,Crosby,Morrow-Baird,001-098-251-6810x2990,nmoyer@wiggins.com
2591,Eddie,Horn,"Mills, Yates and Shaw",(998)075-2158x360,davieskaylee@gates.info
2592,Gloria,Frank,"Cross, Kirby and Roach",2204058228,krystal05@carlson.info
2593,Charles,Gordon,"Cherry, Kemp and Burke",241.982.4135x29314,vicki15@cole.com
2594,Cassie,Odom,Blevins-Ellis,001-866-458-9254,vparks@hart-gillespie.info
2595,Mason,Thornton,Mooney-Kerr,3462329981,pennycastillo@huff.biz
2596,Logan,Schmidt,"Graves, Juarez and Kaufman",041.394.4855,velezcasey@haynes.com
2597,Hunter,Carter,Franco PLC,001-698-559-4477x84067,barbara43@lee.org
2598,Eric,Shepard,Whitney Ltd,748-496-6988,autumn39@flores.info
2599,John,Doyle,Mendez Ltd,766-692-7889,kevincarrillo@barnes.com
2600,Belinda,Velez,Manning Ltd,798.151.2290x27920,jeanette15@hendricks.com
2601,Tony,Shelton,Clements Ltd,001-120-276-7889x7417,grantmullins@bentley.com
2602,Joy,House,Weiss-Stanton,+1-602-156-3950x5462,ginabauer@armstrong.com
2603,Charlotte,Trevino,Guerrero-Parrish,+1-291-842-8280x99257,kraymond@ashley-mckee.com
2604,Alyssa,Fischer,"Cochran, Bauer and Edwards",001-167-395-2029x1080,natashawalton@bullock.biz
2605,Caroline,Rivas,Randolph Ltd,7763494220,phillip19@robbins.biz
2606,Mason,Costa,Graham-Giles,209.746.4543x49805,bmorton@joseph-fields.com
2607,Jonathan,Morales,Wade Group,+1-159-457-0461x9278,gwarner@fuentes.com
2608,Maxwell,Hunt,"Gentry, Pruitt and Acevedo",001-186-013-6930x071,warren05@valencia.biz
2609,Angel,Stewart,Reeves-Davila,(089)100-2089x21844,stevenmcguire@weiss-meza.com
2610,Aimee,Fischer,"Lang, Levine and Velazquez",001-298-374-8404x005,davewilkins@clements-craig.com
2611,Kenneth,Preston,Mckay and Sons,+1-675-438-9203x169,bettycampbell@short-lawrence.com
2612,Vernon,Weaver,"James, Rice and Proctor",001-882-369-1608x05683,caindennis@silva.com
2613,Brandy,Steele,Small Inc,798-519-3024,hughesdave@mccarty.com
2614,Judith,Carey,"Jimenez, Rasmussen and Joseph",(394)309-4146x47386,debbiehorne@terry.com
2615,Michael,Campos,Aguilar-Mays,868.557.8887,alicia58@pineda-small.com
2616,Kathy,Petty,Santiago LLC,382-284-1007,debbiefaulkner@ferguson.net
2617,Reginald,Key,"Barr, Abbott and Hodge",320.524.2117x1982,mccormickselena@middleton.com
2618,Ethan,Farrell,Phillips-Mcintyre,+1-593-756-9429x48707,vstephens@gibbs.com
2619,Jay,Morton,Simon LLC,001-949-311-3753x541,ginaberger@riddle.info
2620,Bernard,Pratt,"Evans, Fleming and Madden",(469)464-9378,rfoster@benitez-howell.info
2621,Robert,Meyer,Ray PLC,013-257-7817,rebecca09@garza.info
2622,Ronnie,Vazquez,Smith LLC,397.647.5403x467,dmcconnell@bowman.com
2623,Maria,Quinn,Roth-Hammond,6527295842,laurenfarley@delgado.com
2624,Tammy,Simon,Frye-Hammond,(511)520-1326,stacey93@whitaker-roach.com
2625,Blake,Sims,Moyer-Heath,001-679-505-1031x8420,cannonvictor@holmes-wu.net
2626,Rhonda,Cobb,"Drake, Contreras and Gomez",001-572-926-9200,tchang@sparks.com
2627,Jillian,Neal,"Maldonado, Bryant and Hays",614-420-7801x0610,anita24@sims.org
2628,Paige,James,Norton Inc,139-540-9443,summer43@ball.com
2629,Vicki,Lamb,Alexander Inc,154-199-6694x944,zhorne@casey.org
2630,Chloe,Morrow,Arellano and Sons,782.734.2964,claireowen@schneider-norman.info
2631,Gary,Shea,"Kline, Nolan and Mills",(874)120-0145x3395,brycestevenson@hanson.com
2632,Jared,Blackburn,Stanley-Wise,9938215630,bhanna@thompson.com
2633,Alan,Powell,Bonilla Inc,(238)245-6580x9608,mmccarthy@liu.info
2634,Joy,Prince,Potter Ltd,(649)402-0169,mejiamia@bridges.com
2635,Rachel,Yates,Short-Kim,(774)021-4092x105,vcurtis@rollins-dodson.com
2636,Donna,Tyler,Burton-Knapp,844.222.3339,qmercer@fitzgerald.org
2637,Jared,Hayden,Fowler Ltd,403.514.5789x086,nrowe@ritter-zuniga.net
2638,Terri,Shelton,Brooks LLC,509-000-7131x4400,cristinafrench@cobb.net
2639,Sherry,Daniels,Stephenson LLC,001-050-900-7891x1327,huffmanelijah@fry.com
2640,Mark,Zavala,"Patel, Oliver and Hernandez",+1-076-497-4318x0872,pattersonandres@curtis.com
2641,Harold,Andrews,Guerra Inc,001-243-352-5681x4855,kirkchristensen@andrews.info
2642,Rachael,Sharp,Osborne LLC,2290417859,zimmermanlauren@peterson.org
2643,Jessica,Phelps,Dillon-Moore,423.551.0548,parkmeredith@knapp-dillon.biz
2644,Darryl,Craig,Mcneil Group,(051)618-5198,ahull@jennings-golden.biz
2645,Jose,Arias,"Pearson, Holloway and Carson",+1-650-748-1812x11414,russokylie@clarke.com
2646,Melinda,Nicholson,Graves Group,348.733.4290,meredith75@thomas.com
2647,Johnny,Strickland,Collins PLC,-3377,nortonclifford@newman-santos.biz
2648,George,Giles,Woodward and Sons,(376)267-0467x343,zmcintyre@conley.com
2649,Mathew,Choi,"Mason, Ibarra and Pace",524-019-0586x32049,alejandro59@mcintosh.com
2650,Sheryl,Sandoval,Gallegos PLC,562509766,franciscoblackburn@ware.org
2651,Brad,Campos,Lozano-Sanchez,051.149.1403,rachelmosley@holden-ware.com
2652,Aaron,Mcgrath,"Villa, Maynard and Hernandez",424-237-0336x51924,hannah15@phillips-pineda.com
2653,Brianna,Willis,Finley-Ibarra,052.865.4758,skeller@leblanc-church.com
2654,Rick,Johnson,"Noble, Holloway and Silva",+1-518-849-5010x343,englishtroy@castro-farley.info
2655,Ernest,Dunlap,Bowers Ltd,235.414.3384x531,tsavage@vasquez.com
2656,Cassandra,Washington,"Simpson, Flowers and Li",(897)789-3116,duffykristen@becker.com
2657,Gabriel,Deleon,"Montoya, Chaney and Wilkinson",484.343.2896,joshuaramirez@mejia.com
2658,Ariana,Webster,Bowers Inc,861-319-3005x594,blowery@doyle.com
2659,Theresa,Wilkins,Mendoza-Miranda,(360)869-2013,lorraine16@blankenship.com
2660,Tim,Doyle,"Simmons, Mcmahon and Pacheco",467.583.1879x2266,kelseymedina@ellison.net
2661,Brandy,Hull,"Erickson, Gay and Madden",4245889803,nfrancis@cruz.com
2662,Harry,Burke,"Wilson, Key and Sloan",(835)631-6973,wattsleah@barnes.biz
2663,Hayden,Yates,Stein-Trevino,(154)724-5706x95011,goodwincole@grimes-lin.com
2664,Logan,Douglas,Oneill-Frey,3428030633,wernertravis@dickson-wells.com
2665,Billy,Oconnor,"Kelly, Weaver and Jensen",(967)356-8037x685,vmoreno@mahoney.com
2666,Kara,Hinton,"Hensley, Mccarthy and Chung",+1-418-708-5989x5899,uwarner@wagner.com
2667,Wesley,Randolph,Singh-Thompson,(182)894-6557x586,pattonvickie@tanner-hawkins.info
2668,Christie,Davenport,Cummings PLC,001-277-499-4246x60739,juarezmaria@cross.org
2669,Jo,Steele,"Villarreal, Savage and Howe",001-453-663-2407x8692,krausenathan@holden-mason.net
2670,Austin,Choi,"Mays, Chandler and Mccullough",+1-374-615-2025x0776,isaacschroeder@arellano.com
2671,Alexandria,Hurley,Estrada-Bernard,425-087-3263x360,mirandatimothy@larson.org
2672,Bonnie,Pierce,"Aguilar, Parsons and Pruitt",-8138,michele52@randall.com
2673,Shane,Hodges,"Burnett, Monroe and Gilbert",001-893-625-3611x859,jefferyhardin@buchanan.com
2674,Adam,Underwood,Shelton Group,(859)774-3762x505,marvindean@davenport.com
2675,Kurt,Guzman,"Taylor, Davenport and Cohen",001-483-395-4046,rubiohelen@moran.org
2676,Jackie,Adams,Burnett-Hensley,(487)931-9188x67354,hendersonclarence@murray-maddox.com
2677,Blake,Liu,"Benton, Combs and Butler",+1-013-093-1269x0126,horndevon@fletcher.com
2678,Frederick,Bullock,"Costa, Rice and Stein",363.977.1199x4895,hayleyweber@gilbert.com
2679,Darryl,Stanton,"Branch, Moran and Hoover",585.189.5943,ckrause@warner.com
2680,Angela,Strong,Villegas-Leblanc,6521562223,dunnsharon@marks.info
2681,Theresa,Hester,"Mcgrath, Sherman and Macias",-1296,smurphy@rivas.org
2682,Ebony,Kane,Fitzpatrick Inc,(777)868-8026x251,nolanneil@adams-newton.com
2683,Natalie,Dalton,"Cowan, David and Suarez",681.299.2250x436,gmurphy@brown.info
2684,Sheryl,Powell,"Beasley, Oneill and Dean",584.119.6908x7573,villarrealshawn@norman.com
2685,Kristen,Decker,Raymond-Perry,+1-486-152-9872x64911,guzmanmonique@henderson-davila.net
2686,Joan,Erickson,Lozano Ltd,372.246.8158,debbie36@weaver.com
2687,Devin,Sellers,Romero Ltd,470-545-0978,gavinvalencia@best.com
2688,Stanley,Spencer,Bird-Hanson,001-610-011-9428x067,dodsonaimee@kirk.com
2689,Ryan,Oneal,"Bonilla, Moody and Roth",822-704-3728x5868,zstein@valenzuela.com
2690,Gregory,Mclean,"Mahoney, Buckley and Blanchard",518-744-1264x00276,sabrina74@steele.com
2691,Travis,Buck,"Bruce, Williams and Shelton",535-355-1892x193,jtucker@ayers-swanson.com
2692,Lori,King,"Spears, Osborn and Vasquez",8637756596,fernandezdenise@hess.com
2693,Lawrence,Bradshaw,Fuentes-Roberson,(134)617-5797x99623,ffinley@stokes.com
2694,Jimmy,Bowen,"Blevins, Suarez and Contreras",605-883-6236x511,jefffox@morrison.com
2695,Maurice,Dawson,Fowler Ltd,408.260.0659x5380,pamdickerson@mcclure.org
2696,Nicole,Manning,Sullivan-Stephenson,-8008,geneshelton@morris-ali.com
2697,Tracey,Peck,Christensen Ltd,+1-493-581-6670x47487,jaclyn54@jefferson.com
2698,Ernest,Duke,Ramsey-Mcguire,+1-955-126-5975x10431,stacy98@hodges.info
2699,Damon,Orozco,Arroyo Inc,001-276-887-0582x70305,oortega@rivas.biz
2700,Paula,Christensen,Costa and Sons,(038)689-8179x53741,morgandustin@morrow.org
2701,Roger,Walters,Klein Inc,486-839-2532x401,courtney74@eaton.net
2702,Jimmy,Stanton,"Gross, Ware and Acevedo",(498)775-0476x882,jonathancohen@booker-collier.com
2703,Erin,Atkins,Cole-Lambert,(250)670-3595,jeanpoole@cabrera.com
2704,Louis,Powell,"Hunter, Potter and Rodriguez",+1-930-118-6965x06080,kylienichols@gibbs-duran.net
2705,Dakota,Bowman,Dougherty Ltd,(045)978-7376x06315,wongelizabeth@bentley.org
2706,Lindsay,Orr,"Bullock, Whitehead and Brown",237-885-3808,brenda20@higgins.com
2707,Shane,Holloway,Davila-Trujillo,116-124-8781x69177,fritzgabrielle@hebert.biz
2708,Randy,Frye,Chaney-Barton,+1-643-630-6590x4746,cobbtracey@valenzuela.com
2709,Jocelyn,Rodriguez,Ashley-Douglas,(782)143-5529x12920,eshort@juarez.com
2710,Corey,Parsons,"Joseph, Fisher and Sandoval",3862738930,micheal20@spence-oneal.net
2711,Russell,Haney,Ruiz-Donaldson,121.011.8056x27792,kenneth71@cline.com
2712,Sandy,Glenn,Peck PLC,699.349.5212x3928,sturner@brennan.com
2713,Raven,Ortiz,Trujillo-Spears,-3551,woodardmarcia@mack.com
2714,Leah,Mckenzie,Lawrence LLC,001-035-337-7443x92890,brianarandolph@webb.net
2715,Alex,Griffith,Wyatt-Ross,1202680084,richlindsay@hoover.biz
2716,Clinton,Burton,"Guzman, Ferrell and Francis",+1-028-838-5755x0268,simskatherine@stephens.com
2717,Micheal,Knight,Barrett and Sons,294.648.9937x128,katherine15@elliott-warren.info
2718,Gregg,Garner,Rivera LLC,001-347-352-5253x2552,acevedomark@lin-levy.biz
2719,Matthew,Merritt,"Nguyen, Vance and Cooper",001-397-206-6737x65423,kristiemoses@curry.org
2720,Malik,Terrell,Hammond-Burke,5790815793,claire76@peterson-french.com
2721,Theresa,Garcia,"Rush, Kirby and Grimes",(443)043-3295,xwang@mullins.com
2722,Steve,Brewer,Proctor-Phillips,+1-482-021-2955x296,claytonrobles@zavala-atkins.org
2723,Christian,Hubbard,Warren-Mccarthy,907-753-7582x5318,colleen20@coffey.com
2724,Melinda,Mcmillan,Lyons PLC,8648522653,dcohen@mills-riley.net
2725,Jon,Mccoy,"Erickson, Reid and Wolfe",001-552-332-8213,bookertyler@gross.com
2726,Aaron,Hamilton,Decker Inc,923-194-6702x8699,zpark@carter-compton.com
2727,Christina,Miller,Trevino-Novak,001-224-361-6675,vhoffman@doyle-bowen.net
2728,Darrell,Graves,Reilly-Finley,357494548,pollardbeth@mclaughlin-harrison.com
2729,Bethany,Ritter,"Wilkinson, Stewart and Holland",840.627.1283,ckelley@frost-alvarez.com
2730,Zachary,Hunter,"Carson, Marks and Montgomery",001-635-311-4172x673,maddoxdanielle@cantu.com
2731,Michelle,Gay,Schaefer-Archer,(437)851-1584x5546,jball@marsh.com
2732,Nichole,Sosa,"Choi, Flores and Morgan",9780713652,gvilla@clarke.com
2733,Ross,Graves,Dickerson-Haley,847.489.7091,eroberts@cooley.com
2734,Mercedes,Martinez,"Cunningham, Kirby and Abbott",042-988-9798x6756,tvang@wells-davila.com
2735,Autumn,Meadows,Love-Arroyo,(103)922-9711x3016,bhooper@white.com
2736,Tara,Bowers,Moss Inc,(987)193-1940,haroldmoody@olson-massey.com
2737,Dana,Murillo,Rangel-Macias,692.401.0647,riveraclifford@watts.biz
2738,Deborah,Huang,"Chambers, Kirk and Whitaker",003-840-6878x4867,ernest59@waters.com
2739,Lawrence,Quinn,"Johnson, Dillon and Marsh",(523)361-1325,xrandolph@wu-rivera.com
2740,Judith,Love,Barr-Sexton,(119)749-6980x0344,cesarburns@mays-mcdonald.com
2741,Tasha,Matthews,"Parks, Pineda and Mendoza",(387)086-9534x26661,noahdominguez@reyes-snow.com
2742,Jay,Stewart,"Hooper, James and Davis",322.116.6159x30686,elijah12@pugh-david.com
2743,Austin,Jackson,"Gonzales, Padilla and Hudson",-7486,lydia43@ritter.com
2744,Jeanne,Farrell,"Martin, Mcclure and Conley",622-847-6153x2911,kristine34@rivas-suarez.net
2745,Brenda,Sanchez,Brown Ltd,(583)122-6263,joycemayo@marquez-anthony.com
2746,Carly,Carney,Fields-Love,683-172-1812,epham@hatfield.biz
2747,Jaime,Yu,Weiss Group,48330008,kendra22@pearson.info
2748,Danny,Conley,Daugherty Ltd,3802922765,glenda77@hughes.net
2749,Earl,Merritt,Harris-Mann,(153)393-8586,robbinscharles@ashley.com
2750,Norman,West,"Mack, Hendrix and Baker",001-834-730-8339,ddaugherty@travis.com
2751,Joe,Joseph,"Boyer, Bullock and Phelps",237.360.2497,joel53@reed.com
2752,Whitney,Levy,"Raymond, Middleton and Mcpherson",318.146.5066,cduke@barber-zimmerman.net
2753,Hailey,Gonzalez,Clark-Crawford,326-975-2227x991,salinasscott@sutton.biz
2754,Bailey,Taylor,Cannon LLC,(372)542-3749x02429,chasemeredith@grimes.biz
2755,Audrey,Santiago,Hart Group,(371)895-5114,kroberson@tapia.com
2756,Natalie,Lynn,Mercado-Sosa,+1-547-998-7744x17972,yangvictor@munoz.com
2757,Oscar,Martinez,"Ibarra, Carter and Pollard",719-569-0728x86434,chloehood@horne.com
2758,Cassie,Wu,Travis-Black,246.767.1549x2705,tiffanypearson@benson.com
2759,Stuart,Valenzuela,"Faulkner, Wallace and Hogan",001-268-877-4774,sabrinafrye@gates.com
2760,Kim,Middleton,"Parker, Hart and Schmidt",858.902.0388,bernard26@heath.com
2761,Betty,Greer,Heath Group,(299)266-6164,julie40@colon.com
2762,Jeffrey,Barnett,"Ashley, Proctor and Howard",001-575-187-8720x0807,ghuynh@wood.org
2763,Alejandra,Rush,"Dyer, Brennan and Fox",001-707-059-5715x742,billarroyo@nielsen.com
2764,Christy,Gamble,Jacobs-Thompson,738-844-7065,dustin14@blankenship.biz
2765,Elizabeth,Rosales,"Good, Hudson and Schaefer",001-166-414-7406x940,bradley08@houston.info
2766,Shari,English,"Bass, Mann and Cain",001-406-842-2551x4925,jean11@farley-krueger.com
2767,Brady,Macdonald,"Rivas, Arias and Baldwin",001-875-029-3130,ambernewton@guerra.info
2768,Raymond,Ferrell,Brandt and Sons,406.633.4946x02959,judithmontoya@dunn.net
2769,Tommy,Adkins,Olson-Thornton,1435993231,lindsay57@kramer-chaney.info
2770,Tami,Pacheco,"Tyler, Clarke and Spencer",(316)564-1835x084,jasminchen@chaney.biz
2771,Chelsea,Rowe,"Skinner, Diaz and Gay",5593990890,mikaylalyons@curtis.info
2772,Cristina,Cox,"Kemp, Morgan and Harrell",001-599-628-5603x5791,batessavannah@roberts.com
2773,Bill,Andrade,Morrison-Parks,049-239-6225x9348,tbaird@peters-valdez.com
2774,Toni,Dickerson,"Ewing, Jones and Odom",001-056-065-5963,nolanmisty@massey.com
2775,Jeffrey,Wright,Gordon Ltd,179257815,terri95@logan.com
2776,Damon,Rosario,Valencia-Moran,5287278408,jeffrey24@mccoy.com
2777,Hayden,Palmer,Malone-Dean,149.115.9644x7408,kirk33@stephens.com
2778,Shari,Webb,Levine LLC,001-995-730-0093x996,stacie84@stewart-lee.org
2779,Beth,Schmidt,Reynolds-Chase,924-010-9732x93574,frances15@frank.biz
2780,Lacey,Gill,"Cannon, Allison and Carlson",986.052.3861,ashlee32@fitzgerald.net
2781,Jody,Cruz,Mccall-Archer,525-363-7987x4146,kim62@mercer.com
2782,Roy,Cummings,"Copeland, Ellison and Rodgers",840-204-7560x3176,virginia98@cervantes.com
2783,Kathryn,Clay,Garrison-Bond,075.981.0402x6410,rileyyvette@kane-ruiz.org
2784,Maxwell,Keller,"Mclean, Bentley and David",001-868-593-8454,merrittlee@park.org
2785,Betty,Haney,"Peck, Macias and Chase",(661)267-9544x56648,garneraustin@everett.com
2786,Kyle,Nielsen,Mclean PLC,156-036-2034x750,markscheyenne@camacho.com
2787,Deborah,Lucero,"Mercado, Graham and May",(859)171-9356x8358,ushort@montoya.com
2788,Kirk,Marshall,Sims-Buckley,(174)780-4846,morgan62@krause.com
2789,Perry,Tanner,"Pearson, Baldwin and Medina",001-829-951-9186x25150,jackson94@cain-hayes.com
2790,Sydney,Atkinson,"Hamilton, Frederick and Browning",304-900-4716x25933,crossgreg@gamble.biz
2791,Cassidy,Moore,"Floyd, Ramirez and Stephens",004.005.5941,joyce72@walters.com
2792,Angelica,Adams,Watson Ltd,001-926-923-2649,kimberly94@valdez.com
2793,Sara,Daniel,Bean-Rollins,164.050.1380,fernando81@skinner-li.org
2794,Yolanda,Macias,"Mcfarland, Malone and Huber",368.597.3651,bobbywebster@lyons.org
2795,Sheena,Martinez,Burch-Blackburn,650.011.5715x248,eduardo96@best-sheppard.net
2796,Charlotte,Houston,"Roman, York and Flynn",234-131-4845,owensmichelle@collins.com
2797,Karla,Carlson,Baldwin LLC,825.987.4986x3931,steve77@sanford.com
2798,Christie,Stark,Singh-Nash,954.230.3622x262,ekerr@burch.net
2799,Jon,Stevenson,"Joseph, Bullock and Turner",-5135,reynoldsjeffery@branch.info
2800,Alexa,Burton,Morse-Mclean,537-812-9009,nmeadows@schroeder.com
2801,Cassandra,Odom,"Butler, Kim and Morrow",(716)565-6625,lorraine83@molina.net
2802,Kathleen,Livingston,Roberson-Friedman,628.339.0339,amberbowman@alexander.com
2803,Natalie,Cline,"Beltran, Leonard and Gonzales",001-711-293-9218x957,johnnypugh@wang.net
2804,Harold,Carlson,Meza Group,+1-818-748-6059x7404,sandovalmary@woodward.com
2805,Jorge,Barron,Savage Group,001-694-969-1879x0735,eholland@braun.com
2806,Rickey,Mcdonald,Boyd-Potts,(673)957-7977x758,theodoremarsh@bond.com
2807,Brent,Vaughn,Parrish-West,7867684141,russell98@cook.com
2808,Cameron,Leonard,"Morgan, Santiago and Gaines",613-329-9419,victoriamccullough@joyce-villegas.com
2809,Tami,Walker,Patrick-Hess,+1-026-918-6967x0343,derrickaustin@mcintyre.com
2810,Nichole,Gordon,Evans-Gaines,7910388252,vaughanmarissa@sutton-carter.com
2811,Karina,Charles,Lamb-Parks,711-331-4378,ehaley@hampton.com
2812,Beverly,Howell,Gentry Inc,081.368.6932x02989,hornlucas@waters.org
2813,Pam,Sawyer,Fletcher Ltd,425-354-3409x974,john34@black.com
2814,Sherri,Hoover,Romero Ltd,538-810-1897x66839,kristenbradley@hopkins-knight.biz
2815,Megan,Shelton,"Mora, Waters and Price",1999807046,tomgross@trevino.com
2816,Melanie,Evans,Chase Inc,600.067.8262x16623,gramsey@norton.com
2817,Virginia,Pruitt,Floyd-Oneal,001-130-671-1393x420,danharding@baldwin.org
2818,Rebecca,West,"Baxter, Newton and Francis",083-100-1187,vspence@rojas.net
2819,Mckenzie,Harrison,"Carpenter, Novak and Lester",722-772-1231x8162,gbryan@krueger.com
2820,Elijah,Blair,"Roach, Webster and Medina",(951)041-6976x05879,kennedymarc@sims.com
2821,Dakota,Santana,Bray-Ellis,001-700-682-2705x17586,herringbelinda@bauer.com
2822,Travis,George,Blake Group,382.468.3742,dalton08@dunn.com
2823,Curtis,Lucero,Chavez and Sons,2152256724,wmaynard@vasquez.org
2824,Jackie,Larsen,"Zhang, Wiley and Reeves",715-018-8464,leroy10@riggs.biz
2825,Willie,Suarez,"Koch, Orozco and Rivera",(573)520-7857,anitaclayton@carey.biz
2826,Dominic,Ray,"Malone, Archer and Hart",+1-614-370-4863x0042,gmoon@marks.com
2827,Troy,Mckay,"Le, Shah and Gilbert",+1-661-469-6307x43965,solisnancy@rivas.com
2828,Kathy,Warren,"Beck, Taylor and Newton",(852)563-7634x78854,angelica38@compton.com
2829,Breanna,Hubbard,"Haley, Bauer and Mullen",3812036106,dbeard@gordon-lewis.com
2830,Chad,Fleming,"Bradshaw, Guerrero and Roth",001-120-147-0122x93953,colin13@richardson.biz
2831,Lance,Moses,Norris-Bender,(666)725-1078x87138,kdudley@edwards.com
2832,Kevin,Whitehead,Lloyd Group,(870)649-2757x013,andrewriley@perkins-pace.com
2833,Joan,Hardy,"Schmidt, Colon and Craig",001-502-385-2305x9698,qfoley@patton.com
2834,Jeff,Robbins,Ewing-Johnson,+1-756-748-3884x7452,noah57@blackburn.com
2835,Martha,Hickman,Beltran LLC,417.923.8996,tiffany45@stanley.biz
2836,Tammy,Yates,"Higgins, Saunders and Curry",(483)929-8903x3430,rbarker@mccann.com
2837,Debra,Juarez,Erickson-Cook,022-784-3257,sheryladams@best.com
2838,Jane,Brandt,"Meyers, Compton and Lucero",007.112.8036x95749,kristina76@nash.net
2839,Kristopher,Evans,"Lutz, Farley and Prince",(096)858-5652,weaverjade@montoya-holder.com
2840,Suzanne,Simmons,"Ayers, Austin and Castaneda",368-461-6723,isharp@hull.info
2841,Bob,Mcbride,Estrada-Ho,1299351014,raymondpaige@khan.org
2842,Craig,Tapia,"Banks, Carlson and Schroeder",+1-799-020-1561x392,leon90@quinn.net
2843,Joanna,Good,"Livingston, Barton and Carlson",(640)296-7830x2042,taraashley@crane.com
2844,Amy,Mata,Ferguson-Bullock,001-342-026-5869x073,yjohnston@choi.com
2845,Rhonda,Carrillo,"Keller, Frey and Abbott",001-804-535-7904x109,trujillojasmine@calderon-peck.org
2846,Ray,Richards,Frost LLC,321.913.6196,faith91@hart.info
2847,Ana,Haas,Bird LLC,001-214-798-8963,teresa21@mcfarland.biz
2848,Diane,Fry,Daniels-Cline,-6535,krichard@kramer.com
2849,Debra,Neal,Brooks-Kent,(570)973-6088,lamkatie@coffey.com
2850,Eddie,Kidd,"Thomas, Dudley and Glenn",364-921-2231,qballard@golden.com
2851,Claudia,Harmon,Payne-Douglas,322-943-9935,ashleyfrench@gallegos.com
2852,Penny,Jacobs,Matthews-Friedman,970.889.0330,hahncharlotte@macias.com
2853,Vicki,Logan,Roberts PLC,684.504.6094x1033,claudia88@morrow-coleman.info
2854,Kathryn,Pruitt,Howe and Sons,673-947-7785x0417,qnewman@little-hayden.org
2855,Dennis,Sweeney,Kline and Sons,973.269.7007,cliffordcisneros@mcintyre-watts.com
2856,Rick,Goodwin,Price-Good,001-280-767-3837,valerieburgess@cannon-herring.org
2857,Micheal,Morse,Zuniga-Bowers,(907)452-4470,icastro@petersen.net
2858,Autumn,Andersen,"Harper, Cummings and Lester",059-637-1381,frichards@fuller.com
2859,Shawn,Conway,"Mason, Hensley and Anthony",(169)704-5705,ylawrence@bentley-rich.org
2860,Jeanette,Curtis,"Salazar, Houston and Barajas",-4618,kirsten37@valencia.org
2861,Chelsea,Gonzales,Cummings Group,59562686,carol53@mcpherson-welch.com
2862,Desiree,Knox,Buck Group,001-914-410-3278x21637,marisa13@gaines-stuart.com
2863,Joan,Ellis,Glover LLC,383-336-3931x84864,billy24@hester-moses.biz
2864,Chad,Wilson,"Rojas, Greer and Davenport",+1-377-470-5985x56363,joannevillarreal@mata.org
2865,Sergio,Spence,Downs Ltd,(640)195-9972,solomonkrista@hart.com
2866,Savannah,Webb,Barr-Guerra,001-709-761-8776x432,sheliazavala@tapia.com
2867,Duane,Chandler,Beard-Poole,799-095-7056x392,micheal31@ali.com
2868,Henry,Valdez,Scott PLC,(072)411-0588x6943,lbolton@andersen.net
2869,Melanie,Meyer,"Schwartz, Decker and Church",828-797-4807,gryan@dougherty.com
2870,Gregg,Patrick,Guerrero-Bowers,-6464,faulknerkara@wade.info
2871,Molly,King,Dixon-Allison,001-738-259-2253x0123,icompton@johnston-murphy.com
2872,Collin,Gordon,Bolton-Bradshaw,912-415-3651x786,mballard@hunt-moreno.biz
2873,Raymond,Powell,"Robbins, Ali and Love",+1-558-697-6202x7739,fkaiser@fernandez.com
2874,April,Rubio,"Wall, English and Kaiser",001-187-576-2694x7806,jillbaldwin@santiago.com
2875,Dan,Waller,Swanson Inc,458-829-4847,watsonbrittany@kemp.biz
2876,Tasha,Hammond,Dawson-Mays,036-640-2022x77716,lukemaynard@harvey.com
2877,Natalie,Camacho,Mcdonald Group,(206)628-9654,brandon84@gilmore-lester.net
2878,Toni,Cortez,Kelly LLC,(785)334-4897x632,dbeltran@barker.com
2879,Tonya,Bautista,"Lawson, Marshall and Briggs",076.971.6171,vangjoshua@petersen.com
2880,Stacey,Blevins,"Romero, Crosby and Terry",212-176-6156,melvinfrench@moore.com
2881,Carl,Ochoa,Nguyen PLC,256.115.9477x5119,gravesthomas@curry.com
2882,Leonard,Knight,"Hendricks, Lambert and Ashley",733-594-2727x115,leslieaustin@atkinson-brady.com
2883,Amy,Owen,"Macias, Roman and Knight",543.503.6547,theresa69@mcpherson.info
2884,Monica,Wells,Greer-Davis,076.613.8637,harrellveronica@barker-romero.info
2885,Samuel,Hooper,Rollins-Bentley,015.284.5098x6156,gwendolyn36@cline.com
2886,Brenda,Harrington,Boyle-Kent,226.236.5485x721,mindybullock@huffman.biz
2887,Hunter,Collier,Dawson-Jennings,(684)092-9480,horneolivia@schaefer.biz
2888,Jody,Costa,Mcneil-Barajas,001-992-047-4413,hodgekurt@bass-mann.com
2889,Mark,Murray,Martinez-Weeks,145.092.0563x666,colecheyenne@callahan-bryant.biz
2890,Kenneth,Yu,"Forbes, Ellis and Michael",1761914290,alexaochoa@woodward.info
2891,Lee,Lane,"Dalton, Trevino and Schmidt",001-713-670-2583,jacobvelazquez@pearson.biz
2892,Sandra,Escobar,Keith-Rivers,001-807-209-7961,kpennington@figueroa.biz
2893,Heidi,Burton,Dunn-Lyons,+1-106-474-3119x1865,lunacolton@macdonald.com
2894,Wayne,Meyers,"Meyers, Lara and Ibarra",+1-764-385-7672x61829,roy90@richard-travis.com
2895,Johnny,Peck,Rios PLC,-4903,desireerosales@reynolds.com
2896,Virginia,Wiley,Jimenez PLC,001-864-785-3008x5622,sanforddevon@gill.biz
2897,Bill,Foley,"Benjamin, Boone and Kidd",001-851-560-9830x6751,nnolan@mcmillan.com
2898,Hayden,Cannon,Scott-Boyer,291-750-7105x6653,charlottehoffman@powers-baker.com
2899,Connor,Brock,Day-Fletcher,5455227769,sergio51@rosario.biz
2900,Sean,Roman,"Mata, Chambers and Calderon",086-141-3487,nathangregory@ballard-davidson.com
2901,William,Delgado,"Carney, Finley and Garrison",001-374-299-0271x63586,bowmanjane@burns.com
2902,Kim,Herrera,"Ewing, Buck and Downs",349.270.1548,zlane@riddle.info
2903,Jasmine,Perez,Price and Sons,966-234-9043,bryanayers@hudson-crosby.biz
2904,Jenny,Durham,"Nixon, Sellers and Waters",001-918-741-0748x65152,gloriahensley@padilla-gillespie.com
2905,Christopher,Carr,Ballard PLC,-6917,bonniemoody@rodgers.com
2906,Julia,Myers,"Cherry, Jennings and Edwards",-7404,cassandra42@guerra.com
2907,Francisco,Cantrell,"Santana, Ward and Huffman",305.328.1217x1445,tasha81@rosario-shepherd.info
2908,Tami,Vazquez,Bonilla-Frazier,750-484-9201x1981,shaffertristan@swanson.org
2909,Wanda,Rivas,"Hampton, Mcbride and Leonard",(822)571-4064x1135,edwardsglen@villa.biz
2910,Tina,Stein,"Freeman, Ponce and Patton",806-501-2087,glenn26@gregory.com
2911,Logan,Dougherty,Holt PLC,(115)595-9412x534,newtonrandy@campbell.info
2912,Isaiah,Simpson,Wilcox-Mcmahon,3972154028,bondcathy@combs-donaldson.com
2913,Benjamin,Black,Church LLC,(868)912-0340,ronnie25@arellano.com
2914,Erik,Yates,Zavala LLC,344-684-8572x54477,bryanttanner@anderson.com
2915,Louis,Klein,Mcintyre Inc,(377)132-6353,lindseydale@mercer.com
2916,Aimee,Wall,Melendez-Tyler,520-829-3466x8250,cantukirsten@bond-goodman.biz
2917,Isaiah,Walters,Aguirre-Mack,(541)187-6824x8078,donaldrandolph@cline.com
2918,Marc,Robbins,Keller Group,001-577-324-0157,edgar80@gibbs.biz
2919,Bill,Bauer,Wood Group,+1-417-610-6866x08946,hoodroberta@ware-sanford.com
2920,Helen,Mercer,Gaines Inc,605-520-0709x3077,kellerkevin@hancock.biz
2921,Amy,Duran,"Bird, Moreno and Griffin",001-001-002-8164x33186,nancymccoy@gates.com
2922,Ebony,Weber,"Farrell, Anderson and Mann",(184)141-0460x66690,jeanne63@bird-aguirre.info
2923,April,Davila,Dalton PLC,(429)457-8232x43601,jocelynmathews@terry-mclaughlin.com
2924,Brenda,Odonnell,"Evans, Dean and Brady",-2419,yneal@fletcher.com
2925,Riley,Watson,"Powell, Davenport and Morrison",786-193-3117,jholt@harper.net
2926,Joseph,Benitez,Watkins-Schmitt,981-859-0715x6229,oscar35@ortega-calhoun.biz
2927,Selena,Hicks,Zamora PLC,062.029.5680x7916,kurtbranch@walls.com
2928,Henry,Bates,"Avery, Young and Orozco",(817)028-9790,zhardy@bernard.com
2929,Cory,Mcintyre,Coleman-Steele,001-504-152-3758x45756,cameronbrenda@ortega.biz
2930,Mathew,Huber,Roach-Calhoun,9240521767,dhenry@bass.biz
2931,Tracy,Lutz,"Gilbert, Chaney and Lucas",001-319-113-3230,alison42@mitchell.com
2932,Billy,Serrano,"Berger, Key and Mcmahon",455.816.7474x36293,friedmanjacob@sherman-dyer.com
2933,Mindy,Li,Cline Ltd,6343628698,marshrachel@haley.com
2934,Grace,Walton,"Hammond, Carpenter and Chambers",500.702.4118x91233,mahoneysheryl@rich.org
2935,Regina,Cline,Rojas-Chambers,457.702.4570,dickersonmichaela@haas.biz
2936,Dawn,Hammond,Kaiser LLC,001-246-591-3131x7494,lvillanueva@bowers.com
2937,Vernon,Shelton,Myers Inc,263.171.5867,wsteele@kaufman.net
2938,Kerry,Hartman,Payne-Stone,786-462-0024,tristan19@parsons.com
2939,Antonio,Stokes,Green Ltd,(359)940-3164,randallanthony@mack-trevino.com
2940,Colin,Schaefer,Booker-Ashley,+1-659-510-6647x16403,marie75@hensley.com
2941,Lindsay,Hendricks,Wiggins-Shea,(378)228-2412x81618,collincase@santos.info
2942,Emily,Cook,Black Inc,+1-705-087-6661x4505,gregstewart@torres.biz
2943,Dalton,Blanchard,Jackson LLC,319.531.8769x7938,logan88@krueger.com
2944,Howard,Fields,"Grimes, Beltran and Tyler",601-784-7555,howardcaleb@gilbert.com
2945,Katherine,Clements,Key-Mcdaniel,+1-372-074-6764x57313,valdezluis@doyle.info
2946,Sheila,Hammond,Bean-Edwards,+1-997-362-7757x8491,carlbenson@evans.com
2947,Maureen,Werner,Reese PLC,242-467-3590x37271,wdawson@nash-rowland.com
2948,Marcia,Casey,Underwood Group,391.879.5724,cassidy37@phelps-carney.com
2949,Colleen,Whitehead,Bradley-Wolfe,001-024-468-4675,yrichmond@tate.org
2950,Tanya,Lester,"Moran, Gonzalez and Potter",+1-487-813-8532x10949,bryankirby@aguilar.com
2951,Tabitha,Maynard,Bennett LLC,(046)638-2955x623,uprice@christian.net
2952,Bob,Dyer,Abbott PLC,263.865.8791,nataliewu@french-cohen.com
2953,Molly,Weber,"Tate, Ryan and Petersen",(348)086-5583x933,coffeysteve@pena.com
2954,Chad,Webb,"Beasley, Travis and House",+1-766-695-2022x2920,andrademeagan@barrett.com
2955,Gabrielle,Hahn,"Adkins, Morrison and Owens",813.558.6449,melanie98@wheeler-fleming.org
2956,Bridget,Day,Conrad-Cooke,5753001233,jocelyn33@dickson.com
2957,Derrick,Reilly,Heath and Sons,-3755,fbest@pierce.com
2958,Seth,Day,"Olsen, Harris and Mack",(293)026-6170x858,kari88@rose.com
2959,Jose,Miller,Mata and Sons,(158)705-9522x763,joyce24@ewing.com
2960,Carolyn,Fields,Bird Group,+1-219-184-8925x2231,jimenezshannon@miller-mendoza.com
2961,Alexis,Barajas,Solis-Bennett,(532)437-2882,maureenmckay@santos-ho.net
2962,Kirsten,Bush,"Le, Rasmussen and Sherman",+1-812-564-1799x255,xbrennan@mcintyre.org
2963,Sabrina,Everett,Melendez-Robertson,001-864-186-5164,leerojas@martinez.com
2964,Yvonne,Merritt,Coffey PLC,001-305-007-5864x9495,tammystevenson@mcgee-hoffman.org
2965,Leroy,Alexander,Velasquez and Sons,812.049.4292x49282,bfarmer@reilly.com
2966,Breanna,Mosley,Mcintosh-Boyer,001-851-317-7553,tabithavaldez@rubio-bradshaw.com
2967,Vincent,Stewart,Wilkins LLC,954.239.0287,barajasjanet@joseph.com
2968,Arthur,Mcdonald,Lara-Andrade,487-611-7769,pobrien@tapia.net
2969,Jill,Grant,"Hunter, Davidson and Boone",001-706-313-8366x118,allenmiranda@acevedo.info
2970,Walter,Velez,"Lopez, Taylor and Knight",535.343.1911x1059,saundersjorge@small-pearson.com
2971,Jasmine,Kim,Logan-Hayes,817.159.6830x1206,shirleyfitzgerald@levine-stanley.net
2972,Candice,Nixon,Hunt-Santiago,6335096987,kiaralindsey@baker-doyle.com
2973,Jade,Diaz,Odonnell-Hopkins,+1-615-809-3030x69473,joshuafoley@holland.org
2974,Dominic,Salas,Cobb Ltd,441.295.7488x00063,rodneylin@romero.com
2975,Madison,Powell,"Larsen, French and Estes",167224914,willissherri@hobbs.com
2976,Wanda,Lowery,"Osborn, Wolfe and Knox",027-885-3739x851,smithfelicia@mora-yates.com
2977,Shaun,Molina,Davidson-Oneal,271-619-1720,daryl49@rivers.com
2978,Matthew,Hurley,Stewart-Davidson,891-910-9221x7233,esparzakyle@rogers.com
2979,Glenn,Moody,"Jennings, Dudley and Davenport",931-750-7605,russellbrandy@gould.com
2980,Nathan,Webster,Vincent-Donaldson,(782)994-0893x8056,helenkramer@maldonado.com
2981,Susan,Bell,Villarreal-House,795-803-6870,julie74@roach-rollins.net
2982,Philip,Salas,Calhoun-Farley,(472)273-5884x4355,patricia07@joseph-deleon.biz
2983,Victor,Dennis,"Medina, Bradford and Medina",454-383-6920,wkirby@cortez.com
2984,Kaitlin,Atkinson,Shaffer PLC,001-664-688-5739,gmccann@rojas.com
2985,Corey,Price,"Wilson, Walter and Wiggins",819-595-1517x78342,apruitt@mayer-calderon.com
2986,Chelsea,Tate,Randolph PLC,6850077656,pnavarro@chandler-brandt.net
2987,Derrick,Leonard,Johnston PLC,315-972-6990,huertadaniel@oconnor.com
2988,Ruben,Horn,Weaver Inc,1661391606,zunderwood@odom.com
2989,Tammie,Bowers,"Melton, Petty and Archer",423-743-0682x9685,wyatt84@dougherty-hays.info
2990,Christine,Anderson,Bright-Flores,198-667-9682,fmoyer@warner.com
2991,Sergio,Joyce,"Serrano, Mcneil and Watson",5054168756,bairdalex@holder.net
2992,Isaiah,Mathis,Russell PLC,613.434.8276,kirk31@benton.biz
2993,Shelia,Barrett,Stanley-Allison,954-465-1896,danstone@casey-lewis.com
2994,Gavin,Hawkins,"Hester, Dorsey and Nixon",133.442.2014,victorfrancis@daniels.com
2995,Darius,Khan,Baxter-Patterson,(184)895-3535x492,dyermegan@liu.org
2996,Connor,Gill,May PLC,956-014-7813x802,schung@walls.com
2997,Cassie,Gonzalez,Rollins and Sons,791.136.7606,emaxwell@arias.info
2998,Austin,Huber,Neal and Sons,001-916-912-1940x959,rhondaheath@mason.info
2999,Kenneth,Mcdonald,Savage LLC,+1-653-702-1534x287,mcintoshcaleb@hogan.info
3000,Angie,Evans,Wright-Skinner,001-236-548-9153x13926,wbeltran@green.biz
3001,Jocelyn,Schultz,Reynolds and Sons,+1-912-814-4094x3981,mitchell27@benitez.info
3002,Leon,Beasley,Gamble-Schmitt,+1-381-384-2716x7728,carneygeorge@daniel.biz
3003,Jimmy,Yang,Mckinney-Andersen,(101)510-3015x533,spearsharry@sanchez.biz
3004,Yvette,Hayden,Underwood-Mullen,+1-300-157-6059x296,desireecasey@donovan-carroll.org
3005,Clarence,Gaines,Freeman PLC,697.220.3788x8731,maria80@mcknight.com
3006,Brandon,Sellers,David-Lucero,-3950,sandymartinez@melendez.com
3007,Hannah,Franklin,"Mccann, Braun and Booth",4599134612,benjaminbrown@contreras.com
3008,Wayne,Harrington,Fischer-Chaney,7903661553,cooleyaaron@valdez.org
3009,Eileen,Benjamin,Manning-Solomon,(695)414-1650,wesley80@sanchez.com
3010,Troy,Wallace,Huff Inc,001-189-435-0246x724,jerickson@foster.info
3011,Shane,Carson,"Hawkins, Petty and Bishop",001-990-151-3942x679,qcohen@nicholson.com
3012,Danielle,Pham,Merritt-Schroeder,001-209-598-6389x472,tanner87@hale.com
3013,Cindy,Kelly,Thornton-Bell,7692029723,tina86@morrow.org
3014,Terri,Garza,Andersen Group,544.007.3076x768,shirley24@mack.info
3015,Charles,Brady,"Snow, Espinoza and Branch",001-647-462-4590x33848,kpetty@green.com
3016,Brent,Blackwell,Moss Ltd,541-422-0733x9102,odeleon@hill.org
3017,Jaime,Macias,Ortega Inc,(532)813-6528x72131,cunninghammeagan@patterson.com
3018,Alan,Vasquez,Kennedy-Rice,877-745-4981,ncastaneda@abbott-beasley.com
3019,Tara,Bass,Melton-Dalton,057-557-4618,savageregina@yates-nicholson.biz
3020,Leonard,Cantrell,Freeman-Richmond,001-918-558-7794x502,danielle79@hatfield-rojas.com
3021,Yesenia,Spencer,"Hutchinson, Webb and Banks",501.619.8203,townsendwillie@mclean.org
3022,Jaime,Coffey,Wilcox Group,(400)641-4706x74933,santiagoalexa@casey-hawkins.net
3023,David,Blackburn,"Blankenship, Weeks and Khan",(802)476-5007,zschroeder@weber.info
3024,Alexis,Barnes,"Austin, Gross and Lin",(157)161-2183,jesus38@spears.com
3025,Sherry,King,Stephenson and Sons,(433)031-0439,laceymiller@bray.com
3026,Edwin,Rodriguez,Jones-Holland,4792636874,kathleenblake@drake-schmitt.com
3027,Roberto,Gregory,Mcconnell-Wang,+1-845-707-3456x5968,cheryl07@aguirre.com
3028,Sydney,Rosario,Sweeney Ltd,049.318.8103,parksmax@castaneda.com
3029,Nicolas,Tran,Reid and Sons,173474760,janetsims@singh.com
3030,Shawna,Everett,Flynn PLC,487-099-2999,hesseric@burke-grant.info
3031,Kathleen,Rojas,"Randall, Roberson and Fuentes",001-453-811-8469x1172,stevenswillie@mercado-oconnor.biz
3032,Candice,Walsh,Ware-Powell,491-284-1902,martinjanice@walsh.com
3033,Felicia,Sutton,Shaw LLC,942-863-6485,msummers@velazquez.biz
3034,Marcus,Arias,Espinoza PLC,(992)346-2579x6155,qfitzpatrick@villarreal-kim.com
3035,Curtis,Grant,Ray LLC,(980)851-8464x43610,hkaiser@frey.biz
3036,Tricia,Blevins,Vang-Solis,755.446.6954x82959,uzimmerman@forbes.info
3037,Diane,Giles,Taylor Ltd,531-424-1562,cooleysteve@hubbard-cuevas.biz
3038,Stephanie,Lowe,Beck-Floyd,-6968,hodgesclaire@watson.com
3039,Shirley,Mcneil,"Juarez, Sharp and Underwood",001-814-298-7307x036,nathaniellyons@acevedo.com
3040,Kellie,Brandt,Harris Inc,+1-833-112-9224x818,meyersroberto@villarreal.org
3041,Brandy,Clayton,"Preston, Francis and Hughes",+1-290-867-4564x1931,norma31@castaneda.net
3042,Amber,Lowe,Knox Inc,258-580-2604,kpotts@guerrero.com
3043,Mallory,Branch,"Krause, Garcia and Howard",-5870,kcross@hudson-mcknight.info
3044,Max,Fitzpatrick,Barton-Duarte,001-783-850-6728x03276,sheri17@terrell.org
3045,Bryce,Lara,Kaiser-Hardin,001-406-297-9725,philip29@english.com
3046,Patrick,Lucero,Williams PLC,5157952114,marcusgeorge@cortez-york.biz
3047,Jack,Barrett,Contreras Inc,627.195.3469,penatiffany@stout.com
3048,Diane,Gates,Day-Newman,307.836.2178x8415,vhartman@kelly-coffey.org
3049,Yesenia,Cochran,"Welch, Villarreal and Morrison",(089)608-0820x9309,hstevens@choi.info
3050,Madison,Higgins,"Bautista, Craig and Byrd",001-805-094-7984x0716,gabrielahull@solomon.com
3051,Meagan,Dillon,Holloway Group,+1-132-860-7569x409,oscar92@trujillo.com
3052,Ariana,Dudley,"Pierce, Blevins and Shea",001-516-072-2325x760,haydentyler@kemp.com
3053,Heidi,Keller,Sparks-Wolfe,904-200-4777,zfarrell@saunders.info
3054,Chloe,Chen,Weaver-Evans,9822818500,jason36@boyd.com
3055,Colin,Mckee,"Brennan, Navarro and Mcintyre",(156)465-6546,fredharrington@archer-hicks.com
3056,Kristen,Walls,Ayers-Stout,+1-868-825-2580x499,brandonshepherd@fry.com
3057,Harold,Cabrera,Decker-Dean,188.976.7175,sean25@grimes.org
3058,Jack,Aguirre,"Hart, Bennett and Allison",088.595.3294,hessbrady@fleming-stein.com
3059,Seth,Shelton,Kelley-Lawson,694.442.4360,kristophergay@donovan.com
3060,Lori,Francis,"Ponce, Shaw and Nunez",651.040.7843x004,heatherwong@bryant.com
3061,Lorraine,Herman,"Berger, Barton and Huffman",001-301-655-3175,hooverbenjamin@parker.net
3062,Patrick,Sandoval,Flowers-Lawson,829.705.4630x22545,rhonda73@peterson.biz
3063,Randall,Novak,Duarte-Shaffer,+1-475-876-1361x904,floresjerry@atkinson.biz
3064,Harold,Weaver,Norman-Patton,+1-797-577-5369x91704,schultzdiana@rangel.com
3065,Eric,Mccarty,Raymond and Sons,+1-127-839-0306x827,aaron46@sutton.com
3066,Tasha,Bentley,"Young, Hester and Campbell",513.199.9301,linda14@flynn.com
3067,Kellie,Delgado,"Irwin, Combs and Hays",922.502.9388x43864,devin11@briggs.org
3068,Sarah,Preston,Andrews PLC,929245931,amandawarner@gonzalez.com
3069,Raven,Bennett,"Bruce, Blankenship and Torres",203-605-8115x274,dalestevens@hayden.net
3070,Claudia,Cunningham,"Coffey, Ibarra and Shepherd",498.238.5011,pmartinez@faulkner.net
3071,Roger,Love,"Melton, Duke and Pineda",001-700-047-7198x33688,gabrielle47@kim-allen.com
3072,Kayla,Thomas,Marsh Ltd,400.961.3483x1270,penningtonraven@blevins.info
3073,Carol,Huerta,Humphrey LLC,641-396-9921x8995,todd36@watkins.com
3074,Malik,Roth,Alvarado-Young,+1-484-610-9650x3616,michellehurst@navarro-barajas.info
3075,John,Fields,Sandoval-Ponce,563.414.4375,jessicasimpson@ewing.org
3076,Alan,Lowery,Pollard-Wells,1976056288,dustinwarner@kline-reyes.biz
3077,Sherri,Dominguez,Rosales PLC,819.440.6540,zavalamary@house.com
3078,Dan,Johns,Wilkerson-Dalton,4228043676,vhayden@cantrell.info
3079,Jacqueline,Kaufman,"Stark, Shepherd and Curry",722-407-3953x91994,anna61@hanson.com
3080,Kent,Haas,Charles Group,095.972.7928,manuellucas@ramirez.com
3081,Craig,Richards,"Brennan, Soto and Davenport",772-342-4978,antonio32@bradford-collins.com
3082,Ralph,Tran,Lynn Inc,869-596-9829,mcintyrecaitlyn@russell.com
3083,Marco,Barber,Richmond Group,+1-889-518-6928x596,jconrad@conner.com
3084,Desiree,Soto,Ritter-Pennington,+1-165-072-0493x197,mcgeeclarence@ramsey-alvarado.com
3085,Stanley,Franklin,Watkins Inc,611.548.5912x752,hcallahan@graham.com
3086,Sandra,Davidson,Allison-Gonzales,001-232-473-1726,tyronemelendez@roman-jimenez.biz
3087,Tyrone,Lutz,Ponce and Sons,4353655081,warnereugene@hess.org
3088,Bradley,Adams,Ewing-Dunn,+1-834-702-7572x544,egarner@chavez.com
3089,Jessica,Keith,Ibarra PLC,(892)349-9956x8669,biancagriffin@shaw-case.biz
3090,Herbert,Williamson,"Richmond, Padilla and Kane",882.063.9229x91736,nguyencody@case.org
3091,Melissa,Huynh,Powell-Hopkins,+1-084-304-7914x287,spencer94@hull-french.com
3092,Teresa,Blanchard,Bates Group,+1-530-940-9484x625,bryce97@weeks-brennan.com
3093,Lorraine,Mcdowell,Peterson-Austin,966-109-4315,vincent67@cobb.net
3094,Charlene,Schmitt,Landry-Robles,(344)847-7312,carriemckenzie@mcneil-nelson.com
3095,Monica,Tanner,"Mata, Stafford and Cooley",839-326-7197,myersandre@wyatt.biz
3096,Martha,Baird,Newman and Sons,625.061.1019,caseymatthew@mullen.com
3097,Terry,Leon,"Stevens, Cooke and Stephens",(519)367-7372x0660,rachelcarroll@madden-strong.com
3098,Terrence,Medina,Ball-Gomez,106-417-2617x452,natashaclayton@richardson.com
3099,Roberto,Miller,Buckley LLC,001-543-273-1750x5603,iwalter@bender.com
3100,Guy,Moody,Alvarado-Walls,+1-734-683-3707x90386,gene76@padilla.org
3101,Charlotte,Velasquez,"Ritter, Osborn and Mcgee",001-966-976-9904x03544,dianawarner@roberson.com
3102,Karina,Hendricks,Pennington LLC,7311959252,chavezricky@rivas.com
3103,Karina,Hill,Mann-Hays,(014)840-6362x2984,marilynchurch@alvarez.biz
3104,Rachael,Moss,Blake LLC,262.977.1060x36565,scosta@nelson-solomon.info
3105,Tanner,Schneider,Dennis-Meadows,(539)640-1173x7756,bradfordtheresa@carrillo-salazar.org
3106,Maxwell,Forbes,Rodriguez Ltd,(402)827-4920x06797,osbornpatrick@cameron.net
3107,Christian,Melton,"Levine, Bauer and Todd",(460)791-6440x275,wsullivan@steele-huber.org
3108,Jerry,Stevens,Phelps Inc,616.434.0090x779,ccrawford@ramirez.com
3109,Miguel,Livingston,Garza PLC,909-000-3528x28677,darrylhardin@bentley.com
3110,Jasmin,Clayton,Mendez-Bryant,+1-417-902-4300x1598,xmcintyre@mckenzie.com
3111,Charles,Boone,Hardin-Acosta,(678)326-0164,mcgrathfrancis@nixon.info
3112,Gene,Keith,Mayo Group,+1-892-792-7170x521,juarezfrederick@molina.net
3113,Justin,Irwin,"Vega, Rogers and Saunders",001-652-635-5254x0052,baileymunoz@duke.org
3114,Felicia,Powell,Little PLC,+1-676-565-6158x4320,williamolson@lawson.biz
3115,Alejandra,Rich,Townsend LLC,-8828,boylenorman@yang-mueller.biz
3116,Jillian,Stone,"Orozco, Greene and Parrish",347-161-6182x239,huynhcarl@ayers.net
3117,Pedro,Cordova,Yates-Malone,539-610-0271x12821,strongruth@bryant.net
3118,William,Mckinney,Vega Inc,897336013,jeffrey76@shelton-bray.com
3119,Hailey,Carson,"Cruz, Miranda and Strickland",838.989.7473x2185,andre51@doyle.biz
3120,Yvette,Gay,"Henson, Mckinney and Pham",+1-339-515-3505x052,ahaynes@gilbert-rush.com
3121,Selena,Walter,"Hull, Sandoval and Werner",997.846.9769x8096,robertohodges@sweeney.info
3122,Lindsay,Abbott,Gordon PLC,001-369-827-0050x450,dana33@pennington-ewing.org
3123,Fred,Oconnor,Carpenter-Wheeler,+1-346-364-8014x66653,bnewman@roberts-small.com
3124,Renee,Yang,Moses Ltd,008.009.1510,brewerbethany@gates.com
3125,Jocelyn,Adams,"Phelps, Friedman and Barry",001-043-538-5910x503,janet76@singleton.com
3126,Candace,Freeman,Mejia Inc,2257400062,wfox@solomon.com
3127,Stanley,Hogan,Cook-Morris,001-623-879-3977x8927,kennethjefferson@mullins.info
3128,Madison,Campbell,Lowery PLC,509-415-7925,patrick96@kemp.com
3129,Omar,Rowland,"Cordova, Harrison and Yu",001-283-973-7512x951,barry16@bennett.com
3130,Kara,Vargas,"Nielsen, Evans and Conner",001-891-788-4083x3070,shanelang@simon.com
3131,Kari,Jensen,"Sheppard, Horn and Cardenas",(208)104-4651,reesebruce@wilkins.info
3132,Francis,Boone,Lawson Group,001-737-604-7803x264,naguirre@spencer-mcneil.com
3133,Devon,Gentry,Mata-Hancock,568.744.6775x46977,arellanowalter@flowers.com
3134,Cesar,Hansen,Robinson-Kemp,283-592-7552x364,isaunders@booker.com
3135,Sue,David,"Harding, Hamilton and Lopez",911-062-2766,isaiahvillarreal@bishop.com
3136,Michael,Krause,Harper-Hayden,(833)329-6322x3715,kathleen91@kemp.com
3137,Ryan,Dodson,Hines LLC,617-788-1706x612,anita61@caldwell.com
3138,Eugene,Washington,Fernandez-Marks,001-735-929-3910x3271,tbruce@spencer.com
3139,Charlotte,Combs,Barrera-Combs,218-029-1692x7624,wangadrienne@hanson.com
3140,Philip,French,"Dickerson, Russell and Nash",660-138-6815,aterry@townsend.com
3141,Sheryl,Melendez,Cannon-Carroll,074.508.5923x2435,burnettbrandon@church.biz
3142,Connie,Velez,Davenport Inc,942.026.3461x29324,hstone@berger-peck.biz
3143,Johnathan,Hancock,Thomas Ltd,(459)591-9891x9329,zmaynard@gaines.info
3144,Ashlee,Barajas,Caldwell-Coffey,370-810-3173x29065,jeremy80@dickerson-rice.net
3145,Dwayne,Peters,Glenn-Howard,(661)540-1716x26870,kmay@lewis-mcmillan.com
3146,Faith,Collier,Lopez Inc,001-745-796-6726x8851,kyates@lane.net
3147,Douglas,Palmer,"Mcclure, Washington and Willis",(990)505-9452x2303,parker38@mathis-church.com
3148,Wanda,Acosta,"Malone, Adkins and Cross",8076336590,neilhammond@jones-stark.biz
3149,Erika,Hurst,"Davies, Stein and Franklin",001-912-460-0663x457,ronnie29@duncan.com
3150,April,Parrish,"Perry, Morse and Nunez",+1-982-427-0881x85478,barrypacheco@atkins.com
3151,Brooke,Contreras,Riggs Inc,077.840.4906,matthewfitzgerald@hernandez.info
3152,Jennifer,Shah,Pineda and Sons,001-260-053-7543x82287,fletcherjavier@knapp-le.org
3153,Harry,Nunez,Valentine Inc,067.304.8581,lfuentes@rivas.com
3154,Shaun,Stafford,"Wilkinson, Miller and Bernard",226.182.9605x516,estradabreanna@french.com
3155,Margaret,Dillon,"Sherman, Olsen and Bennett",830.202.4364x007,wharding@dickerson.com
3156,Randy,Goodman,"Dougherty, Cooley and Fischer",001-568-711-2096x142,mirandadebbie@travis.com
3157,Shelley,Preston,Nunez Group,(039)796-4608,vfitzpatrick@macias-sanchez.com
3158,Catherine,Lyons,"Davila, Krause and Henry",001-249-694-1733x458,rebekah91@hubbard-ware.org
3159,Joann,Bullock,Munoz-Gomez,(450)258-8188x79632,shirleyriddle@huynh.biz
3160,Gabrielle,Bridges,Rosales LLC,765-096-4468x4093,andres09@ryan-payne.com
3161,Duane,Ward,Torres LLC,556-612-5431,stacielittle@kirk.biz
3162,Isaac,Kim,Wallace Inc,269.213.6638x885,vangcody@cummings.com
3163,Kendra,Trujillo,Bray LLC,+1-998-609-4646x32859,lamjoanne@russo.com
3164,Stacy,Hampton,Cochran-Bailey,(956)942-9511x23972,joan47@hanna.com
3165,Adam,Castro,"Farrell, Duarte and Stokes",558.104.5793x9365,princemark@avery-mejia.com
3166,Selena,Nixon,Rosales-Archer,136-618-5011x34776,iosborn@sellers.com
3167,Grant,Riggs,Bentley LLC,(760)072-9919x279,reginald59@johnson.info
3168,Johnathan,Reeves,Franco-Buckley,001-159-347-2040x3572,deanralph@christian.com
3169,Tyrone,Valencia,Carpenter-Flynn,001-535-939-1381,beverly43@alvarado.com
3170,Jasmine,Solis,"Rowe, Mueller and Steele",108.977.7724x68950,elizabeth48@rosales.com
3171,Michele,Salinas,Roberts-Ortega,920319570,aguilarmark@fields.com
3172,Gabriel,Ford,Leonard-Peterson,6033686279,lambraymond@cantrell.org
3173,Frank,House,"Quinn, Chang and Davidson",846.126.0247,robertakerr@riddle.info
3174,Meredith,Koch,"Gilbert, Copeland and Burgess",001-067-513-6524x003,kathy29@mendoza.com
3175,Alexa,Villanueva,Guerrero-Wilson,001-224-515-9399x08368,bridget60@nunez.com
3176,Bobby,Ortiz,Erickson PLC,276-550-5404,spenceellen@leon.net
3177,Sue,Mccall,"Trujillo, Marquez and Rubio",038-831-8548x263,erowe@henry.info
3178,Darin,Arias,Bennett Inc,001-814-011-2309x8414,jeromeandersen@garcia.biz
3179,Alvin,Howe,Strickland Ltd,(463)905-2972x311,edwardsangela@sheppard.com
3180,Eugene,Skinner,"Villarreal, Mcmahon and Carrillo",047-763-3076,rblanchard@melendez-roman.com
3181,Marie,Fuller,"Anthony, Wilkerson and Frye",857.364.7313x2083,rangelcory@callahan-reilly.com
3182,Claire,Wiggins,"Melton, Mercado and Browning",-10499,dmeza@cook.org
3183,Candace,Burke,"Hess, Wong and Bond",001-381-627-3619x8306,roy08@hampton.biz
3184,Kaylee,Galloway,"Melendez, Nguyen and Keller",6795737003,romeroseth@woodward.info
3185,Pamela,Bruce,Guerrero-Whitney,+1-400-560-4545x676,latoyamendoza@macias.com
3186,Beverly,Davies,"Kidd, Fields and Patrick",430.645.5155x7479,sdouglas@short-simon.biz
3187,Patrick,Sanchez,Branch and Sons,527.837.0662x864,pettyseth@hart.com
3188,Megan,Pollard,"Wu, Mcclure and Stein",938-186-6813x0965,taylor73@nelson-ryan.com
3189,Isabel,Davies,Smith-Burnett,001-174-925-6474x5928,wadesheena@weiss.com
3190,Erik,Meyer,Garcia Ltd,487.045.1380x81711,kelliemcgee@burke-henderson.com
3191,Bob,Gonzalez,Small and Sons,001-693-990-8684x349,chelsearocha@burgess.com
3192,Brooke,Hensley,Horne LLC,(699)090-8525,wandaconner@hayden.com
3193,Jorge,Owen,Nixon PLC,249-752-1605,dtyler@bell-bailey.com
3194,Vicki,Horn,Hughes LLC,848-369-1072x21679,lesliecross@bonilla.com
3195,Mikayla,Mccoy,"Roy, Cantu and Escobar",865.528.1799,cathy42@roman.com
3196,Cole,Mckinney,Austin-Mcintyre,773.152.8953x895,ebony17@pearson-martinez.info
3197,Angela,Armstrong,Mcmahon Ltd,195-907-0296x66269,jennadavidson@beltran-madden.org
3198,Kristi,Bishop,"Moran, Soto and Whitehead",3568240392,diane76@mills.org
3199,Eric,Jackson,"Perez, Pennington and Russell",001-374-802-9759x792,castroerik@knox-gallegos.biz
3200,Kristy,Ward,Carroll-Pearson,(636)162-8737,myoung@shaffer.com
3201,Bethany,Oliver,Moss Group,(207)027-8662x6792,vvelez@coleman-rice.biz
3202,Stephanie,Zhang,"Odom, Brock and Levine",(592)554-3947x5170,rowen@swanson.com
3203,Felicia,Khan,Mendez-Reese,001-435-825-1238x7552,marcus23@gates.biz
3204,Kaitlin,Livingston,Proctor Group,593-529-7909x683,horncollin@downs.com
3205,Taylor,Jefferson,"Lawrence, Cardenas and Lutz",446-424-1199x44154,perkinscaleb@little.com
3206,Teresa,Sanford,Villanueva PLC,011.270.8410,iperez@fuentes.org
3207,Jeffrey,Horne,Morris Ltd,928-090-1985x908,greghatfield@potter.com
3208,Clifford,Marquez,Cline Group,1116851484,billy70@swanson-hughes.com
3209,Bruce,Baldwin,Bishop-Marshall,189.127.6559,whunt@walter.com
3210,Alexander,Navarro,Chase-Wilkins,707-146-2865,rollinseugene@wilcox.org
3211,Glenn,Hinton,Hurst-Sharp,+1-696-789-2825x1070,phillipsdana@ballard-mullins.com
3212,Melody,Schroeder,English-Carey,+1-096-017-3175x611,ashley12@jarvis.com
3213,Kristine,Zavala,Lucero LLC,-2739,ltanner@mcdowell.com
3214,Mason,Baldwin,Short-Stephens,+1-377-070-8117x83481,cunninghammicheal@stewart.com
3215,Raymond,Hutchinson,Gay Group,+1-891-838-0062x993,cherylgomez@espinoza-good.com
3216,Stephanie,Dennis,Reid and Sons,012.352.7660x380,abigail55@meyers.com
3217,Riley,Burke,"Harrell, Moran and Cline",212.464.3237x894,arthur92@novak.com
3218,Mathew,Hurley,"Mcdowell, Mann and Davila",001-480-802-6818x502,asalinas@cordova.org
3219,Kristi,Owen,"Horn, Bird and Underwood",-7384,ernestberry@fitzgerald.com
3220,Roy,West,Matthews-Patterson,+1-140-610-5033x66695,moyermark@moran.com
3221,Jerry,Howard,Cain-Chavez,600.564.6533x789,leroyvilla@peck.com
3222,Glenda,Schroeder,Grant Inc,754-256-2155x82405,zhanna@summers.com
3223,Clayton,Peck,Ewing-Willis,001-544-677-7045x4042,jphelps@roach.com
3224,Stacy,Cordova,Prince-Guzman,455-801-2551,felicia08@rose.com
3225,Gregory,Mendez,Espinoza-Bell,(080)272-8356x45014,crystal46@farrell-lam.org
3226,Claudia,Archer,"Ritter, Gray and Blackwell",(486)404-6304,laurawashington@vazquez.com
3227,Devon,Estes,"Copeland, Zimmerman and Ramsey",063-552-3683x133,waltergardner@lawrence.biz
3228,Kathy,Hogan,"Benitez, Wolf and Mccann",556-471-6461x8936,mason78@washington.com
3229,Raven,Hughes,Liu-Perez,001-865-313-3310x498,tanya20@jacobs.org
3230,Angie,Solomon,"Robertson, Hoover and Zavala",(434)902-6292x856,herbertbarrera@merritt.biz
3231,Rita,Rosario,Hicks-Orozco,512.371.6327,ibarr@potts-carey.com
3232,Mandy,Reynolds,Burch-Salinas,(597)003-8136x2636,lauriehays@osborn.com
3233,Hailey,Richard,Koch-Myers,719-193-8587x6158,mccannherbert@dorsey.net
3234,Suzanne,Vasquez,"Hester, Shah and Wilkins",821-718-2287x85602,ashleypowell@howe.com
3235,Daryl,Sexton,"Scott, Camacho and Martin",(112)957-3267x141,zpoole@blanchard.biz
3236,Leon,Hancock,Lawson-Ortiz,884.437.7839x29473,danielleball@cabrera-bartlett.net
3237,Raymond,Hubbard,Alvarez PLC,(455)512-3703,helenarroyo@thomas.net
3238,Rebecca,Harvey,"Baxter, Navarro and Good",332.163.1031,steelecurtis@chase-hurley.biz
3239,Karl,Mejia,Molina-Durham,001-715-402-2928x82037,kthomas@simpson.net
3240,Juan,Velasquez,"Cortez, Chen and Meadows",+1-165-542-8946x920,clayton13@alvarez.info
3241,Toni,Peterson,Holloway-Patel,3297442512,qwood@golden.net
3242,Kaitlin,Holt,Herrera PLC,001-886-355-1368x00537,callahancrystal@little-castaneda.biz
3243,Johnathan,Case,"Knight, Gibbs and Monroe",001-882-527-9875x38268,xreilly@bradford-harding.com
3244,Alice,Terry,"Powers, Wells and Stokes",(487)568-8089x973,cowanalbert@martinez.com
3245,Kaylee,Page,Neal-Cohen,931-173-9298x214,amcdowell@holden.com
3246,Daisy,Cummings,Mata-James,618-124-6786,stephanie06@doyle.info
3247,Vincent,Hood,Strong-Carter,616.017.0799x68348,morenojason@mcneil.com
3248,Riley,Roach,Barber-Jennings,(454)068-4335x404,alyssaperkins@moss.com
3249,Robert,Leon,"Riggs, Larson and Rojas",(838)069-6468,dukeleon@wilkins.com
3250,Wyatt,Watts,Jacobson-Buckley,(906)132-0191,nandrews@reynolds.com
3251,Traci,May,Harris-Anthony,986-340-0253,alexandra21@kemp.biz
3252,Lauren,Orozco,Soto PLC,2985572436,ariel89@orr-carpenter.info
3253,Norma,Aguirre,Miller-Walls,142-270-3815x067,pammccarty@young.net
3254,Shaun,Booker,Wall and Sons,(846)912-6827x107,rwu@mejia-nolan.com
3255,Marcus,Walters,Mercado-Tucker,942-254-4375,terrymcintosh@christian.org
3256,Jay,Morgan,Schneider Ltd,001-551-267-9090x1981,dalton19@mora.biz
3257,Mario,Livingston,"Martinez, Parks and Hood",647-207-4399,loriacevedo@buchanan.com
3258,Glenn,Cunningham,Curry LLC,(362)458-3483,solismiranda@ashley.com
3259,Autumn,Manning,Hampton-Case,001-376-537-9526x88080,robin07@wallace.info
3260,Shawna,Bryan,"Collins, Warner and Knapp",725.963.4056x99480,krystalmeyer@mcdonald.com
3261,Brenda,Durham,"Rocha, Nelson and Harrell",164-576-3944,swalker@novak.com
3262,Bob,Taylor,"Hampton, Gonzales and Crane",396208827,bernard52@scott.net
3263,Tim,Bryan,Goodman Group,7231942007,oscar23@stokes-larsen.info
3264,Robyn,Hill,"Hoover, Jacobson and Santana",+1-694-562-0057x3452,allenjoel@kennedy.com
3265,Jill,Morrow,Carroll Group,001-987-846-7320,copelandrebecca@meyers.com
3266,Randy,Woodard,Rojas-Knox,(786)655-9630,mereditheaton@richardson.com
3267,Evan,Bowen,"Watson, Keller and Dyer",001-520-151-1084x8650,madison11@horton-holmes.info
3268,Damon,Singh,"Lara, Dorsey and Horne",525-210-9357,sydney74@douglas.com
3269,Maurice,Barnett,Mack-Mckinney,001-363-872-0027x8029,zcastro@camacho.info
3270,Sheri,Sandoval,Hayes and Sons,3000351722,kirbydwayne@hines.com
3271,Wyatt,Ibarra,"Bryant, Escobar and Porter",702-970-6647,qvillegas@page.com
3272,Miranda,Mendoza,Daniels Inc,+1-011-656-8659x77139,soniaspence@patterson.com
3273,Tanner,Marshall,Fox Group,-8807,bonillagloria@gillespie.com
3274,Melvin,Schmidt,Bryan and Sons,+1-866-622-3921x0904,marc31@shaw-campbell.com
3275,Herbert,Livingston,Huber Group,+1-691-779-7932x599,harrissean@wise-sloan.biz
3276,Christian,Garza,Palmer PLC,+1-245-918-3186x8039,sproctor@le.biz
3277,Sheri,Swanson,Stanley Group,001-913-232-1833x9538,melanie60@curry.org
3278,Leonard,Houston,Mays LLC,(741)334-2681x343,kathleenanthony@vang-kane.info
3279,Andres,Rubio,"Willis, Burton and Griffith",143-893-7884,sharon62@pace-barr.com
3280,Cory,Carr,Morris PLC,7912045790,sally15@hood-delgado.biz
3281,Lee,Hardy,Avila and Sons,(299)886-4436x413,foxkelsey@potts-haney.com
3282,Eddie,Arias,"Castillo, Davis and Arnold",(467)116-2386x230,marshallbrenda@matthews.com
3283,Debra,Meadows,Erickson-Daniels,(040)297-2193,annette96@house-serrano.com
3284,Parker,Cherry,Gonzales Inc,456.296.5049x57801,grantmayer@davidson.com
3285,Gary,Good,Stanton LLC,835-142-8027x456,khall@middleton.com
3286,Alicia,Tate,"Baird, Stevens and Escobar",001-394-196-0158x0380,paulgarcia@castro-vang.org
3287,Jonathan,Bailey,Foley Group,+1-666-917-3044x232,donald19@harrington-adams.com
3288,Evelyn,Buckley,Hull-Humphrey,109-165-0759x3094,marconeill@joyce-dennis.biz
3289,Shawna,Neal,"Brown, Ayers and Dyer",+1-156-621-2274x17589,qmccormick@raymond-torres.org
3290,Tami,Carrillo,Montoya-Lynn,001-041-757-1682x59383,seancamacho@richards-curtis.com
3291,Victor,Middleton,Mosley and Sons,047.136.2632x37904,jennarodgers@farmer.com
3292,Clinton,Mathis,Franco PLC,295.916.1119x662,ronnie13@mcneil-chapman.com
3293,Alec,Huffman,Valdez LLC,(290)169-8379x01911,tmckenzie@garrison.net
3294,Gabriella,Barrera,"Kemp, White and Sosa",001-575-398-3746,leonardrhonda@michael.com
3295,Rhonda,Gill,Ballard LLC,(255)061-3596x5859,vfletcher@robbins.org
3296,Kurt,Fitzpatrick,"Schmitt, Wilkerson and Wilson",671.575.5388x89273,ogarner@stevens.biz
3297,Kathy,Ritter,Wade-Wiggins,7411539467,tpadilla@cowan.com
3298,Whitney,Bartlett,Harper Group,969-744-6059,newmanjuan@oconnell.com
3299,Theresa,Moody,Colon Ltd,971-417-0679x89840,luceroalice@barron.com
3300,Richard,Reid,"Norman, Villegas and Moses",380-869-5523x173,kelly04@bradley.org
3301,Randall,Wiley,Blackburn-Wiley,(410)149-8092x4525,rcamacho@duncan.com
3302,Shelia,Wagner,Humphrey and Sons,(620)981-1444x754,huffmanmichele@kent.com
3303,Tyrone,Rodriguez,Zuniga PLC,(731)902-3239,connorpatrick@fletcher-booth.net
3304,Sylvia,Schwartz,"Hahn, Andrade and Ramsey",001-073-347-1249x11972,kerry64@little-reilly.com
3305,Rose,Atkins,"Maynard, Gates and Townsend",-8444,wburch@martin.biz
3306,Dwayne,Castro,Dean-Booth,(539)548-3488x5246,ravenbriggs@farmer.com
3307,Rodney,Bishop,Mosley-Velez,001-468-012-9080,mcfarlandbrady@crosby.com
3308,Kari,Mercer,"Dodson, Baxter and Raymond",-8148,annawu@vasquez.net
3309,Yesenia,Ewing,"Gilmore, Taylor and Gilmore",624.534.5119x8506,rdean@cardenas.com
3310,Monique,Oneill,"Yang, Nash and Bradley",(228)107-2547,montgomerydennis@franco-holden.biz
3311,Anne,Sandoval,Perry LLC,001-773-421-8597x69150,stanleydanielle@reid.com
3312,Tara,York,Hoover and Sons,813.443.9372,roweconnor@garza.com
3313,Gregg,Moreno,Wood-Preston,001-961-208-4968x7047,mccoyryan@simon-vang.com
3314,Jake,Dorsey,Choi-Fitzgerald,001-130-788-1921,shunt@huynh.com
3315,Heather,Zhang,Bryan Inc,(297)212-2829x633,bennettmakayla@erickson-contreras.org
3316,Nichole,Branch,"Harmon, Jennings and Mosley",6648518898,masseykaitlin@montoya.com
3317,Joe,Washington,Coleman-Novak,(361)505-1495x54506,marshalllogan@hogan-castro.info
3318,Toni,Craig,"Rangel, Dominguez and Mcgee",(745)343-9552,allen95@yu.biz
3319,Dennis,Dickson,Mays-Henderson,+1-473-592-5124x06090,dariusschmitt@moyer.info
3320,Tyrone,Friedman,Rivas-Dyer,019-527-6736x03280,noah84@bush-peters.org
3321,Randy,Holland,Bishop-Douglas,001-790-196-8507x55281,jill04@barnett.net
3322,Denise,Norris,Harper-Luna,001-989-727-3086x6838,aimeevazquez@bartlett-olson.info
3323,Adrienne,Lucas,"Silva, Moyer and Johns",001-537-291-0232,phillipfrancis@arellano.org
3324,Colleen,Livingston,Burnett-Scott,993.448.7497x51929,shaunyoder@savage-ingram.com
3325,Ernest,Hurst,Monroe and Sons,001-371-539-0088,camerongregory@camacho-clayton.com
3326,Howard,Bullock,Acosta-Lowery,781.525.9499x206,katie94@ballard-munoz.com
3327,Denise,Newman,Diaz and Sons,059-276-8026x77563,dhatfield@pena.net
3328,Jillian,Mitchell,Jimenez-Arroyo,789-656-7813,padillaralph@holloway-morton.com
3329,Jeanette,Odonnell,Krause-Fisher,705-991-6390x28452,christy95@cordova.com
3330,Kari,Cordova,"Rosales, Rodriguez and Boyle",001-286-925-3454,travishaley@meyers.net
3331,Sherri,Fletcher,Robertson Ltd,566-514-3108x016,kaylee35@nixon.com
3332,Loretta,Herring,Gross LLC,+1-328-556-1063x020,beth77@whitehead.biz
3333,Darius,Ramsey,Houston and Sons,382-614-2129x9137,vnelson@farley.com
3334,Hannah,Gilbert,"Holder, Anthony and Fisher",662.179.3261x17327,colleenpope@rosario-long.com
3335,Riley,Cisneros,"Woodward, Fitzpatrick and Spencer",+1-286-255-6707x810,rbuckley@jackson.com
3336,Abigail,Thomas,Carpenter Group,(003)266-6168,howardjody@hartman.com
3337,Trevor,Elliott,"Allen, Barnes and Sanders",001-344-096-6424x77843,torresebony@calhoun.com
3338,Jill,Weaver,Osborn-Conway,616.617.9060x9554,holly76@andrade.org
3339,Guy,Mayo,"Estrada, Heath and Dunn",894-925-7760x168,chavezemma@butler-hart.com
3340,Wayne,Anthony,"Rubio, Rowe and Mercado",4946408559,catherine57@cantrell.com
3341,Jordan,Ho,York Group,(094)070-8496,johnsonlouis@velez.net
3342,Edward,Humphrey,"Preston, Johnston and Levine",(093)014-7355x6581,damonjarvis@rojas.com
3343,Anne,Vang,Garrett-Duffy,(314)613-4936x738,davenportmarilyn@le.com
3344,Billy,Davila,Ramos Inc,617800157,nbrewer@cummings.org
3345,Caitlin,Carr,Arias-West,825.157.2957x6170,wwright@bernard.com
3346,Melvin,Rodgers,Kemp-Rogers,866-086-4049x45259,trivas@jarvis.info
3347,Bryce,Gordon,"Camacho, Quinn and Walsh",(506)563-1236x09303,lcervantes@kent-tucker.com
3348,Kerry,Robbins,"Vance, Burke and Charles",544.773.0525x6572,scott79@drake-bennett.biz
3349,Logan,Banks,Goodman-Davenport,8850516578,alloyd@fox.org
3350,Marisa,Sherman,Aguirre Inc,083.324.4044,kent43@booker.com
3351,Jimmy,Parsons,Valdez PLC,(391)523-2433x789,reedhayden@chen.info
3352,Martha,Ellison,Gallagher LLC,-9272,jillsnow@west.com
3353,Cheyenne,Pearson,"Barr, Lopez and Morrow",(234)517-0626x2792,colton46@robinson.biz
3354,Danielle,Lynn,Solis-Jordan,230.528.1721x50561,wvelez@reilly.biz
3355,Virginia,Matthews,Wall PLC,+1-647-637-7196x9733,grant17@lopez.com
3356,Paul,Arias,Huber-Hudson,(506)132-8932,rbaldwin@spencer-mckinney.info
3357,Tammie,Burgess,Gregory Ltd,318-273-3032,helen01@rosales.com
3358,Gregory,Mitchell,Armstrong-Dodson,928-947-7639,herbert79@west.com
3359,Clarence,Hull,Mayer-Wells,180-832-0534x334,stefaniechoi@lambert-deleon.info
3360,Mia,Compton,"Patterson, Frazier and Wilkinson",9998282143,hoodvalerie@everett.com
3361,Henry,Good,"Daniel, Roy and Carney",+1-374-318-1237x09060,earlayala@little.com
3362,Karla,Howard,"Cole, Jacobs and Holland",+1-289-347-5242x623,heidi14@hanson.com
3363,Dwayne,Silva,Mercer-Shaffer,+1-613-448-0042x41262,hdickerson@cardenas.biz
3364,Kaitlin,Crane,Frye Ltd,+1-756-464-2317x1860,willissavannah@stevens.com
3365,Shari,Massey,Greer LLC,(576)737-5923x7310,ssteele@henderson.org
3366,Renee,Baxter,"Meyers, Willis and Johnston",001-727-462-6515,tara26@ruiz.com
3367,Natasha,Hayes,Riley-Taylor,001-433-991-3240x42563,arthur78@sandoval.com
3368,Diana,Monroe,Washington and Sons,001-023-454-5016x5952,gwade@sosa.com
3369,Phillip,Travis,Richard-Fleming,-2441,qrubio@bean.net
3370,Victoria,Booker,Chambers-May,001-556-554-0324x664,jane84@ho.com
3371,Alice,Hudson,"Booker, Perkins and Maynard",552.966.4387,thatfield@arellano.net
3372,Maria,Ochoa,Vazquez PLC,-10677,nancy24@gordon-molina.com
3373,Betty,Jarvis,"Gilbert, Montes and Hunter",923.836.5919,autumnwarner@huang.org
3374,Christina,Mayer,"Sutton, Gillespie and Mcfarland",757.242.7686x182,danielle59@berry.com
3375,Suzanne,Forbes,Hensley Ltd,078.506.4033x332,simonsophia@mcdonald-ayers.net
3376,Hannah,Anthony,"Higgins, Maynard and Park",001-257-816-8453x175,vegatammie@lutz-livingston.com
3377,Bradley,Shaw,Simon and Sons,8032129981,mike34@griffith.com
3378,Douglas,Decker,"Haas, Watts and Castillo",+1-939-214-2463x3091,pruittshelby@mcpherson-drake.com
3379,Barry,Pope,"Hanna, Gilbert and Zimmerman",+1-078-305-0614x5309,wkrueger@coleman-reid.com
3380,Glenn,Herring,Mcneil Ltd,446.778.8839,pfaulkner@orozco.com
3381,Lydia,Michael,Mueller-Bowman,001-058-677-3992x1537,ldelgado@waller-bell.net
3382,Larry,Chan,Russell Ltd,7087299201,leslie06@patterson.com
3383,Stefanie,Castillo,Owens Group,232.529.8173,eyork@velez-valentine.info
3384,Sue,Kidd,"Warren, Ward and Olsen",287-075-5536,robinewing@holt.biz
3385,Dustin,Frank,Guzman Group,001-409-070-8416x01279,legina@roman.info
3386,Deanna,Solis,Shah-Benson,056.444.9550x6301,stephaniewhite@weeks.biz
3387,Tanya,Guerra,"Whitaker, Farmer and Compton",(625)009-7856x277,lgomez@roach.org
3388,Kelly,Snyder,Hale-Barrera,(141)172-1086,andrewmcpherson@rose.com
3389,Tom,Bowman,"Stout, Mosley and Webb",(320)360-6462,palmerjeanette@ibarra.biz
3390,Tracey,Rice,Tyler and Sons,925.813.5110,krauseyvette@baker.com
3391,Krista,Carson,Mercado PLC,258-942-5866x3436,blackwellearl@schultz.com
3392,Joanna,Alexander,Barker-Sweeney,803-793-7220x30772,melissa67@bernard-whitney.org
3393,Sophia,Norris,"Rangel, Turner and Huber",790-569-3769,elizabeth40@bradley-james.com
3394,Hailey,Salinas,Mueller Group,505.216.5358x0437,psellers@gaines.com
3395,Gina,Villegas,Moss LLC,001-773-752-0453,diazalvin@barrera-ferrell.org
3396,Ellen,Raymond,"Mann, Grimes and Cox",551-970-6741x941,mcknightmadeline@gilmore.net
3397,Dawn,Winters,Skinner-Kennedy,651.065.2300x4329,grantjoshua@james.net
3398,Jasmine,Rollins,Melton-Wilson,110-017-0487x7998,ebowman@garrison.biz
3399,Christine,Burgess,"Ferrell, Mcintyre and Ortiz",931.745.1458x6778,imclean@english.com
3400,Leah,Griffin,Hinton and Sons,-9702,azuniga@may.com
3401,Daryl,Friedman,Banks-Randall,8262531638,montgomeryross@gilmore.net
3402,Bethany,Becker,Aguilar-Boyle,(191)752-3373x104,jalvarez@riddle.com
3403,Margaret,Anderson,Obrien Ltd,3235803176,marisa36@duncan.biz
3404,Austin,Lindsey,"Villa, Peterson and Carr",742-805-2877x364,mquinn@gaines-carlson.org
3405,Sierra,Santana,Kidd Group,+1-434-971-4211x908,abarajas@vargas.info
3406,Ryan,Hartman,"Parks, Steele and Haynes",001-879-688-7770,fishernicolas@gates-calhoun.com
3407,Kaitlyn,Parsons,Benton-Ware,(926)417-0436x470,campbellbridget@dunlap-parsons.com
3408,Victor,Case,Maxwell-Sloan,249.180.2602x400,barbaramoore@elliott.org
3409,Ivan,Russo,Shah-Garcia,499.222.1070x886,atkinsebony@simmons-mills.com
3410,Diana,Trevino,Frost-Mora,5240604679,phampton@sawyer-kline.com
3411,Parker,Mercado,Gregory-Mason,048-100-4250x0880,xsimmons@jennings.com
3412,Phyllis,Wong,Avery Ltd,(224)423-0031,norman26@ray.info
3413,Connor,Harper,"Payne, Lloyd and Randall",+1-361-025-4372x5094,aalvarez@mcclain-mcpherson.com
3414,Lonnie,Hardin,Martinez PLC,(084)501-9810,crossjaclyn@benton.com
3415,Dave,Crosby,Coffey-Leon,318.579.6837,beckmarissa@lawrence-grimes.biz
3416,Warren,Barron,"Jones, Austin and Pollard",738.351.8061x95718,hesskaitlyn@haney.com
3417,Daryl,Guerra,Gallegos Inc,516.356.0800,sharon91@walker.biz
3418,Carrie,Russo,Francis LLC,8155699107,carl60@kennedy.com
3419,Eric,Hebert,Ortiz Ltd,906-509-1935x032,werneralexander@hart.com
3420,Kirk,Ray,Bates-Johnson,(466)371-1645x28115,gibbsphilip@wilkerson.net
3421,Autumn,Pruitt,Jimenez Ltd,+1-697-677-7522x1149,xparker@arnold.info
3422,Janice,Daniel,"Jensen, Cooley and Merritt",(085)451-7811,katrina61@kramer.com
3423,Brandy,Stanton,Atkinson Group,035.000.5902x854,doris13@costa.com
3424,Jaime,Bean,Austin Ltd,535.471.4561,hensonlydia@becker.com
3425,Allison,Stein,Mann LLC,879-356-7614x81653,jortiz@cain-marshall.biz
3426,James,Chavez,Todd-Richmond,376.088.5916,grodriguez@braun.com
3427,Rickey,Arellano,Davenport-Chapman,(260)536-1877x9724,shawncook@cardenas-guzman.info
3428,Joanne,Jacobs,Benjamin-Rocha,495.773.6841,bauerjackson@carson.info
3429,Duane,Murillo,"Howe, Austin and Lozano",876-099-5807,beverly16@terrell.info
3430,Mindy,Washington,Morales-Thornton,(703)388-5049x8356,oburns@ortiz.biz
3431,Peggy,Morales,Huffman and Sons,8821130470,fsawyer@padilla.com
3432,Marcus,Novak,Stark-Cox,944.429.9191x7196,lellis@esparza.com
3433,Calvin,Murphy,Cardenas and Sons,(292)171-3250,elijah44@lambert.com
3434,Darius,James,"Matthews, Haynes and Johnson",001-367-176-1253x9997,bradleydave@hull-anthony.org
3435,Jocelyn,Mooney,"Hinton, Werner and Gaines",001-378-668-6482x5512,fli@brewer.com
3436,Karen,Huff,Whitney-Palmer,039-510-0761x926,casey02@barry.info
3437,Carlos,Mcpherson,Stout-Pope,001-692-913-9636,zchristensen@crawford.info
3438,Wyatt,Hendrix,Zamora-Barton,8782940398,caroline66@phelps.com
3439,Tony,Guzman,Vang-Frank,001-067-082-0263x4720,bridget48@bowen.com
3440,Maxwell,Pearson,Hess and Sons,782.103.0340x12417,yhodge@holden.com
3441,Vicki,Chung,"Lara, Huff and Cowan",(105)796-1557x527,david63@paul-mccoy.com
3442,Catherine,Ritter,"Kaufman, Reid and York",001-616-982-1292x111,norriskevin@rojas.com
3443,Leah,Baird,Ferrell-Carney,920-425-5587x25484,christinale@stevenson.info
3444,Bethany,Dixon,Norton Inc,466-773-3053,rrasmussen@hahn.net
3445,Franklin,Hale,"Patton, Walters and Perry",(013)297-9332x3515,huangjillian@mathis.com
3446,Erin,Welch,Salazar Ltd,261-235-2396,pgrant@nolan.info
3447,Ann,Waller,York-Kirby,544-708-8621x054,idorsey@beltran-knox.com
3448,Sheila,Guerra,Gibbs-Whitaker,(641)720-6713,jodi12@powell.net
3449,Emma,Fischer,"Cordova, Beasley and Mckee",186.637.7295,joshua48@mcclure.com
3450,Stephanie,Carson,"Jennings, Aguilar and Horton",968.425.9014x200,wlester@farley.com
3451,Isaac,Valenzuela,Harvey-Blanchard,+1-398-144-8701x161,mikaylacantu@meza-jarvis.net
3452,Patricia,Case,Ewing-Cobb,001-311-622-4594x0034,sfreeman@boyle-aguirre.org
3453,Aaron,Dyer,"Roberts, Austin and Hale",+1-327-109-9246x5636,dsummers@page.biz
3454,Stacie,Hutchinson,"Mullen, Bolton and Hunt",(179)680-4981,lynnchurch@horne.net
3455,Jackie,Schaefer,Cooke Ltd,738-990-2176,mason17@rivers.org
3456,Eddie,Rocha,"Cummings, Finley and Turner",263-014-9488x3376,srichmond@beasley.net
3457,Cathy,Gonzales,"Good, Swanson and Mcpherson",681-478-7063x004,troylowe@taylor.biz
3458,Veronica,Cortez,"Sampson, Ali and Mcknight",783.643.0047x9065,christinemarsh@kirk.com
3459,Louis,Mcintyre,"Gray, Cross and Mcguire",(992)959-9391x2297,jeffery17@george-giles.info
3460,Alexandra,Mcclain,Villanueva-Knapp,+1-625-893-9850x624,todd48@bryan.org
3461,Robin,Jones,Banks-Barnett,602.324.8275,iyoung@turner.com
3462,Judy,Hood,Bird-Crosby,(459)666-2124,langcesar@esparza-barajas.org
3463,Tim,Hogan,"Herman, Nash and Hartman",595-220-0203x61693,nschneider@cherry.com
3464,Geoffrey,Huerta,Forbes Ltd,(904)098-1944,hmorgan@vasquez.org
3465,Omar,Espinoza,"Park, Huffman and Stanley",001-335-479-4215x83603,asantana@wallace.org
3466,Gabriel,Gomez,Villarreal-Morales,101.248.2284,vmahoney@wiggins-flowers.com
3467,Danielle,Huffman,"Beard, Hutchinson and Roberts",001-523-974-4833x31434,madelineberger@robles-singleton.biz
3468,Alisha,Kent,Woodard-Rollins,(944)139-5443x13287,latasha16@goodman.com
3469,Mercedes,Moody,Valdez-Cowan,6048994927,vernonbernard@jenkins.org
3470,Brandy,Weeks,Chen-Atkins,-8624,brookechapman@roberson.com
3471,Mitchell,Green,Dean-Espinoza,567-233-4076x8700,mcgeedonald@sawyer.com
3472,Eric,Edwards,Leach-Atkinson,288.959.9416x1499,carneyjon@avila.org
3473,Todd,Harvey,"Mejia, Sweeney and Mccoy",(874)288-5282x2727,sierranewton@le.biz
3474,Gail,Larsen,Robles and Sons,001-293-334-4523x0344,rayvalentine@merritt.com
3475,Rita,Brandt,Mathews-Green,748-463-5429,uwillis@harmon.com
3476,Theodore,Daugherty,George-Manning,+1-632-118-1467x5191,jvelez@copeland.com
3477,Carmen,Cole,"Cain, Stanton and Holder",093-683-5241x64747,tonyawaters@mullen-saunders.biz
3478,Cristina,Powell,Thomas-Knight,+1-141-764-4640x091,blankenshipsteve@cabrera.com
3479,Chris,Robertson,Young Inc,243-419-5092,dhood@livingston.com
3480,Chelsey,Clarke,"Gill, Noble and Jensen",782.293.1961x74577,rushnicole@davies.net
3481,Mario,Cook,"Valencia, Wells and Sexton",465411805,katelyn88@hays.com
3482,Kristopher,Butler,Cervantes Group,869.376.3007,imorrison@krause.com
3483,Raymond,Foley,"Hess, Everett and Carr",2815492150,jocelyn64@eaton.org
3484,Bobby,Wright,"Leblanc, Hays and Dillon",836-788-3133,henryhansen@greer-lozano.net
3485,Erik,Cole,Black-Callahan,979.737.1737x34632,monique35@bishop.com
3486,Sonya,Hoover,Cordova Inc,4388402490,mindygregory@campbell-matthews.com
3487,Jenny,Ayers,James-Salas,001-210-056-6037x7939,jefferylee@castaneda.net
3488,Shawna,Adams,Nelson-Luna,001-026-631-3424x46582,bethanybradshaw@pugh.com
3489,Alison,Kaufman,Stuart Inc,965.693.7696,cjohnson@rice-andersen.net
3490,Geoffrey,Rowe,"Simmons, Leonard and Hanson",(915)802-7981x42961,joannlara@carlson-lowery.com
3491,Jacqueline,Yang,Durham-Frederick,(763)091-7981,pittsarthur@booth.com
3492,Vanessa,Peck,"Kaiser, Small and Hickman",857.664.6796,tannerlogan@ramos.net
3493,Roberto,Craig,"Barber, Price and Woodward",696.067.8606,ninamcdowell@solomon.com
3494,Levi,Ayala,"Byrd, Patton and Hunt",583.895.8012x043,alyssa63@cooley.org
3495,Tim,Smith,Parsons-Shah,341.244.1858x19754,joycejimmy@ruiz.biz
3496,Kiara,Sherman,Sloan-Wood,589-312-9991x80491,allisonrachael@rios.com
3497,Annette,Ali,"Nguyen, Skinner and Morgan",7341735791,alfredsantos@henson.info
3498,Preston,Gilbert,"Cordova, Fleming and Noble",998.420.3915,josephdale@vincent.info
3499,Angel,Kim,Fox-Conrad,635.882.8193x809,tomhall@kline.com
3500,Francisco,Morales,Taylor-Parks,001-349-379-6214x829,robynpatrick@hooper-pham.com
3501,Kristina,Swanson,"Esparza, Obrien and Guerrero",(494)007-4732,clayton25@webb.com
3502,Bailey,Morrow,Rasmussen-Coleman,(964)801-8438,wardralph@key.com
3503,Olivia,Hampton,Mosley Ltd,001-192-245-8043x525,lucerogwendolyn@reid-sutton.com
3504,Christie,Logan,Marsh Ltd,935.974.6105x772,nathan96@ortiz-hendricks.com
3505,Emily,Finley,Harding Ltd,+1-561-076-6490x857,sierrahensley@wilkerson.com
3506,Micheal,Farrell,"Morris, Obrien and Norris",(739)114-1751,ideleon@gordon-bradley.com
3507,Tina,Richard,Rojas PLC,(940)207-4222x6786,gyu@farley.info
3508,Gary,Pineda,Greer LLC,001-204-935-8920x9296,trojas@cameron-martin.info
3509,Herbert,Good,Brewer Inc,-8613,poncedarrell@austin.com
3510,Scott,Thomas,Tate and Sons,426.786.9929,davisnina@willis-pace.net
3511,Lee,Keller,Chapman PLC,-3828,leonardmartha@hull.com
3512,Whitney,Fleming,"Adkins, Mckinney and Hayden",001-624-082-1188,iandouglas@acevedo-norman.com
3513,Ashley,Pruitt,"Gomez, Walls and Olson",001-000-659-8440x51897,yesenia45@greene.net
3514,Curtis,Sutton,Watkins-Knapp,001-887-654-8828x33911,ghester@dixon.info
3515,April,Everett,"Estes, Odom and Sellers",001-108-085-2305,marvindelacruz@preston-rocha.com
3516,Bill,Chandler,Scott and Sons,(558)242-5619,haydencole@james-fox.com
3517,Chloe,Nielsen,Esparza-Pena,594-683-0828x21114,rickey48@burns.com
3518,Lisa,Roberts,"Ramsey, Nicholson and Acevedo",723-876-7992x29877,briana60@thornton.com
3519,Selena,Donaldson,"Pineda, Callahan and Vasquez",151-529-4785x847,nzimmerman@donovan.org
3520,Elaine,Hebert,Lawson Inc,(316)026-4201x452,leahglenn@kramer.com
3521,Allen,Douglas,"Morris, Smith and Church",001-715-021-0365x5795,xblevins@dudley.com
3522,Sydney,Cameron,Fleming-Hunter,(504)102-4147,phamkarina@frazier.com
3523,Eric,Vazquez,"Webster, Wolfe and Beasley",(709)302-2623x871,vasquezpatricia@hawkins-rose.com
3524,Xavier,Horne,Mata Inc,(999)260-2620x825,jane42@bartlett-irwin.com
3525,Hayden,Miles,Mclaughlin and Sons,-9921,bautistamitchell@cordova.biz
3526,Marie,Rodriguez,"Chapman, Arroyo and Powers",001-755-850-1166x10533,uhill@callahan.info
3527,Cody,Mason,"Mclaughlin, Thornton and Goodman",+1-964-268-4513x79272,kristinapotts@valentine.com
3528,Isabella,Stokes,"Pittman, Chang and Mcintosh",-1235,terrymcguire@blackwell-mason.com
3529,Yolanda,Friedman,Zhang-Parsons,-8038,mcphersontamara@odom.com
3530,Tracy,Lewis,"Abbott, Estes and Savage",001-328-740-8178x7313,gabriel92@riggs.com
3531,Kirsten,Estrada,"Nash, Acevedo and Sullivan",125.476.0657,shawn76@small-hodges.com
3532,Stefanie,Shannon,"Wilkinson, May and Santos",377.733.1183,blakele@sloan.com
3533,Kerri,Livingston,"Gould, Brooks and Randall",001-615-265-5364x839,barrymanning@estrada.info
3534,Jody,Mooney,Richard-Warren,633-570-0780x60794,pattyhunter@davies-shelton.com
3535,Sean,Case,Mcbride Ltd,+1-263-480-5193x923,lisa77@aguilar.com
3536,Christian,Petersen,Ball and Sons,3697106605,eduardo70@gomez.com
3537,Gwendolyn,Bryan,Cole PLC,851.126.1956x95175,idelgado@fischer.com
3538,Kendra,Harrison,Mullins-Franklin,001-286-486-2408x852,candacegarza@rodriguez-gamble.net
3539,Sheryl,Benson,Hebert and Sons,(027)465-9008,mcconnellbenjamin@edwards.org
3540,Norma,Reynolds,Mcdowell-Hurst,4084016763,hsavage@frank.info
3541,Craig,Church,"Medina, Watkins and Barnes",001-950-991-3471x742,nbentley@mack.com
3542,Perry,Gutierrez,"Middleton, Sanders and Armstrong",+1-720-408-1555x905,imedina@sanders.org
3543,Theodore,Ballard,Small Group,953.344.8530x030,baileyshea@crawford-meadows.net
3544,Stacey,Haley,Santana and Sons,9067365456,lfields@phelps-larsen.com
3545,Kristina,Harper,Matthews PLC,475-691-0104x600,yatesjack@jennings.net
3546,Kristy,Fitzpatrick,Mccormick-Salazar,780-061-0442x427,terrysharon@watts-reyes.com
3547,Jerome,Bryan,Dodson-Bond,(065)682-7943x3377,pjensen@chen.net
3548,Mitchell,Lam,Green PLC,(830)780-4690x357,coffeydan@daniels.com
3549,Clayton,Hansen,Rocha LLC,(291)954-6055,keith80@daniel.org
3550,Kristie,Odom,Buck and Sons,(783)317-5289x791,eestrada@blankenship.com
3551,Cindy,Sampson,Hendricks-Mcpherson,079-216-9306,evansalexandra@tanner.biz
3552,Shawn,Day,Delacruz-Lloyd,+1-393-938-4080x49649,shahevelyn@ware.org
3553,Gregory,Hardy,"Morris, Huff and Campos",925-420-6047x20602,qpatrick@tran-ellis.org
3554,Ivan,Good,Sherman-Arias,033-937-6335x822,floydjoy@walls-vance.com
3555,Belinda,Reeves,Bush LLC,142.027.4130x31827,sierrameza@terry.com
3556,Grace,Brady,"Burch, Doyle and Durham",052-010-0948x757,gabrielazamora@bird-valdez.org
3557,Julian,Mathews,Dennis Inc,+1-288-784-2357x333,chloe68@moran-copeland.com
3558,Jane,Arellano,Rojas-Hughes,728-126-2350x73423,melvinnielsen@acevedo.com
3559,Sylvia,Greene,Warner-Rios,661-110-8583x9999,beasleyaudrey@armstrong.com
3560,Courtney,Walsh,Bishop-Campos,2402841843,earl28@mosley.biz
3561,Helen,Huang,"Galvan, Shelton and Carr",931.313.3374x88382,monroejody@bryant.com
3562,Dalton,Morris,Villegas and Sons,495-887-5096x98862,yriley@proctor.biz
3563,Shannon,Knapp,"Hardy, Shepherd and Pierce",001-135-096-7619x4409,cbryant@rollins-anderson.net
3564,Maureen,Haley,Webster PLC,713.649.4493x257,beardcassidy@parker.com
3565,Christy,Hoffman,Charles-Murillo,116-990-0456x8608,prich@mckee-orozco.biz
3566,Charlotte,Melendez,"Friedman, Fernandez and Woodard",(035)005-1877,faithclark@haney.org
3567,Stacey,Christian,Mclaughlin-Meyer,(523)335-9743,cathylewis@hogan.com
3568,Hayley,Gay,Logan-Ayala,+1-856-087-3536x31490,sbaker@cherry.com
3569,Doris,Shaffer,Hart and Sons,584-569-2734x8713,rosarioelijah@beard-barron.com
3570,Maxwell,Short,Hoover-Joseph,(703)448-5846,hahntim@wise.com
3571,Misty,Walton,Hays-Oconnell,001-118-045-2810,dukecaitlin@lozano-gibbs.info
3572,Summer,Bird,Stevens-Cox,+1-632-542-7718x899,yarroyo@santana-townsend.net
3573,Edward,Beard,"Stanton, Reed and Johns",462-097-3557x5942,jillian34@cowan.com
3574,Carmen,Keller,Valentine Group,(983)139-4030,tim15@prince.info
3575,Tiffany,Wong,Curtis-Peters,533-880-2876x68452,cmarshall@richardson.com
3576,Lance,Collins,Hoover-Moyer,001-342-389-5332x6437,wyatt10@ingram-robles.com
3577,Hailey,Green,"Ray, Eaton and Ponce",(157)961-0439,kimlang@meyers-vincent.biz
3578,Marvin,Moore,"Vaughan, Shaw and Mcneil",596-562-6630x471,ashleeabbott@mcclain.org
3579,Isaac,Villarreal,Brooks-Nicholson,426.649.6501x1887,bridgethardin@morales.net
3580,Marco,Weber,Rivas-George,507.457.0293x3747,calvinbuckley@clark-hendrix.biz
3581,Emma,Franco,Tanner-Nicholson,(984)972-2765,collin67@parsons.com
3582,Katrina,Maddox,Barrera-Hall,4227692850,garnerjoyce@kane-christian.com
3583,Jill,Church,Jenkins-Houston,210.205.3360x4079,lucasrichard@chandler-cross.com
3584,Albert,Bridges,Villanueva-Chambers,(529)429-4329x230,mariodean@mcintosh.com
3585,Ivan,Galloway,Mendez-Byrd,039.338.1542x73876,ramseykent@valdez.biz
3586,Teresa,Daniel,Hamilton PLC,+1-083-673-1822x04372,cassie07@ross.net
3587,Sue,Thornton,Macias Ltd,328-298-8567x677,annette74@howell.com
3588,Maria,Cantu,David-Mcintyre,557-431-4417x157,mario73@english-mcgee.com
3589,Joy,Kramer,Knox-Oliver,(940)517-2899,ponceallison@wang.net
3590,Annette,Tanner,Gilbert and Sons,(208)700-3576,uweaver@andersen.com
3591,Claire,Baxter,Nash and Sons,(871)789-5610,huynhraymond@krueger-briggs.com
3592,Sandra,Moran,"Morrison, Welch and Wyatt",(141)401-3428x5493,ashleylindsay@bruce-hoover.com
3593,Maria,Nolan,"Rivera, Floyd and Lucas",001-298-118-3215x5845,hayleychapman@petty-austin.com
3594,Ralph,Wyatt,"Mcgrath, Silva and Gill",+1-036-485-1474x45841,olsonsharon@shelton.org
3595,Nicolas,Hood,Russell-Velez,-8646,blake37@craig.biz
3596,Ellen,Rogers,"Lewis, Montgomery and Golden",+1-076-923-3383x76721,bettyduffy@pierce-koch.com
3597,Isabel,Andrews,Watts Inc,911.996.0938,burnsjoy@edwards.com
3598,Benjamin,Patel,Moran-Esparza,+1-042-370-6484x013,bobby84@mcgrath-massey.biz
3599,Faith,Jennings,Bridges-Price,802.603.5245x5154,mathewlara@nixon.com
3600,Barry,Barr,"Petersen, Bass and Davila",001-180-847-7273x77247,ernest35@ochoa.com
3601,Abigail,Jensen,"Barry, Baldwin and Chapman",703.229.3546,prattharry@bentley-villarreal.org
3602,Robert,Moreno,Ward-Montoya,370.142.1340,vsutton@rogers.net
3603,Danielle,Fletcher,Chung-Fischer,(413)207-6241x90964,fredle@cameron-lam.biz
3604,Willie,Gibbs,Bautista-Boyer,(408)981-0356,salasomar@hutchinson-shaffer.com
3605,Dominique,Moses,"Sexton, Hammond and George",(552)371-0756,pvalenzuela@romero.com
3606,Paula,Hess,Montoya Group,408-671-9078,virginiasilva@willis-cook.biz
3607,Luke,Ashley,Lewis-Ferrell,(884)878-2877x6628,owentheresa@leonard.com
3608,Juan,Byrd,"Barton, Becker and Ayala",3472490066,trevor06@cochran.com
3609,Alicia,Rush,Holden-Nelson,(500)641-7513x88543,seangarrett@deleon.com
3610,Bob,Shea,"Clayton, Osborn and Vega",+1-511-068-9973x2682,mclayton@austin-brewer.com
3611,Jennifer,Lucas,"Lowe, Velasquez and Villarreal",415-555-1518x48238,rogerflores@guerrero.net
3612,Dennis,Johns,Harper-Wilkins,341-104-4758x34842,veronica99@raymond-chavez.com
3613,Connie,Murray,"Green, Blanchard and Carey",001-092-067-1030,thernandez@odom.net
3614,Cristina,Bell,Fritz PLC,(976)858-0212,annaarcher@guerra.com
3615,Mia,Woods,Robinson-Turner,(312)361-6998,diana58@cherry.com
3616,Francis,Montoya,"Pollard, Decker and Young",8324909128,vbuck@guerrero.com
3617,Walter,Green,"Moyer, Barrett and Perkins",-9157,carly76@gomez.com
3618,Alan,Paul,"Floyd, Zuniga and Krause",750-164-4973,sara48@stone-barber.org
3619,Amanda,Hawkins,Golden-Gates,882.976.9157x210,eugene62@rodgers.com
3620,Sheena,Weeks,"Mooney, Diaz and Hale",(724)968-4525,kellerclinton@faulkner.biz
3621,Shannon,Hancock,Fritz-Riley,162-331-9636x967,olsoncalvin@christensen.net
3622,Anna,Arroyo,Melton-Ramirez,057-612-4309x09224,breanna21@duarte-carter.org
3623,Kari,Vaughn,Vargas Inc,975.394.3671x093,lamdustin@roach.net
3624,Max,Mitchell,"Lang, Trevino and Sandoval",069.960.7434x178,darin48@lane.org
3625,Dominic,Fuller,"Harmon, Navarro and Winters",(846)203-9829,mackenzie79@rowe.com
3626,Dana,Crane,"Le, Oliver and Hull",558.227.9880,qwiley@buck.net
3627,Angelica,Moreno,Parker-Benjamin,724-548-3912x0490,savagelinda@zimmerman.net
3628,Jeff,Haney,Wood-Randolph,2726694988,mirandavasquez@peck.com
3629,Eileen,Floyd,Oliver LLC,(826)419-4141x41961,holdencurtis@hernandez.org
3630,Shawn,Hicks,"Weaver, Rivas and Henderson",(175)142-9758x13452,kurt98@brady-reyes.com
3631,Vernon,Bartlett,Nguyen-Li,939-605-3106x2774,adkinslori@oliver-bender.com
3632,Yesenia,Gonzales,Martinez PLC,760.973.4470x8469,solomondeanna@simon.com
3633,Madeline,Li,Erickson-Mooney,601-359-9690x58933,grahamwendy@hicks.org
3634,Candice,Joseph,Bailey-Berry,167-118-5462,barnesvictoria@yang.org
3635,Brianna,Cisneros,Monroe-Dorsey,650-514-9451,dchristensen@castro-melton.biz
3636,Arthur,Wolfe,"Brock, Fleming and Luna",001-992-372-6194x764,rothmatthew@compton.com
3637,Marisa,Dalton,Preston-Clements,(299)932-2303,gail04@higgins-larson.com
3638,Fernando,Hogan,Young-Boyle,-9174,unolan@white-key.biz
3639,Oscar,Harvey,Hensley-Dillon,468.947.7583,xblake@friedman.com
3640,Bernard,Riley,Cooper-Larson,+1-768-218-7625x150,leroy30@blake.info
3641,Paul,Rodriguez,Nash LLC,496-898-7501,chandana@santos.info
3642,Jeremiah,Bradshaw,Neal Ltd,351-113-1254,mindy07@blankenship-donovan.com
3643,Kaitlyn,Berger,Hahn LLC,508-795-4892,qkline@gamble-pena.biz
3644,Randy,Davies,"Malone, Larsen and Baird",001-985-438-9835x041,brandi65@baldwin.org
3645,Lindsey,Frazier,"Hodge, Rush and Singleton",+1-159-446-6984x9015,baileystevenson@herrera.biz
3646,Randall,Cunningham,Ramos-Pruitt,723-235-1194,rfox@figueroa-pruitt.com
3647,Felicia,Ibarra,Rice PLC,391-670-0450x854,maurice76@kennedy.com
3648,Gene,Ayala,Oconnor and Sons,+1-963-812-8129x161,pricekristen@higgins.com
3649,Duane,Sosa,Martin LLC,(551)354-5347x543,bullockshari@roth.info
3650,Kristopher,Lawson,Anderson-Leon,-8891,billmacias@shepard.com
3651,Carmen,Mercado,"Robbins, Patrick and Melton",(492)849-0072,carrillojon@santana.com
3652,Kristy,Reyes,Figueroa-Tran,-5712,tiffanymendoza@austin.com
3653,Cristian,Barrera,"Gibbs, Dominguez and Wu",5118080190,jpatrick@skinner-willis.info
3654,Benjamin,Gregory,Lynch PLC,649.952.2410,collinsdon@huynh-duarte.com
3655,Candace,Gilmore,Esparza Ltd,2610336041,elliottmichaela@jones.com
3656,Karl,Guerrero,"Decker, Ewing and Glenn",454.735.1158,peggy77@riggs.com
3657,Leah,Fernandez,"Powers, Johns and Mccoy",001-566-415-1181x12795,calvinavery@burnett-davies.com
3658,Dillon,Beck,"Vaughn, Maldonado and Conway",913-323-8930x57748,hardingyesenia@huffman.com
3659,Claire,Romero,Cummings and Sons,(719)781-0560x747,jacksonwalton@walter.com
3660,Steve,Powell,Noble-May,7532662805,bushbetty@klein.com
3661,Ruth,Diaz,Hayes-Collier,249.334.4839x4118,rickysandoval@gibbs.com
3662,Franklin,Stephens,Ewing Ltd,9920916632,jonathonpetersen@benjamin-vaughn.com
3663,Kaylee,Keller,Allen-Dyer,635-057-5512,lunablake@hebert.com
3664,Nathan,Cowan,Fritz LLC,954.480.8777x3072,alexandergarrison@tapia.com
3665,Jonathan,Dyer,Gross-Bruce,5206741974,llindsey@welch.com
3666,Tristan,Farmer,Francis Ltd,150-687-4659x3786,chamberstraci@cardenas-haney.com
3667,Marisa,Huynh,"Campos, Davidson and Blanchard",045-083-8772,eestes@dorsey.com
3668,Destiny,Bolton,Barnett Ltd,639-221-9467x6901,adkinsregina@bishop.info
3669,Tonya,Martinez,Richards LLC,602-436-0477x7915,deborah10@ball.com
3670,Latasha,Craig,"Walker, Chan and Mathews",(177)369-5847,wolfefrancis@davies.com
3671,Michelle,Crane,"Ellison, Berg and Bridges",+1-321-868-2800x04575,nsingh@mccann.com
3672,Erica,Bates,Lamb-Weiss,250.123.3787,alvin46@humphrey-adams.com
3673,Gabriel,Mejia,Church-Blevins,001-478-274-4136x0582,crystal88@dickson.info
3674,Jesse,Bradshaw,"Gallagher, Patrick and Hawkins",738.524.0433,dillonhiggins@mejia-lutz.com
3675,April,Gill,Cowan Inc,001-790-941-8516x034,davemccann@cross.net
3676,Christie,Luna,"Garcia, Manning and Riley",674.632.5340,tammy94@roman.com
3677,William,Farrell,"Zamora, Butler and Lozano",+1-491-496-5204x967,wernergarrett@trevino.org
3678,Judy,Santiago,Beard Inc,905.486.6039x85738,dariusolsen@oneal-holloway.biz
3679,Renee,Rose,Benson-Hinton,001-795-643-9662x120,crossbrent@burnett.com
3680,Felicia,Duke,Mills-Johnson,-4102,fruiz@blackburn.com
3681,Ruth,Yu,"Barajas, Thomas and Butler",513.296.3148x867,melindahaney@little-faulkner.biz
3682,Clinton,Patterson,"Lloyd, Pierce and Valdez",520.223.3796x03827,fitzgeraldmitchell@pennington-mcguire.info
3683,Lisa,Bartlett,"Ellison, Tanner and Waters",001-894-082-8990x105,huynhapril@nunez.biz
3684,Louis,Skinner,Warner LLC,001-728-602-6604x1056,lamtommy@church.com
3685,Brittany,Haney,Jackson-Bean,639-423-6159x327,evanwall@palmer-bruce.com
3686,Tristan,Ellis,Thornton-Tate,4145507534,miguelmartin@dickerson.com
3687,Angela,Harmon,Byrd-Powell,(217)219-0196x1388,nchristensen@little.com
3688,Isaiah,Gonzalez,Nelson-Gilmore,(929)362-6325x3531,rebecca35@bradford.com
3689,Collin,Hanson,Conley Inc,589-097-7132x102,kara58@sullivan.biz
3690,Carly,Wall,Drake-Allison,(077)044-5712,alisha98@bennett-frazier.com
3691,Jenna,Ferrell,Good Ltd,+1-478-990-6241x41271,hclark@forbes-ashley.com
3692,Blake,Walls,Flores and Sons,250-943-0233x7604,sheena37@beasley.net
3693,Denise,David,Fischer-Baird,741.992.7606x73915,hughescassie@maxwell.com
3694,Hailey,Fischer,"Bullock, Rowland and May",(385)520-8598,kristopher60@choi.com
3695,Lori,King,"Carson, Trevino and Fox",-7956,llindsey@decker-cervantes.org
3696,Grant,Pearson,Davila LLC,838-641-6561x541,brittany00@waters.com
3697,Wanda,Terrell,Davies-Mccullough,595.645.3564,dwayne48@ruiz-fernandez.com
3698,Paula,Davenport,Stout-Oconnor,863-139-6807x86316,watersgabriella@abbott-collins.info
3699,Andrea,Franklin,Padilla Group,(071)003-2126x68784,qsanchez@silva-roberson.com
3700,Philip,Lyons,"Davis, Chung and Ibarra",(170)712-6785,sharonkemp@gaines.com
3701,Patty,Cortez,Mccoy Group,586-445-4025x38212,vweiss@stokes.com
3702,Natalie,Gentry,Novak PLC,(223)545-8874,moorecolin@liu.com
3703,Carrie,Donaldson,Stuart-Roberts,+1-327-678-4083x098,hermankirsten@hooper.biz
3704,Jeff,Escobar,Phillips-Cobb,001-178-690-2441x8902,diane65@grant.org
3705,Natasha,Bush,Frey-Goodwin,+1-314-947-7205x7549,sydneyconway@hines-herrera.net
3706,Tony,Trevino,Roach-Small,001-223-510-3903x219,pford@campbell.biz
3707,Taylor,Pittman,Hodge-Ramos,(478)414-7283,ryansherri@collier-ritter.com
3708,Sophia,Parker,"Johnston, Moss and Chase",423.574.3684x703,annettebailey@sanders.com
3709,Mario,Wise,"Norton, Harrington and Tate",144-270-5826x07621,whansen@mckee.com
3710,Kerry,Cox,Keith-Mcclain,640-837-2819,kristirusso@gonzales.com
3711,Riley,Dickson,Logan-Chambers,526-837-9911,tracey47@ayala.com
3712,Hayley,Steele,"Alvarado, Drake and Molina",841.534.8981,chase92@mcfarland.com
3713,Bernard,Crosby,"Banks, Holloway and Orr",001-690-054-7045x58113,urusso@riddle-bryant.org
3714,Bob,Porter,Beck and Sons,363.219.7100,jenniferstein@carter.info
3715,Micheal,Miranda,Compton LLC,010-598-4440x80897,isaac79@levy.com
3716,Perry,Lewis,"Choi, Werner and Wade",571-082-8742,mullencolton@barton-morrison.com
3717,Vernon,Chaney,"Morrow, Hanson and Huynh",(970)643-1026,harold62@duffy-mejia.com
3718,Charlene,Hardin,Shah-Knapp,(726)082-5867,danielleon@lutz.net
3719,Jane,Harrell,Donaldson-Garrison,+1-320-458-7908x790,kenneth47@wells.net
3720,Tony,Gould,Mack-Braun,006.409.4821,daltonalvarado@campbell-thompson.net
3721,Anna,Lyons,House-Hill,+1-212-067-0821x04357,petersenclifford@huynh-robertson.com
3722,Marisa,Hickman,Cherry-Thomas,808-836-1866,valeriechristensen@berger.com
3723,Stephen,Huerta,Osborn-Lang,(335)011-3734x260,terrance01@bennett-barajas.biz
3724,Gloria,Barajas,"Shah, Kidd and Lambert",(365)482-2772x8310,norrisdon@castillo-lin.com
3725,Jake,Hester,"Dudley, Pruitt and Ochoa",(192)755-1969x4610,carolbryan@horne-cunningham.com
3726,Jeff,Willis,"Solis, Mckee and Castillo",082.275.8296,fpadilla@paul.info
3727,Cristina,Colon,"Lynn, Sweeney and Ayala",5813132134,feliciaglover@luna.com
3728,Glen,Kent,"Zavala, Bonilla and Dorsey",225.203.8975,millerangela@vang.com
3729,Marie,Lambert,"Lam, Rasmussen and Castro",(573)956-2859x3102,mcknightparker@dougherty.com
3730,Betty,Peck,"Vincent, Nichols and Hebert",654-694-7354,freemanjenna@carey-quinn.org
3731,Ashley,Wells,Cooper Group,(742)386-1902x069,jnash@mcgrath-monroe.com
3732,Francis,Simmons,"Larsen, Bryan and Escobar",+1-801-631-2947x8298,sstark@watts.com
3733,Helen,Ho,"Holden, Dawson and Whitney",3716399654,kylezimmerman@adkins.com
3734,Tracy,Church,Cardenas-Hayes,721-485-3683x9708,charleneyoung@holland-hunt.info
3735,Tyrone,Kent,Henderson-Clay,001-656-379-3803x830,elaine65@hebert.com
3736,Julia,Bates,Gill Inc,2864821224,molly59@alvarado.info
3737,Luke,Wang,"Travis, Hanson and Harrington",(647)068-3735x023,stacey84@luna.com
3738,Seth,Jackson,Barker-Ortega,568.567.7495x073,holdenerik@luna-george.com
3739,Kenneth,Floyd,"Gibbs, Welch and Cooley",+1-061-203-2516x52068,franklin16@davies-larson.com
3740,Brittney,Rodgers,Finley LLC,158.235.8866,marissa58@hayden-hooper.net
3741,Leslie,Wells,Herring-Boone,(465)431-8956x6999,levi54@butler.com
3742,Calvin,Walls,Griffith Ltd,+1-739-849-1435x072,allenmckenzie@giles.org
3743,Wendy,Bradford,Blair PLC,(600)033-3525,mullinsfred@briggs-yates.com
3744,Pedro,Bonilla,Chandler-Chung,300.194.0809,erikaduke@curry.com
3745,Warren,Blanchard,Cooley-Hammond,001-933-479-7799x585,kendrabarajas@cherry.net
3746,Shane,Ayers,"Duncan, Rubio and Logan",001-094-160-1801x3820,bradshawjackie@calderon.com
3747,Alexander,Jennings,Villanueva and Sons,+1-047-500-6571x09457,alisha19@campos.com
3748,Alejandro,Maddox,Wood-Hurley,646-239-3723x42912,ashley19@cardenas.info
3749,Dave,Anthony,Baird-Greene,735.303.8646x729,dillonterri@perkins.com
3750,Kristopher,Graham,"Wiley, Munoz and Zuniga",-4705,ariel39@mccoy.info
3751,Sherry,Chambers,"Gilbert, Mercado and Ortega",2428796724,gamblebrandy@summers.org
3752,Gene,Payne,Blair and Sons,001-172-223-3455x05681,sonya44@salinas-banks.biz
3753,Bryan,Wang,Sexton-Wise,999-851-3675,sierra88@schultz.com
3754,Jack,Ali,Reese-Pennington,(230)446-7029x229,geoffrey76@clayton.com
3755,Jason,Hayes,"Skinner, Livingston and Reyes",2413584734,robin91@byrd.com
3756,Ashlee,Cochran,Hickman PLC,824-397-8126x7867,dickersonmaria@lester-curry.com
3757,Shawna,Odonnell,Wells Inc,(899)118-2294x13390,lorettanorman@hunter-mcdaniel.com
3758,Joel,Young,Montoya Inc,8809752212,douglasstout@mccann-gutierrez.com
3759,Gerald,Drake,"Quinn, Gibson and Castro",671.098.6098x094,bshah@le.com
3760,Hannah,Mata,"Gamble, Whitehead and Mendoza",(931)715-9894x466,norman98@mclaughlin-holder.info
3761,Shelby,Keller,Russell Inc,001-395-549-4214x0373,dustinhuynh@kaiser.com
3762,Marilyn,Blair,Henson-Russell,-2736,kaitlynsimmons@krause.com
3763,Anne,Morton,Foley Group,+1-778-203-6196x0422,shanegallagher@armstrong.com
3764,Kurt,Kane,"Potter, Snyder and Estes",993.656.4367,rayshelton@butler.info
3765,Crystal,Davis,Tran-Zavala,309-417-0204x611,chelsea91@good-morgan.org
3766,Duane,Jimenez,Castro Ltd,537-667-7234,hcastaneda@walton-houston.com
3767,Brent,Buchanan,Campos Group,624.325.2854x2501,alanhester@lynn.com
3768,Richard,Choi,Hartman-Harrington,(510)089-0181,campbelloscar@downs.org
3769,Caroline,Carlson,Moreno-Hancock,171.168.9151,alexa22@stark.org
3770,Marco,Roberson,Fuentes-Rivers,855-847-8906x217,cannonglenn@mcdaniel-rocha.net
3771,Jenna,Robinson,Orr LLC,(948)829-5465x58555,zacharycordova@simon-stark.org
3772,Andrew,Stout,Rasmussen Inc,066-678-6565x7554,bedwards@lyons-ramsey.org
3773,Shaun,Wood,"Christian, Peck and Levy",001-289-404-7981,barrettanthony@hendricks-singh.com
3774,Bruce,West,Sharp-Mccann,(566)432-3887x04541,christopherhoffman@daniel-finley.com
3775,Jermaine,Robbins,Brooks PLC,001-303-897-4712,frenchdamon@duffy.com
3776,Kenneth,Li,Ball LLC,001-627-749-7814x8640,isabella25@williamson.net
3777,Cassandra,Stout,Moore and Sons,+1-781-737-7052x7783,ronald20@buck.com
3778,Bradley,Park,Clements-Curtis,(411)060-0600x58715,bonnie48@fritz-costa.org
3779,Pam,Wolf,Buchanan LLC,212-885-2738x671,xmoore@weber-holland.com
3780,Harry,Stanton,Mosley Group,138-257-4260x373,kelseyvance@hensley.com
3781,Brian,Salinas,Kaiser-Sosa,001-232-328-1817x91101,lukevelez@chang.info
3782,Carrie,Lane,Williams-Randolph,7523757999,cole21@morgan.net
3783,Doris,Gallegos,Dawson-Stark,795.909.0725,zromero@myers.net
3784,Warren,Lucas,Yates Inc,001-671-641-6003x3197,jorgerasmussen@morton.com
3785,Wanda,Reed,Lynn-Bentley,+1-895-175-0471x983,desiree66@atkins.net
3786,Aimee,Grimes,"Padilla, Oneal and Best",(737)439-0256x807,hectorandersen@hurley.com
3787,Maurice,Miles,Finley Ltd,+1-729-595-1838x90408,jose45@francis-sherman.com
3788,Donald,Bolton,"Barrera, Conley and Salas",+1-766-589-7199x65488,cparker@watson-ford.info
3789,Vicki,Owen,Bradford PLC,+1-209-399-9499x57564,dpreston@barnes.com
3790,Eduardo,Wu,"Wood, Rodriguez and Hall",819.270.3573x6826,dorismayer@briggs-daniels.net
3791,Alisha,Compton,"French, Stevenson and Curry",432.024.6394x403,gravesgregg@beasley.com
3792,Blake,Hudson,Stanton-Castro,(354)293-9920,weberalfred@frederick.com
3793,Stacey,Galloway,"Kelley, Zhang and Fitzpatrick",438.515.4241,tami19@bray-calhoun.com
3794,Daniel,Love,"Walsh, Waters and Mclean",001-710-686-9635,xhanna@allen-blackburn.com
3795,Mallory,Lowe,Hudson PLC,001-796-220-1715x572,careylawrence@leblanc.com
3796,Andre,Sheppard,"Bullock, Proctor and Pittman",001-319-237-5481x76269,deanna46@fuller.com
3797,Frank,George,Shepard LLC,(202)824-7339x8770,karl18@hicks-boone.com
3798,Derrick,Cardenas,"Trevino, Gordon and Lin",(251)841-3073,anoble@hayden-mayo.com
3799,Kim,Yang,"Conley, Farley and Thompson",2154607911,mitchellcalderon@holt-goodwin.com
3800,Jasmin,Bowers,Goodman Group,573.662.6236x2719,cathywoodard@rhodes.com
3801,Lynn,Trujillo,"Booth, Velez and Gibbs",+1-937-120-4252x567,ldunlap@carlson.com
3802,Vincent,Stephenson,Alexander-Watts,314.698.4060x44315,tomwalsh@reilly.net
3803,Stacy,Mckee,Underwood PLC,001-510-140-3286x286,biancahuerta@hardin-rowe.net
3804,Courtney,Underwood,Robinson Inc,563-006-8236x186,rose11@knapp.info
3805,Michael,Hawkins,Compton-Vaughan,(417)280-3680x1082,annafriedman@jones.org
3806,Spencer,Adkins,"Mays, Ball and Horn",578-556-0146x7979,dudleyeduardo@werner.org
3807,Johnathan,Salas,"Archer, Madden and Todd",854-070-8922x371,petersonparker@knox.net
3808,Alfred,Chang,Schneider and Sons,+1-798-050-1448x6510,sellerssherri@pham.info
3809,Frances,Hays,Norton-Ruiz,523-110-8071,randyallen@lozano.net
3810,Meagan,Stevens,Sexton-Meyers,+1-118-189-9351x7375,lauren58@ramsey.com
3811,Tami,Harrell,"Randall, Marquez and Mcgee",789.921.8792,karileonard@hobbs-harmon.com
3812,Hayden,Benton,"Sosa, Glass and Mcfarland",949.746.7498x9558,bryanglen@freeman.org
3813,Don,Thompson,Clements LLC,255-615-1653x21995,christinekrause@avery.com
3814,Clarence,Warren,"Monroe, Gibson and Chaney",(056)523-7973,franciscopena@lamb-allen.com
3815,Steve,Lutz,"Stephenson, Alvarez and Alvarado",959.667.3705x2851,lesliemays@hurst-mccarty.com
3816,Yvonne,Yang,Wolf and Sons,(443)940-6397,haroldsantana@black.info
3817,Edwin,Salinas,Mccarthy-Rosario,658-370-3333x346,alison43@maldonado-shepard.com
3818,Lydia,Castillo,Fleming PLC,-8333,hoffmanjasmin@washington.com
3819,Autumn,Lawson,"Watts, Dawson and Ferguson",855.788.2767x40612,yeseniasheppard@levy-houston.com
3820,Betty,Moody,Prince-Powell,(940)834-5428x44477,doughertyroberto@davidson.com
3821,Shaun,Hood,Powell-Newton,117-067-9129x81914,johnathan12@lutz.com
3822,Ricardo,Gilmore,Moody LLC,357.710.6396x4872,hutchinsonkelly@walsh.com
3823,Maurice,Mann,"Flowers, Wade and Suarez",(224)112-9973,csims@hodges.biz
3824,Kelli,Wu,Mcdowell and Sons,+1-369-430-6558x69496,alfredhaas@cowan.com
3825,David,Miles,Welch-Whitehead,1137531857,paynetammy@mcmahon.info
3826,Lee,Barnett,"Hester, Dean and Delacruz",(802)905-0639x68681,dunlapjennifer@riddle.com
3827,Karl,Riggs,Elliott-Hines,7591275469,cole37@bradford.com
3828,Bianca,Hutchinson,Shah PLC,8190244592,msingh@olsen.com
3829,Chad,Sellers,Case-Rhodes,001-596-267-3328x191,nbrooks@moore.com
3830,Spencer,Crosby,"Jennings, Choi and Mckenzie",+1-985-759-8425x6258,cameron60@bowen.com
3831,Geoffrey,Robles,Green Group,+1-865-144-6877x763,sharonduncan@callahan.com
3832,Barry,Barrett,Kane LLC,001-283-925-5989x5351,clairegarza@terrell.com
3833,Randall,Khan,Crawford LLC,575-822-8821x241,kaitlincalderon@lawson.com
3834,Diana,Odonnell,Ortega-Copeland,(484)931-4797x4024,ihood@browning-patrick.com
3835,Faith,Benson,Campbell-Jensen,001-630-599-4048x9519,kathy27@rogers.com
3836,Miranda,Brandt,Parsons and Sons,001-419-525-3174,bhowe@crawford.com
3837,Sheri,Dominguez,"Cummings, Frazier and Leach",580-142-4205,millerbruce@fitzgerald-clay.com
3838,Mary,Duffy,Caldwell-Kelley,+1-022-004-3995x8343,tcummings@barr.org
3839,Katrina,Dunlap,"Cunningham, Berg and Hughes",148.243.7554,miguel93@hendricks.biz
3840,Cassidy,Gonzales,"Stuart, Thompson and Fernandez",-7347,jmorrow@wang-franklin.com
3841,Jermaine,Ruiz,Garrison-Walsh,(084)479-6651x746,beckchristine@knapp.com
3842,Tamara,Meadows,Morris LLC,805.083.4915x14617,mariopotter@morales.com
3843,Betty,Fry,"Melendez, Shah and Hughes",+1-127-124-8794x7593,qrobertson@galvan.com
3844,Jesus,Oneal,"Maddox, Sanders and Burns",+1-033-633-4264x1125,ginairwin@mcclain-ramsey.com
3845,Tom,Campbell,Watson Ltd,+1-258-330-1652x0449,rosshaas@avila.com
3846,Jackson,Pruitt,Allison Inc,868.343.8006,bcunningham@humphrey.com
3847,Alfred,Leach,Gaines LLC,3510481774,normanjohns@guerra-owens.com
3848,Clayton,Valentine,Norton Group,001-320-532-7752x9442,scott58@yoder-salas.com
3849,Brent,Valdez,"Knight, Horn and Reed",214-956-3703x0855,jillthornton@hardin.com
3850,Jeremy,Benson,"Shepherd, Curtis and Raymond",001-349-640-4828x07021,ryan69@pollard-sanders.com
3851,Clinton,Castro,Atkinson-Bright,782-177-0876,zbush@henson-blake.info
3852,Shaun,Case,Ashley-Hurst,030-995-6291x28689,ekey@vance-crosby.info
3853,Dominique,Novak,"Gregory, Manning and Mills",(268)143-6855,madeline32@harrison.com
3854,Vanessa,Friedman,"Mata, Parsons and Berry",(731)659-8988x799,haydentran@thompson-dunn.net
3855,Heidi,Stafford,"Campbell, Moon and Pacheco",-8893,dwilkinson@weeks-bautista.biz
3856,Miranda,Pope,Bell Group,921.186.2150x431,brandy94@perez.com
3857,Laura,Hoover,Turner Inc,399-764-5395,hayley44@ellis.info
3858,Diana,Chung,Faulkner-Washington,+1-008-666-3365x5166,genebrady@poole.biz
3859,Carrie,Dillon,"Bowman, Small and Morton",001-269-966-5280x725,faulknershawna@simmons-pruitt.info
3860,Kimberly,Keller,Bean-Hahn,+1-875-245-3183x763,carlos62@reid.biz
3861,Dominique,Hess,Hall Inc,001-215-218-1707x707,justin89@mcneil.com
3862,Sheena,Owens,Carney-Morales,727.468.5482x1324,mcdanielvincent@lamb-tate.net
3863,Beverly,Wheeler,Cameron-Salinas,(404)361-6049x07973,michelenewton@conway.com
3864,Dennis,Beard,Bean-Madden,(211)000-9444x8711,lwarner@powell.com
3865,Alvin,Franklin,Christian-Finley,097-797-5788x324,yolanda31@cordova-york.info
3866,Malik,Brady,Martinez and Sons,495-666-0987x3154,traciebryant@blake.info
3867,Brenda,Macdonald,Serrano Inc,(576)054-3835x656,tjoyce@mcknight-montes.com
3868,Alison,Arellano,Fowler-Goodman,001-792-784-5969,darrell44@le.info
3869,Billy,Schneider,Pugh-Snow,4697628364,mitchellerika@drake.com
3870,Dorothy,Mccarthy,Cantrell-Mercer,516-260-6483x35644,eric28@benton.com
3871,Autumn,Andrews,"Morales, Lynch and Duarte",(671)768-1449x860,vburke@gibbs.com
3872,Jaclyn,Heath,Choi Group,(793)677-2406x636,cblackwell@friedman.com
3873,Alvin,Snow,Bradley-Mcintyre,376-057-0171x18774,huynhjustin@rowland.com
3874,Alex,Collier,Rodgers-May,576.434.4376,stuart65@briggs.net
3875,Nicole,Levine,Odonnell Group,799.729.8394x2456,tomreynolds@pope.com
3876,Alejandro,Ayers,Clayton-Bonilla,+1-912-313-6790x85355,dfleming@flowers.com
3877,Alice,Schaefer,"Cantu, Hayden and Le",(257)180-0340x0459,dannyhunt@strong.com
3878,Juan,Stafford,Silva-Campos,(476)997-1087x877,terry28@kennedy.info
3879,Howard,Coleman,Bean-Bridges,323-686-8576x17112,ugarcia@pace-zimmerman.info
3880,Elizabeth,Berry,Kramer Inc,(977)177-7586,dleach@chase-charles.com
3881,Jody,Cannon,Mclaughlin-Lang,8531192283,vhopkins@pittman.org
3882,Martin,Davenport,"Patton, Ward and Allen",246.246.3740x9934,patrick44@cortez.biz
3883,Janet,Ball,"Randolph, Bullock and Garrett",(798)268-7622x40572,ryanmiles@middleton-cohen.info
3884,Sherri,Escobar,Russo-Blackwell,801.598.8166,bnovak@mathews.org
3885,Meghan,Cooper,"Simmons, Colon and Durham",(085)757-0420,lowekarla@campos-preston.com
3886,Terrance,Bean,House Group,(745)081-1569x998,bianca83@camacho.com
3887,Alejandra,Villarreal,Brady-Pierce,6606000744,zcervantes@dennis.com
3888,Xavier,Mcclain,Grimes Ltd,(879)605-7498x1357,mbrown@callahan-moon.info
3889,Latasha,Cherry,Werner-Myers,930-242-1249x2899,reginald12@stanton-dougherty.com
3890,Sophia,Molina,"Mathews, Davies and Alexander",001-203-894-4087x20208,twilliams@conway-lozano.com
3891,George,Pineda,Barron Group,228.503.7212x9942,darrylalvarez@lee.com
3892,Riley,Palmer,Shannon PLC,4415836670,terrellrichard@juarez.org
3893,Vickie,Velez,Ross PLC,157-356-6006,drollins@humphrey.com
3894,Rose,Tyler,Gamble-Kemp,841-099-1855,quinncarmen@gilbert.com
3895,Calvin,Sullivan,"Shepard, Arnold and Berger",(587)740-9705x2631,rodriguezgordon@ramirez.com
3896,Brandon,Bailey,Pittman-Garza,-3116,cspence@oconnor.biz
3897,Victor,Hayden,"Berg, Moon and Pacheco",5403068979,brandi71@ponce.com
3898,George,Terry,Hampton PLC,702-587-3412x675,ogriffith@sharp-brewer.info
3899,Mark,Delacruz,"Reese, Franklin and Wyatt",(528)023-2785,kelsey90@bryant-olson.com
3900,Juan,Christensen,"Lewis, Giles and Orr",614-256-1535x0184,rivasjoshua@james.info
3901,Phyllis,Rush,Blackburn-Gamble,001-066-043-8275x8962,allen00@long.com
3902,Mark,Noble,Rivas-Bruce,3684927022,nicholasguerrero@woods.com
3903,Tyler,Dyer,Galvan Group,349.660.5542,jon39@merritt-deleon.net
3904,Tasha,Fernandez,"Doyle, Jones and Raymond",(859)213-9893x0252,kaitlyn72@trevino.com
3905,Yolanda,Burton,"Blair, Hahn and Mcpherson",675.506.9832x2301,pedrodougherty@ramos.org
3906,Alejandra,Mathis,"Sexton, Glass and Huber",328.867.8174,vlittle@villa.com
3907,Cynthia,Simmons,Chang Ltd,017.604.7569,chris20@velez.info
3908,Connie,May,Jackson-Bird,658.999.1489,eweeks@hodge-escobar.org
3909,Craig,Alvarez,"Krause, Bruce and Downs",175.652.1032x5105,lmckee@copeland.net
3910,Ronald,Bauer,Patterson-Griffin,+1-337-146-2775x05408,kerry10@arias.biz
3911,Sherry,Eaton,Norman-Bird,067.847.9041,antonioelliott@williams.com
3912,Jake,Murillo,Harvey-Stephens,+1-770-134-9103x126,taylor18@dyer-ortega.com
3913,Priscilla,Graves,Cochran-Mullins,001-523-784-9821x94055,jkidd@skinner.net
3914,Leroy,Joyce,Stafford Inc,766-194-6696x7826,rose16@rowe-valenzuela.biz
3915,Daisy,Kennedy,Paul-Snyder,001-054-825-3040,robyn25@cortez.com
3916,Misty,Malone,Rivera Ltd,-1872,charlenerichardson@singh.com
3917,Shannon,Holt,"Daniel, David and Mullen",+1-246-417-4877x14677,kathychang@peterson.com
3918,Bradley,Horne,Walsh LLC,+1-329-592-0360x702,sherribush@sampson-hensley.org
3919,Lonnie,Spencer,"Bradford, Harrell and Clark",565-578-6054x495,kristi94@estes-silva.com
3920,Alice,Wise,Church and Sons,981-437-8438x582,cdiaz@roth-fry.com
3921,Alyssa,Nichols,Lambert-King,9467784711,heidimartin@abbott.com
3922,Gilbert,Randall,"Klein, Wade and Quinn",(235)313-0778,shahbrett@fry.com
3923,Carly,Camacho,Barron and Sons,(930)640-7167,tamara13@caldwell.biz
3924,Edgar,Bruce,Charles-Brock,6732194864,bryanhopkins@webster.com
3925,Antonio,Arnold,"Gill, Coleman and Hull",105.397.7120x149,yvance@oneal.com
3926,Caitlyn,Nichols,"Huynh, Decker and Herman",249.283.5913x750,harold50@pollard.biz
3927,Beverly,Morton,Guerrero-Morrow,298-789-8903x60076,rjames@guerrero.com
3928,Kendra,Erickson,Huang LLC,709-834-2839x499,upham@richardson-casey.net
3929,Sally,Case,Shields-Hopkins,879-336-2474x5861,camachokurt@brady-cameron.com
3930,Xavier,Love,"Austin, Morse and Gonzales",+1-954-863-7111x00216,saraponce@roberts.com
3931,Xavier,Nichols,Stein and Sons,(284)769-4218,tcantrell@mills.com
3932,Jaime,Hurst,Ball and Sons,(268)578-0555x993,lreeves@sutton.com
3933,Debbie,May,Ashley LLC,(894)179-4342,asalazar@cortez-cowan.com
3934,Marie,Houston,"Santos, Daniel and Mann",743.125.8171x406,hollyflynn@hart.com
3935,Stephen,Blevins,Mccoy-Fernandez,702-177-6288x6612,lsilva@chaney.org
3936,Kristen,Kline,Stuart Group,001-536-576-8500x662,isandoval@oconnor.com
3937,Joy,Thompson,Tanner LLC,001-994-610-0215x8669,dzamora@horton.org
3938,Bridget,Shepherd,"Sloan, Hurley and Ramos",001-873-089-1184x539,zhangbrian@hatfield-wright.org
3939,Victoria,Byrd,"Palmer, Mayo and Macdonald",754.419.8816x073,xcummings@case.org
3940,Jordan,Klein,Shaffer and Sons,001-404-217-5102x8552,porr@gilbert.com
3941,Eduardo,Levy,Levy Inc,-3070,masonmayo@romero-woodward.net
3942,Monica,Choi,Campbell PLC,(775)916-9957,colleen37@french.org
3943,Jermaine,Frank,Dorsey LLC,001-330-106-5999x58991,mitchellkara@pollard.com
3944,Luke,Barrett,Pacheco-Reeves,762.387.5080x51834,lauren63@contreras-mcneil.com
3945,Caitlyn,Page,Hodge Ltd,(931)781-0469x1839,finleyroy@zhang-osborne.com
3946,Tami,Burton,Holden-Bonilla,(368)650-5644x8701,dhahn@gilbert-murray.com
3947,Carlos,Cooley,"Larsen, Gallegos and Ray",798.718.5041x29254,rossrusso@larson.com
3948,Jon,Glass,Shea LLC,802-763-0187,kentmichael@frye.org
3949,Rachael,Sosa,Gill-Harding,272.069.6850x0322,norma21@campos-hurley.com
3950,Kiara,Newton,"Booker, Mccullough and Bruce",998-997-2135,loganstephen@travis.com
3951,Daniel,Owens,Rivas Ltd,492-675-0101,chris52@garcia.com
3952,Chelsey,Glass,"Haney, Sims and Hansen",(308)581-3030x88824,sabrinakent@weiss.net
3953,Francisco,Blair,"Greene, Frederick and Bowman",001-550-601-1446x207,chandlershawn@deleon-stafford.com
3954,Noah,Chapman,Solomon-Hood,069-181-3590x99506,tbryant@neal-mercado.org
3955,Kent,King,"Chan, Simpson and Wiggins",288.173.6385x5023,velasquezray@sloan.com
3956,Monica,Ortiz,"Tran, Perez and Cohen",(030)532-2473,jeanette66@reid.net
3957,Jody,Jacobson,Bennett-Vang,+1-669-799-2435x91609,chadzhang@hancock.com
3958,Sophia,Whitney,"Wolf, Hobbs and Houston",097-355-9437x28801,frederickcandice@mata-collins.com
3959,Brandy,Miles,Bender-Adkins,335-966-0841x84066,glendaware@barr-pollard.net
3960,Derrick,Koch,"Calderon, Vaughn and Clay",898-158-3507x75118,kristy66@kramer.net
3961,Logan,Gross,Bautista-Avila,(779)157-4807x6133,willie03@brandt-kline.com
3962,Marie,Preston,"Floyd, Guzman and Palmer",371.244.8165,cochranbetty@wilkins.com
3963,Jimmy,Landry,Bentley-Camacho,001-727-460-7620x45344,cliffordhuff@ferrell-flores.com
3964,Allen,Pierce,Delgado Inc,967-679-1794,spencerwilliam@blevins.info
3965,Kathy,Wiggins,Carter-Villa,(824)740-2558,vincent45@walters.com
3966,Autumn,Galloway,Keller-Quinn,001-908-885-5126,gordonabbott@carson-robles.com
3967,Glen,Pittman,Brown-Hensley,+1-528-305-4978x5200,losborn@rhodes.com
3968,Terry,Roman,Bird LLC,001-264-104-7380x29910,conraderika@stark.com
3969,Meghan,Calhoun,Downs LLC,038.990.8999x0426,mccoyyolanda@winters-mclaughlin.org
3970,Shelia,Davies,"Morgan, Forbes and Flowers",598-752-2598x1467,audreycraig@riggs.com
3971,Shawn,Macdonald,"Todd, Fleming and Donaldson",+1-512-589-8105x906,cathygomez@schmidt.org
3972,Jamie,Beard,"Perez, Macias and Howard",-816,rayhinton@warner.com
3973,Riley,Lopez,Solis and Sons,028-060-3168x234,blankenshipkatrina@navarro-castaneda.info
3974,Edward,Underwood,Mcknight Group,001-836-140-3400x591,autumn08@richardson.org
3975,Edward,Case,Glenn Group,(515)552-0218x6175,meltonangelica@everett-leonard.net
3976,Nicolas,Vincent,Kaiser-Bridges,001-181-243-2461x8147,lauren77@poole.net
3977,Christopher,Shields,Glass-Hampton,212-880-3700x6971,laceyholloway@weeks.info
3978,Ashlee,Kim,Duarte-Yates,394-872-1061,stevenmorris@whitaker.com
3979,Maurice,Harrell,Mathews LLC,043-877-8798x60483,maddenbrooke@garrison.org
3980,Crystal,Maldonado,"Mcclain, Casey and Little",757-444-7658x661,gardnerlawrence@austin-barr.com
3981,Joseph,Mcmillan,Robinson and Sons,+1-455-218-5326x9932,hduran@washington.com
3982,Andre,Andrews,"Yu, Decker and Tran",9630265064,afoster@mccann.biz
3983,Jacqueline,Yates,"Hawkins, Cisneros and Brock",846-788-6825x991,nichole59@cooley.com
3984,Guy,Howe,"Steele, Flores and Coffey",940.867.1737,hfrank@welch-ware.biz
3985,Alison,Owen,Landry Ltd,133-278-8473x10568,harold01@camacho-whitaker.com
3986,Gene,Kirk,"Richard, Schmitt and Crawford",013-060-9399x67399,anna29@conley.com
3987,Alyssa,Castillo,"Vang, Hines and Garrett",883-313-3629,enunez@garrett.com
3988,Valerie,Mann,Novak Inc,+1-874-056-6004x68992,cherrytim@meadows.com
3989,Blake,Schneider,Randolph PLC,818-278-6281x232,cameron21@dunlap-raymond.com
3990,Joyce,Hinton,Bradshaw Inc,722.499.8016,ralphfranklin@barajas.biz
3991,Diana,Wallace,Benitez Ltd,(387)093-5030x019,adrian25@wong-nixon.com
3992,Christy,Wiley,"Morales, Glover and Dean",+1-739-661-9250x35005,yesenia78@ayala.org
3993,Derek,Hanna,Reyes-Mclean,960-818-4763,erikweiss@bauer-jones.com
3994,Kathryn,Nash,Willis-Nash,648.326.7734x6222,shaunbryan@payne.net
3995,Mackenzie,House,"Bowen, Maldonado and Harper",126-227-2680,marquezeileen@robbins-douglas.com
3996,Danielle,Gross,Cole LLC,-3297,deleonruth@best-lin.com
3997,Rita,Banks,Rush Ltd,7274892386,wcook@wyatt.net
3998,Danny,Roy,"Gallegos, Nichols and Potter",290-528-8242x37712,xchen@doyle.com
3999,Janet,May,"Herrera, Cole and Meza",2171474550,summersvanessa@jacobs.com
4000,Colleen,Cunningham,Webster Group,001-753-392-3971x24188,swansonspencer@massey.info
4001,Rebekah,Dyer,Bonilla-Li,180.777.2613x89178,elliskyle@cervantes.org
4002,Reginald,Rose,"Flowers, Hurst and Powers",2524330677,wellsjoann@wiggins.com
4003,Samuel,Turner,Odom-Conrad,(757)093-5050,jfischer@mays.org
4004,Valerie,Levine,Fuentes LLC,001-800-225-6167x140,tamipacheco@hays.com
4005,Adrian,Norris,Gardner-Mason,618.756.2410x200,laurablankenship@wolf.com
4006,Corey,Dawson,"Bauer, Glenn and Rivers",001-162-735-3672x5682,marissasampson@barnes.com
4007,Mckenzie,Kerr,Terry-Durham,(745)679-5351,kimhill@norman.info
4008,Isabel,Spence,Melendez-Hobbs,(940)558-2369x91831,drichardson@thompson.net
4009,Laurie,Glover,Mcconnell Group,+1-589-099-5731x44467,youngjennifer@stein.com
4010,Tonya,Moody,"Haney, Hart and Stone",(931)951-4597x6860,francisco66@brooks-austin.com
4011,Nicolas,Mccormick,"Giles, Gibbs and Copeland",040.033.6490x7784,waltonstacey@porter.com
4012,Sue,Tanner,"Rowland, Barker and Cruz",741.638.5816x46148,leviflynn@barr-myers.biz
4013,Bonnie,Kerr,Poole-Buchanan,001-061-217-1877x97112,jacobsondale@rice.com
4014,Adam,Caldwell,Gardner-Harrington,367.464.8278,levinecollin@esparza.com
4015,Jaclyn,Powell,Forbes-Riddle,748-972-7140x8984,mary13@gillespie.com
4016,Lydia,Franco,"Morse, Skinner and Russo",(589)348-4544x04244,parrishjaime@weiss-foley.net
4017,Brenda,Lam,"Kelly, Callahan and Ewing",(598)071-6527x5131,kempshelia@hamilton.com
4018,Patty,Gray,"Small, Hayes and Randolph",(402)495-6016x3630,taylorcampbell@buck-campbell.com
4019,Pam,Owen,Glenn-Mcdonald,001-224-234-3119x8037,bescobar@english-mcdowell.net
4020,Andrea,Barber,Rodgers-Esparza,+1-485-221-3970x99426,ocastro@dickson.com
4021,Kelli,Wilcox,"Taylor, Hanna and Valdez",615-445-5255,edward96@greene.org
4022,Melvin,Orozco,"Robertson, Harper and Rivas",001-858-215-2838x95417,foxconnie@chaney.info
4023,Renee,Arnold,"Ramos, Glenn and Esparza",(342)871-9848,dawsonbianca@york-hardin.net
4024,Kerry,Buck,Wise-Sanchez,(131)363-4286,theresa07@roth.biz
4025,Adam,Palmer,Richards-Underwood,393.827.5715x715,xhudson@landry.com
4026,Stuart,Boyer,"Mcmillan, Leblanc and Ashley",101-742-9466,teresalambert@maynard.com
4027,Anthony,Valentine,"Mendez, Frazier and Strong",+1-518-513-8838x0571,alisonrobinson@mcconnell.com
4028,Andres,Mayer,"Case, Bradford and Giles",-4951,obrady@noble-curtis.com
4029,Toni,Shah,"Burns, Kaiser and Daniels",560.336.1443,tasha29@campos.com
4030,Gabrielle,Vang,"Blair, Huffman and Walter",691.843.4376,pkidd@goodwin.com
4031,Ana,Paul,Humphrey and Sons,660-177-1599,edwinkey@benson.com
4032,Blake,Davis,Ingram LLC,239.834.6489x99455,tristanrubio@villegas-boone.com
4033,Abigail,Nicholson,"Montgomery, Bird and Reid",3686615279,kristinoneal@patrick.com
4034,Robin,Moran,Hart Inc,001-136-309-9206,ibarralaura@le.com
4035,Darrell,Richmond,"Kirby, West and Escobar",834-090-8658x3305,robbinsheidi@patrick-hess.info
4036,Sheena,Stafford,Mccoy LLC,(049)437-6283,lestercody@fry-callahan.com
4037,Leroy,Hines,"Henson, Cabrera and Noble",247-421-3720x66142,leonrickey@moran-benson.com
4038,Faith,Boyer,Jimenez and Sons,(607)550-6938,zwalls@kerr.org
4039,Kayla,Page,"Boone, Stanley and Booth",001-878-439-4702x58343,tatkinson@butler.com
4040,Bridget,Trevino,Krause-Stanley,(468)936-1314,kingerica@beck.com
4041,Betty,Ritter,"Davenport, Navarro and Wilson",001-116-709-9901x9440,parkpreston@brooks.com
4042,Tyler,Hester,Hampton Group,1810967972,katrinacain@rivas-dominguez.com
4043,Ryan,Reese,Blankenship Group,001-327-781-9091,dalton20@english.com
4044,Raven,Wu,"Holmes, Livingston and Rich",235.083.5200,pamelamcknight@fuller.com
4045,Alec,Bray,Mercado PLC,2707492352,farrellcesar@neal.com
4046,Hannah,Hinton,Velazquez Ltd,(018)636-9053x4801,gconrad@david-dixon.com
4047,Ashlee,Levine,Randall-Phillips,023-649-2941,brownglenn@delgado-gill.biz
4048,Suzanne,Fry,Peterson-Garcia,001-033-711-0192x5917,jchen@meyers.info
4049,Holly,Myers,Fletcher-Shepherd,001-112-015-0641x187,pduke@bentley-pittman.com
4050,Eduardo,Hall,"Crane, Atkins and Garrison",392-169-9100x0979,crogers@humphrey.com
4051,Jacqueline,Byrd,"Gill, Koch and Long",001-655-736-1174,cassidyking@shelton-mcgee.info
4052,Jared,Mckinney,"Gallegos, Munoz and Rivas",001-976-663-3920,logantaylor@villa.org
4053,Riley,Stephens,Paul LLC,625-186-0748x88891,baileyerickson@roberson-holt.com
4054,Sue,Saunders,Daniel-Schneider,001-538-022-7121x7957,qbray@nguyen-cervantes.com
4055,Lindsey,Santiago,Riley and Sons,001-145-938-3847x3727,greg70@flynn.com
4056,Guy,Sellers,Kennedy PLC,(281)516-7945x6852,normanchristina@kirby.biz
4057,Colton,Whitney,"Mccann, Hood and Dodson",574-883-2406,zimmermanfrank@collier.com
4058,Willie,Gilmore,"Bradley, Frederick and Zuniga",980-209-1497x324,tami74@sexton.com
4059,Jeffery,Joyce,Hernandez Group,001-024-797-3091x7265,ninavazquez@conway-durham.com
4060,Vicki,Velazquez,Peters-Ballard,061-256-5893x17324,nporter@ingram.com
4061,Leonard,Harrell,Davis-Flowers,7827934075,ulynn@collier.com
4062,Brianna,Petersen,"Bridges, Sanchez and Booker",-2431,rthompson@farrell.com
4063,Kristina,Le,Arroyo-Giles,(633)812-8183,marilyn25@cardenas.info
4064,Hunter,Bullock,Velez-Donovan,001-308-195-5327x60157,watkinson@forbes-tanner.com
4065,Jesus,Marsh,Washington-Thornton,(045)364-4689x018,ana28@griffin.com
4066,Vickie,Erickson,Huber LLC,(934)098-1299,kathrynortega@waller.org
4067,Stuart,Webster,Haney Inc,001-793-846-9097x3745,connerkathryn@church.com
4068,Beverly,Andrade,Ball-Reed,119.668.9038x954,earl93@holmes-mcbride.com
4069,Karen,Fuller,Davenport-Arroyo,001-803-485-1064x84202,lozanodebra@freeman.net
4070,Anthony,Duke,"Odonnell, Monroe and Farley",533-465-3222,barajasluke@jensen-mays.info
4071,Lauren,Bullock,Rice-Cummings,-881,carlaobrien@serrano.com
4072,Reginald,Guerra,"Briggs, Fuller and Zhang",-8583,mackenzievalentine@hamilton-colon.biz
4073,Dave,Hampton,"Horn, Crane and Day",185.834.5802x084,montesdaisy@browning-paul.com
4074,Andrea,Wilkinson,Huynh Inc,(349)089-2176x281,gordon45@miller.com
4075,Adam,Sweeney,Weeks-Ponce,9985596901,collinpearson@carey.com
4076,Claudia,Bartlett,Leach-Jarvis,(430)400-6725x98865,fsaunders@arellano.net
4077,Jamie,Nguyen,"Barrett, Odonnell and Gutierrez",001-842-453-5736x54189,gonzalezkevin@terrell.com
4078,Melissa,Elliott,Montgomery-Herring,-1382,elijahzhang@adkins.com
4079,Darlene,Horton,Benton and Sons,575.104.9648,gavinriggs@maxwell.com
4080,Robyn,Randall,"Meadows, Kline and Buckley",-6017,maria83@villanueva-cordova.com
4081,Cynthia,Phelps,Gamble-Eaton,206.621.4114x2887,alejandrabaldwin@boyle.com
4082,Matthew,Finley,Solomon-Rose,338.286.1384x853,choover@tran.com
4083,Betty,Byrd,"Ali, Crawford and Wise",(064)884-0944x8729,mariogentry@blanchard-lawrence.com
4084,Gail,Mcgrath,Dougherty-Waller,001-822-787-7712x49955,jeanhatfield@greene.com
4085,Hannah,Cobb,"Harmon, Haynes and Henson",8923157113,hholder@boyer.com
4086,Frank,Waller,Dudley PLC,8913234157,jody12@armstrong.org
4087,Jacqueline,Bass,"Bender, Miranda and Small",5824653466,jill58@gallagher.com
4088,Luis,Townsend,Mata Ltd,226-014-5721x68105,garrisonriley@hester.com
4089,Janet,Hamilton,Shannon-Gallagher,(262)651-4854x55593,miaflores@meyer-harding.com
4090,Jackie,Whitney,"Anderson, Hebert and Schaefer",+1-719-109-8256x99650,morganmaldonado@paul.com
4091,Judith,Richardson,Barr Group,845.432.3091,glennichols@foley.com
4092,Annette,Gould,"Berger, Hart and Haley",(543)901-5081x367,maurice01@walsh-shaffer.com
4093,Peggy,Harrison,Cochran-Silva,459.908.5695,iblair@duran.org
4094,Alexandria,Herman,Mayo-Sharp,(597)173-9209,daniel34@brewer.com
4095,Shaun,Weaver,Mccullough and Sons,285.149.0810x59514,austinsingleton@juarez-austin.com
4096,Drew,Murray,Leon-Briggs,+1-266-506-8638x91747,vickie63@newman.com
4097,Regina,Berger,"Strong, Todd and Morris",495.201.5144,fowlerbrady@stokes.net
4098,Fernando,Pratt,Mcintosh-Waller,6664845546,carriemckinney@kramer.biz
4099,Alexander,Mcdowell,Carrillo Inc,713.577.5638x908,gregavery@mayer.info
4100,Bianca,Dalton,"Blanchard, Hawkins and Frye",6811925239,robertroth@craig.info
4101,Dillon,Gibson,Andersen Ltd,-6541,bobby37@juarez-hansen.com
4102,Katrina,Baxter,Haynes-Mills,001-953-879-8597,jeanne87@bolton.org
4103,Melissa,Greene,"Faulkner, Alexander and Gross",396-714-4652,parker40@taylor-huff.org
4104,Sandra,Mccall,"Moses, Warren and Mays",001-948-636-4511,xroberson@beltran-buck.com
4105,Gail,Skinner,"Hinton, Tucker and Peterson",(164)987-8507,joycenash@west-cobb.com
4106,Tara,Wyatt,Woods Group,001-845-258-1736,guerrerowanda@marks-campbell.org
4107,Kristin,Shields,Dennis-Castillo,286-279-2716,gmiranda@bird.com
4108,Brianna,Foster,"Huffman, Ho and Donovan",001-001-173-6754x9928,christine15@nash.com
4109,Teresa,Hawkins,"Erickson, Jarvis and Harrington",254-813-0076,loveannette@barrera.org
4110,Isabella,Washington,Taylor and Sons,001-606-930-0114x500,umoody@sheppard.com
4111,Riley,Bernard,Washington PLC,161.087.5443,villalatoya@logan.com
4112,Candace,Cordova,"Elliott, Nelson and Stephenson",+1-023-036-1316x719,umcclain@lee-suarez.com
4113,Terrence,Moyer,"Walton, Eaton and Maynard",291-214-1527,bianca92@ali.com
4114,Dakota,Harris,Guzman-Morton,001-700-080-9613x736,tammyhouse@harris-townsend.com
4115,Jared,Yang,Cardenas-Suarez,(973)666-2797x58876,melindafrazier@dixon.com
4116,Vickie,Holt,Dorsey-Klein,8035819501,gene05@bird.com
4117,Natalie,Marshall,"Sandoval, Lowery and Dennis",3192725540,sierrapage@valdez.com
4118,Samuel,Durham,Ashley-Frederick,7648968079,raven70@zhang.com
4119,Johnny,Kent,Burton and Sons,001-497-719-4346x100,jakechapman@yu.com
4120,Tamara,Galvan,"Martinez, Moses and Fletcher",(876)843-8465x42088,pagewayne@bowman.com
4121,Blake,Ponce,"Mack, Harrell and Mcintosh",001-168-216-7693x689,fowlerkathleen@swanson-willis.com
4122,Fernando,Terry,Lawson PLC,(465)394-3799x41119,makaylaward@steele.org
4123,Vickie,Schaefer,Zavala Ltd,001-515-041-9986x405,wsteele@olsen.net
4124,Devon,Gillespie,Ramsey-Vang,462-366-0243x8528,sweeneygabriela@hall-riley.com
4125,Steven,Sims,Roberson PLC,+1-970-405-8516x6383,grimesjenna@tapia.org
4126,Christopher,Finley,Hubbard-Huerta,(726)780-6194x81882,zreeves@park.com
4127,Kelsey,Daugherty,"Mcdowell, Mcdowell and Anderson",001-693-769-1775x08886,edwinsutton@lynn.info
4128,Alyssa,Salas,"Cordova, Pittman and Stanley",001-224-763-6621x224,dconley@drake-maldonado.com
4129,Alicia,Ponce,Reynolds and Sons,+1-290-790-0925x5836,rachelcarroll@barajas.com
4130,Daniel,Peters,"Carr, Morton and Vega",771.798.6577x68518,tcarey@chaney.com
4131,Craig,Leon,Leblanc LLC,(502)160-5697,matthewhughes@dalton.com
4132,Tara,Hensley,Mosley Group,633-333-2193x1792,kaufmankristie@thornton.org
4133,Regina,Johnston,Cook-Hinton,413.224.1489x5019,holdergregg@wolf.info
4134,Christy,Bond,"Mathews, Howard and Cabrera",(266)351-9916x1501,shellywang@sexton.org
4135,Rose,Walter,"Escobar, Briggs and Sloan",374.646.8095x72267,yluna@nash.com
4136,Jacqueline,Peters,"Jensen, Walker and Mcguire",231-048-8784x47938,larsonbilly@vang.info
4137,Marie,Pittman,Wolf LLC,001-562-793-5313x0436,briana98@sampson.com
4138,Collin,Harmon,Becker PLC,+1-610-466-1659x76087,juarezallen@cox-costa.com
4139,Jimmy,Underwood,"Richard, Davila and Smith",(517)601-6413,penny09@kim.com
4140,Melanie,Ellison,Hansen-Roberson,(191)926-6796,laguilar@ingram-fernandez.org
4141,Mason,Marshall,Greer-Beltran,+1-988-332-6563x3977,wdavila@bryan.net
4142,Dakota,Fritz,Ross-Phelps,003.702.1704,abauer@walker.info
4143,Jason,Roberson,Sullivan LLC,(023)709-6994x3354,devinwolfe@garrison.info
4144,Edgar,Owens,Levine-Byrd,(704)944-2693,jacquelinepollard@proctor-yoder.com
4145,Katelyn,Barron,Elliott Ltd,(748)084-0149,alison24@blevins.com
4146,Alexa,Espinoza,Lowe-Adams,001-219-060-0846x260,aaron25@davis.com
4147,Sheena,Rowland,Avery-Fletcher,9351306465,mollymckenzie@douglas.org
4148,Geoffrey,Wright,Kirby-Knapp,4861561140,ellisclinton@conley-cisneros.org
4149,April,Ali,Ferguson-Wise,(053)375-8083x62192,ggallagher@lowery.com
4150,Veronica,Carter,"Holmes, Landry and Riggs",001-234-732-1654x6834,frhodes@doyle.com
4151,Lacey,Burke,"Novak, Shepherd and Greene",310.657.8977x52670,baileycarey@shields.biz
4152,Johnny,Montoya,Berry and Sons,096-430-9218x11898,rodneylove@randall.com
4153,Sonia,Parrish,Price-Henson,+1-722-508-9914x159,krista42@hubbard-clayton.info
4154,Antonio,Maddox,Holt-Mcdowell,001-349-301-0595x349,cliffordoconnor@alvarez-chandler.com
4155,Tonya,Mahoney,"Leonard, Mccarty and Garrett",001-167-194-6565x018,wyatt83@curtis-foster.org
4156,Gwendolyn,Garner,Singh-Rowe,272.260.9947x31425,lorr@duffy.com
4157,Ana,Pineda,"Haney, Mack and Campbell",689-804-8098,robertnguyen@christensen.org
4158,Christine,Case,Kaufman PLC,(155)490-1747,hobbslatoya@garcia.net
4159,David,Francis,"Hughes, Townsend and Bailey",+1-152-422-2850x04770,darrylbradley@bruce.info
4160,Margaret,Mcdaniel,Page-Preston,+1-703-832-9765x90636,kgreer@cordova-santos.biz
4161,Jay,Arias,"Francis, Leonard and Dillon",378-707-0566x57206,kgalloway@haynes-skinner.com
4162,Danielle,Mcbride,"Hays, Ward and Huffman",+1-161-068-1953x14267,meaganpineda@carlson-calderon.biz
4163,Tasha,Lucero,Torres-Whitaker,089.808.8881x2643,preston37@campbell-cunningham.com
4164,Janet,Cunningham,Holder Ltd,287-878-1624,gomezmichaela@raymond.com
4165,Jeff,Hall,Yates Inc,207.975.8515x18474,holly82@andrews.com
4166,Evan,Willis,Robertson Group,+1-968-113-7344x108,regina02@lutz-lowery.com
4167,Drew,Crane,Sawyer and Sons,3566371811,kristenmurillo@serrano.com
4168,Willie,Cobb,Baker and Sons,001-679-544-5482x07009,thomascox@anthony-webster.com
4169,Judith,Tate,"Hooper, Wu and Ramos",022-290-9533,sheryldiaz@thomas-fisher.com
4170,Amber,Snow,Gilbert-Swanson,6444669532,boyerjohnathan@morse.info
4171,Nathaniel,Frazier,Moore-Small,+1-456-524-6392x566,marcia97@mcfarland-moore.com
4172,Hunter,Dillon,Kemp Ltd,3110166134,diaztara@knapp-michael.biz
4173,Wesley,Reid,Oconnell Group,314-973-4524x869,cassidy32@wells.com
4174,Robert,Espinoza,"Carr, Cobb and Melendez",001-261-868-1207x454,shirley59@sparks-waller.com
4175,Adam,Simpson,Simpson LLC,720-965-2086x8830,jessicarivas@rasmussen-flynn.com
4176,Kaitlin,Andrews,Miller Group,(663)576-4966x992,corypayne@conway.net
4177,Danielle,Rocha,Flores-Scott,+1-078-800-5568x2810,raybrandt@meyer.info
4178,Faith,Bradley,Knapp-Riley,668.755.3655,kaylanelson@lucas.com
4179,Travis,Estes,Durham-Lamb,(301)417-6480x626,martinweber@berry.biz
4180,Kerri,Gomez,Adams Ltd,367.622.2446x93124,cbaker@george-mullins.com
4181,Leon,Vega,Parsons Inc,001-202-559-2980x597,mckenziewinters@marshall.org
4182,Ruth,Ward,Mendoza Inc,353.686.7557x32460,jamie79@dalton-byrd.com
4183,Duane,Pierce,Cooke Group,001-883-608-5731x81952,mstanton@hines-weeks.com
4184,Christian,Tran,"Jordan, David and Huff",001-128-187-7274x597,makayla49@branch.net
4185,Isabel,Mercado,"Daniels, Brown and Chen",001-493-878-3213x96767,gwendolyn12@stevenson.org
4186,Darin,Morris,"Raymond, Martin and Cordova",001-506-725-0139x6153,alishasalazar@kent.info
4187,Brendan,Davies,"Vazquez, Reilly and Costa",784-388-3248,keithhaley@hays.com
4188,Max,Garrison,Maxwell-Warren,171.653.5756,grayelizabeth@fernandez.com
4189,Arthur,Hartman,Long PLC,(896)579-6572x13914,dunnjohnny@pearson.com
4190,Krista,Mcmahon,Schroeder PLC,+1-384-017-1134x6171,leonardterry@mclaughlin-ayers.com
4191,Wendy,Farmer,"Robinson, Robertson and Chandler",(521)398-3355,anitaortega@mcneil.net
4192,Rose,Walters,"Moses, Griffith and Sloan",+1-691-935-7195x3163,jeffrice@mcmillan.com
4193,Collin,Foley,Harvey PLC,537-680-9558x80246,pollardmallory@prince.com
4194,Luis,Cunningham,Reeves-Burns,153-300-0875x64055,pamela03@barr.info
4195,Carl,Olson,"Arnold, Price and Shaw",001-965-734-8068,ewingjaime@erickson.com
4196,Virginia,Ball,"Copeland, Montgomery and Ware",031.395.5571x4612,zlara@koch-fields.net
4197,Roberta,Boyer,Steele-Ramirez,641-612-1038,fernandowalters@ellis.com
4198,Judy,Frederick,"Cohen, Hoover and Tapia",+1-536-175-6527x1610,zgarner@kennedy-key.com
4199,Sydney,Yates,Sharp-Ball,(114)723-7389x4250,sawyercarl@gibson.com
4200,Ruth,Hahn,"French, Bradley and Rodriguez",(485)160-2080x02024,tony63@murillo-bass.com
4201,Wanda,Harrington,Ellis-Hinton,756.373.8446x85575,hardinglawrence@howe.biz
4202,Marilyn,Lin,"Davies, Cochran and Hopkins",652-162-9875,patricialevy@strong.net
4203,Jim,Gibbs,Porter-Sweeney,2950694934,ekey@bolton-summers.com
4204,Bonnie,Beltran,Hale LLC,026.300.9604x49372,joneslauren@cameron-hensley.com
4205,Jo,Green,"Bates, Kirby and Farrell",1840180566,wnavarro@andersen.com
4206,Vincent,Noble,Cowan LLC,(560)596-3970,oburnett@sellers.com
4207,Pam,Burton,"Ware, Grimes and Hamilton",512-279-3608x02985,mitchellshort@bartlett.com
4208,Samantha,Dudley,Bean and Sons,(312)860-3868,jerry33@daniels.com
4209,Roberta,Blake,"Novak, Savage and Hancock",001-784-624-6421x979,cheyennewood@mccarthy.com
4210,Allison,Vargas,Williamson-Kramer,+1-117-559-1913x95970,barrettsierra@nguyen.com
4211,Breanna,Duffy,Daniel-Ford,-7204,alishawoodward@osborn.biz
4212,Walter,Kemp,Hanson-Randall,547.680.7630,newtonemma@hendricks.com
4213,Kim,Bridges,"Caldwell, Wilkinson and Schneider",555058411,bherrera@cruz.com
4214,Brent,Nunez,Tanner Ltd,(811)626-2151x3994,belindabenitez@camacho-small.info
4215,Maria,Mayer,Mckinney-Humphrey,+1-437-477-6649x4282,michelecarney@norris.biz
4216,Kerri,Jefferson,Rojas-Huerta,(281)304-6829,parkermullins@riley-perkins.com
4217,Chloe,Hayes,"Glass, French and Marshall",098.220.8579x396,wcummings@robinson.com
4218,Bernard,Pope,Whitney PLC,4830563981,melendezemma@richardson-wagner.net
4219,Gavin,Barry,"Bright, Foster and Mitchell",-5534,gmiles@mccarty-burgess.com
4220,Roger,Peck,"Weber, Adkins and Zavala",260-888-8420,xnash@norton.com
4221,Leah,Shields,Sullivan-Luna,612.064.5693x805,laurieleblanc@floyd.com
4222,Casey,Schultz,Heath PLC,(713)120-3469x5609,debrahenry@cordova-soto.biz
4223,Traci,Hendrix,"Matthews, Medina and Fowler",(539)846-0835,osanders@trevino-mora.com
4224,Frances,Figueroa,Riggs-Noble,(180)531-2242x371,michaelteresa@wheeler-patel.com
4225,Tony,Huang,Abbott-Pena,884.384.2903x23861,michele72@garrett.org
4226,Tony,Bates,"Burgess, Dunlap and Browning",656-126-7518x99527,jamesyvette@raymond.org
4227,Maurice,Vasquez,Hull-Harding,001-925-480-9980,walkerbobby@chandler.com
4228,Shawn,Cervantes,"Blankenship, Mcdowell and Hayden",(921)701-6557,heidi97@morgan.com
4229,Clayton,Drake,Brooks-Miles,802-382-3503x864,allisongeorge@barrera.net
4230,Benjamin,Christian,"Matthews, Garner and Wong",(157)008-4225,joycesalas@simmons.com
4231,Meredith,Fisher,Maynard PLC,091-207-9090x35358,ehorton@marshall-crawford.org
4232,Ariel,Strong,Greene Inc,001-035-155-2745x62648,tara21@payne-kerr.com
4233,Taylor,Ritter,"Perkins, Hawkins and Lawson",7982052004,xnorris@david.com
4234,Perry,Armstrong,Moss Ltd,(307)657-3746x9076,garrettmiguel@schroeder-moon.org
4235,Ariel,Williamson,Chan Ltd,-3372,edgar76@garrison.com
4236,Traci,Higgins,Nielsen-Cain,001-766-796-9916x752,pittsstacy@gillespie-holt.org
4237,Mark,Hendricks,"Horton, Sanders and Matthews",001-892-084-0399x83092,reginald38@orozco-hahn.com
4238,Shawn,Palmer,Mccormick-Robles,+1-294-997-2987x085,russelltami@bradshaw-palmer.com
4239,Valerie,Aguilar,Browning and Sons,001-736-558-6154x1927,mackenziegrant@sharp.com
4240,Glen,Juarez,Vasquez LLC,-7908,williamshort@benson.com
4241,Beverly,Raymond,Yu-Cross,478.485.0554,yali@willis-flynn.com
4242,Joyce,Ramirez,Townsend-Christian,822.646.7809x85533,summermelendez@conway.biz
4243,Randy,Velez,Bright Group,660.669.0549x54895,kendra58@levine-pittman.com
4244,Allen,Moore,Barnett-Carpenter,+1-613-435-1063x9334,tara91@lynch.com
4245,Lonnie,Holt,"Travis, Burnett and Bowen",812708863,jacksonnicholson@casey-fritz.com
4246,Marc,Rasmussen,Kent-Pineda,+1-127-059-9660x326,alexsharp@bonilla-carpenter.org
4247,Amber,Simon,Lynch-Wilcox,855.449.4884x5481,mitchellvernon@wilkins.org
4248,Paul,Harrington,"Vaughn, Nicholson and Ochoa",+1-306-019-0900x7496,sandymorse@cummings.com
4249,Alice,Cardenas,Stein and Sons,462-542-7846x5177,jacobsamy@buck.com
4250,Erik,Gill,Houston-Herrera,-7779,edunn@mckinney-bell.com
4251,Henry,Bradshaw,Ward-Fleming,+1-701-837-8006x62643,zavalakirsten@chase.com
4252,Kiara,Christensen,Beard PLC,676-041-0946x006,mallory30@montes.biz
4253,Kristen,Singleton,"Edwards, Andersen and Richards",001-748-587-9872x92384,hwhite@morton-marks.com
4254,Jane,Dougherty,"Gross, Maxwell and Maldonado",(236)699-9758x64133,spencergavin@bell.net
4255,Mary,Ramos,Fuentes-Holder,(821)676-5634x807,johnstonkerri@cisneros.info
4256,Curtis,Cline,Rios LLC,748-254-0082x413,agamble@ochoa-davidson.net
4257,Terry,Frederick,"Larson, Jordan and Garcia",157.490.8624x26827,andersonangie@hickman.com
4258,Tony,Jackson,"Ingram, Gray and Rich",3252201649,maynardsean@shepard.com
4259,Kayla,Dickerson,"Taylor, Mcpherson and Berg",(994)964-1383,emma64@nolan.com
4260,Albert,Hendrix,Mayo-Hamilton,711.358.3997x363,aellison@calderon.com
4261,Jasmine,Wright,Davies-Gilbert,(940)069-3200x0402,dominicbooth@savage.net
4262,Franklin,Sharp,"Yang, Butler and Stevenson",001-041-648-1389x081,lblake@vargas-bailey.com
4263,Preston,Adams,"Oconnor, Brown and Nash",7566662510,kirstenberger@strong-wallace.com
4264,Hailey,Frost,Daniels-Combs,001-016-296-5366,arichard@espinoza-spears.com
4265,Elijah,Lester,Bernard-Mosley,-9312,kwagner@mays-fox.com
4266,Joanna,Steele,Allen-Gibson,-7394,norman70@cummings.com
4267,Beverly,Raymond,Huffman Inc,001-375-525-2354x19032,dorothy01@moore-griffin.com
4268,Marcus,Houston,Hampton-Hatfield,436.052.5021,pam03@sosa-fisher.biz
4269,Vicki,Curtis,"Peck, Delgado and Velasquez",(700)026-9178x03481,jjohnston@crane-galloway.com
4270,Cassie,Rojas,Curry-Scott,(782)939-5324x29582,qvelasquez@moyer.com
4271,Cassie,Barnett,Rivas PLC,001-096-769-8732x8053,uzimmerman@chang-levy.info
4272,Rachel,Stone,"Morse, Chavez and Watkins",001-624-304-0521,dawnhopkins@deleon.com
4273,Yvette,Stephens,Ali-Gill,001-294-638-4800x771,morrisemily@brandt-myers.com
4274,Michelle,Atkins,English-Cooley,467-071-2561,pagemanuel@mercado-dudley.com
4275,Micheal,Hester,Vargas-Andersen,001-522-639-1149x7090,rosshinton@carey.biz
4276,Rachel,Mcpherson,Young Ltd,+1-940-556-9139x933,dave93@harmon.biz
4277,Tom,Bailey,King Inc,681-977-1685,eduardo39@bass.com
4278,Loretta,Riggs,Jensen Inc,473.493.9985x998,kelseywatkins@gillespie-prince.info
4279,Candice,Spencer,Norman-Peck,-7640,jack19@vasquez.org
4280,Philip,Lutz,Sweeney LLC,716-188-3432x44057,carol28@ross-jensen.com
4281,Austin,Barnett,"Mccarty, Briggs and Gordon",723-374-5732x92249,sloankatherine@montgomery-norris.net
4282,Sandra,Wu,Thornton-Lyons,860.527.5655,fwoodward@cook.org
4283,Levi,Weaver,"Johnston, Sanford and Wilson",+1-585-996-0335x17291,trevinobrooke@black-freeman.com
4284,Barbara,Duke,Mayer PLC,+1-603-025-9942x6515,krivas@eaton-stanton.com
4285,Daniel,Mann,Cunningham and Sons,(920)339-3917x833,rosehodge@middleton-garrison.com
4286,Jocelyn,Webb,Travis and Sons,6528480194,dakota29@gates-baxter.com
4287,Meagan,Mckay,Pitts-Soto,+1-896-373-2746x4963,nlutz@clarke-kane.info
4288,Jasmin,Burke,"Murray, Lane and Perez",(950)446-2339x2069,mercedes09@todd-acevedo.com
4289,Kenneth,Parker,"Adkins, Jacobs and Gross",+1-469-661-7855x681,bruce70@park.info
4290,Martha,Mathews,Klein-Pace,139-565-0798x048,stacey69@barron-hughes.com
4291,Yvonne,Wise,Peck-Nguyen,909-324-9560,allisondouglas@marsh-flowers.info
4292,Kristen,Singh,Riddle-Bautista,001-102-883-6491x43981,daltonsheri@aguilar.com
4293,Alyssa,Knight,Leach-Gamble,(657)878-3639,ceverett@gamble-faulkner.com
4294,Kathryn,Walters,Stone-Obrien,(683)928-6127,obarajas@gates.net
4295,Sarah,Duffy,Blankenship Ltd,757.561.7313x7076,sdalton@summers-orr.com
4296,Drew,Scott,Jennings Ltd,(822)827-1459,douglasmurphy@huffman-carney.com
4297,Misty,Calhoun,Bauer-Jones,(939)577-8179x1544,corozco@davenport.biz
4298,Misty,Glover,"Boone, Scott and Chavez",001-125-492-5494x48521,frostmallory@walters.com
4299,Patricia,Wise,Wall-Khan,973-818-8867,sheri69@blanchard-burton.com
4300,Isabel,Fowler,"Stevens, Velez and Rivera",(041)095-5856x8094,zoeferguson@murray-patrick.net
4301,Yvette,Blake,Waters and Sons,+1-649-525-0885x3863,russotracy@benson-hodge.com
4302,Ariel,Fry,Edwards and Sons,954.874.3651,dmccoy@henson-hahn.com
4303,Bob,Nunez,Fox-Hodge,+1-255-741-7308x51133,hmcgrath@michael-schultz.com
4304,Jonathon,Kerr,Giles-Sanchez,162155948,tcurry@mathis.biz
4305,Jared,Franklin,Watts Ltd,001-620-454-0090x77659,onealrodney@ross.com
4306,Carl,Cuevas,Hodges PLC,(295)433-5649,wujackie@vaughn-cowan.net
4307,Diamond,Owen,Caldwell Inc,(692)027-0044x169,leonarddixon@hudson.com
4308,Gregg,Harrison,Lyons-Malone,001-110-660-9582x4357,nballard@dyer.com
4309,Wyatt,Gonzalez,Thompson-Baker,(338)064-7257x8644,tommyhaas@holmes.biz
4310,Brandon,Bond,Stanley and Sons,001-222-339-5247x629,julie68@yates-roberts.com
4311,Gina,Barber,Meadows Inc,969-954-8610x0061,doylegarrett@salas.org
4312,Vanessa,Lawson,"West, Clements and Lucas",(603)965-5192x8556,orogers@wyatt-middleton.info
4313,Jake,Simpson,"Rosales, Mccullough and Abbott",001-301-006-2406x86392,salasriley@cordova-mcconnell.info
4314,Shane,Francis,"Valentine, Peterson and Costa",001-008-596-7689x5580,basshenry@brandt.com
4315,Jesse,Mcfarland,"Kane, Francis and Chase",(482)597-6687x3331,jacob86@kemp.com
4316,Kendra,Nixon,Hanna-Simpson,(805)153-6547x509,bryan51@espinoza.com
4317,Diane,Freeman,David-Chen,498-840-2599x45674,fstokes@paul-cooper.com
4318,Kristie,Barnes,Singh-Gould,001-283-756-0086x584,cindyjackson@cowan.com
4319,Ricardo,Nolan,Sexton-Walls,146.115.1909,tammyglass@rosales-waller.biz
4320,Norma,Sparks,Randall PLC,010.353.2649x5807,paige89@bryan-andrade.org
4321,Sheryl,Osborn,Santana Inc,001-123-344-9288x48231,ocruz@mcguire-kennedy.org
4322,Leah,Flynn,Blankenship-Fox,908.086.0859,nathanielhansen@massey.com
4323,Todd,Mullins,Cain and Sons,2547043138,ellen45@coleman-monroe.org
4324,Emily,Yang,Richards Ltd,924.290.7172,pwhitney@sharp-powell.net
4325,Garrett,Rosario,Sims PLC,832.823.9270x8547,gcastillo@cherry.com
4326,Tim,Turner,Chandler-Parrish,989.273.3636x21062,savageapril@david-martinez.biz
4327,Candice,Atkinson,Gillespie Group,435.283.7163x97137,durhamrickey@parrish.org
4328,Tammy,Bright,"Kim, Harris and Cross",001-916-253-7669,rickeymadden@camacho.com
4329,Alisha,Daniel,Boyle-Garcia,790-035-9112,rlyons@fuentes-rhodes.com
4330,Rhonda,Gill,Powers-Brandt,533-755-6685,bholden@howard.org
4331,Cheryl,Briggs,"Wiley, Lee and Hensley",001-533-663-2358,melody85@phillips.org
4332,Marissa,Shields,"Horn, Abbott and Pham",001-359-554-0498x5635,maria42@howell.com
4333,Kathryn,Coleman,Archer LLC,001-431-466-2727x17274,terrilozano@brown.info
4334,Loretta,Walls,Moody Group,001-879-209-1531x48719,mccoydeborah@simpson.net
4335,Shannon,Jenkins,Vang Group,(437)767-0545,vancelori@mcdowell-gray.org
4336,David,Benson,Brock-Yates,229-353-1835,nicole73@dickerson-krause.com
4337,Priscilla,Steele,Ball-Branch,(719)826-3672x782,clarence81@herman.com
4338,Caroline,Jensen,Dougherty LLC,(757)847-7395x7696,faith58@arellano.net
4339,Martin,Duncan,Paul-Navarro,001-726-143-8577x239,vwalsh@tanner.com
4340,Jamie,Mathis,Evans Group,121.980.8697,juanroy@leblanc-zhang.biz
4341,Debbie,Hoffman,Mclean-Hayden,327-559-1875x91548,pcampos@spence-johnson.com
4342,Brian,Chandler,Rose LLC,452.118.2002x191,smercado@watkins.org
4343,Mitchell,Quinn,Mayer-Mays,(303)658-2688,mccarthyzachary@kelly.com
4344,Andres,Mcdonald,Woodward PLC,(650)325-6982,ruben33@lamb.com
4345,Steve,Lozano,Woods PLC,440-629-1549,yschneider@silva.com
4346,Chloe,Sanford,"Ortiz, Cummings and Mason",75980914,jle@soto.com
4347,Xavier,Stanton,Singleton PLC,+1-964-303-7859x5992,waynejacobson@kidd-terry.org
4348,Anita,Howe,Key-Howard,820-002-2359x068,philipknight@grant.com
4349,Linda,Gilmore,"Gonzalez, Brennan and Pugh",001-515-200-0285x187,tracey12@pratt.com
4350,Dillon,Dudley,Michael-Cole,001-738-481-4980,ellen15@chambers-combs.com
4351,Amy,Frank,"Barr, Frank and Richard",(659)729-7552,courtneychang@heath-haynes.biz
4352,Melinda,Schaefer,"Wilkinson, Matthews and Sparks",001-996-020-8027x04528,stacy46@pham.biz
4353,Cory,Sosa,"Le, Carlson and Horton",+1-065-226-3481x88359,brocha@cantu.biz
4354,Alex,Hayes,Douglas-Chandler,246.761.7495x53654,karl21@mccarty-willis.info
4355,Kenneth,Reid,Dawson-Herrera,359.174.2570,paula22@nielsen.com
4356,Tanner,Vang,Patterson Group,001-431-103-3813,alishadickson@shaw.com
4357,Leslie,Richards,"Kim, Kelly and Freeman",436-977-0122,cameron42@gamble.net
4358,Howard,Noble,Jensen Ltd,688-301-2592,ckrueger@manning.org
4359,Carl,Avila,Ortega Group,(855)559-8654x7472,terri66@ortega-york.info
4360,Timothy,Fletcher,Underwood-Schmitt,(689)382-1369x83146,wandadecker@montes.info
4361,Jonathon,Santiago,"Frey, Cummings and Sexton",+1-416-628-4269x39406,danielle35@rich.com
4362,Sarah,Mccall,Dominguez-Coleman,643-972-5976x6490,ericchase@hudson-schmidt.com
4363,Mikayla,Hanna,Hill-Richard,384.451.8292,vwong@love-matthews.org
4364,Jenna,Cisneros,Bolton-Cannon,001-548-270-7243x1543,alexandria01@cain.com
4365,Anne,Quinn,"Silva, Watts and Pitts",001-701-644-2601x20012,orichardson@mayer.biz
4366,Fernando,Giles,Strong-Silva,584-201-1968x88508,jillfoley@madden-malone.org
4367,Latasha,Wilson,"Moody, Velasquez and Christian",753-846-2380x15374,tberry@stein.info
4368,Ryan,Huang,"Navarro, Flynn and Byrd",(475)621-3585x98896,lacey91@bradford-stanton.net
4369,Monica,Tucker,Dillon Ltd,(236)597-4068x78812,bentleycasey@reese.net
4370,Jackson,Cobb,"Curtis, Peterson and Ho",(832)103-2287x664,jeffreyvalenzuela@ross.org
4371,Joseph,James,"Thornton, Hansen and Gregory",+1-550-667-4073x54189,hayden57@shaw.org
4372,Ryan,Murillo,Gay LLC,(975)873-8240,spencejoshua@short-kelley.info
4373,Cassidy,Hubbard,Robinson Ltd,800-277-9550x374,ulindsey@wiley.com
4374,Kelsey,Rose,Carroll-Fowler,897.051.3840x99400,craigbauer@giles.com
4375,Diane,Barnett,"Terrell, Meadows and Sandoval",001-201-325-8499x95357,marcford@hurley-grimes.biz
4376,Suzanne,Mercer,"Kaufman, Reilly and Keller",6122510006,gabrielacowan@dudley.biz
4377,Willie,Morales,Wu Ltd,620-810-9894x2242,judithhogan@mahoney.net
4378,Shelby,Davies,"Yates, Haynes and Owens",(148)971-7249,rubenwatson@berry.biz
4379,Patrick,Moses,Hatfield-Herring,596-915-5324x6921,rschmitt@terry.com
4380,Grant,Shea,"Buck, Wong and Duncan",001-928-562-0609x070,vangcorey@hines-murphy.com
4381,Leslie,Nolan,Calhoun LLC,8622878407,knightmario@murillo.org
4382,Jennifer,Marquez,Nicholson-Rowland,935-496-6952,robersoncurtis@huynh-blankenship.com
4383,Malik,Orozco,Richard-Cochran,494-882-4525,ashleehickman@norris.com
4384,Annette,Dunlap,"Santiago, Hess and Nelson",(397)125-9150,cathymiranda@welch.biz
4385,Peter,Ortega,"Coffey, Thompson and Wilcox",001-570-672-4534,austin89@woods.com
4386,Stephen,Tucker,Christian Ltd,001-964-055-1729,umoreno@wilkerson.com
4387,Jill,Escobar,"Macias, Campbell and Hayes",234-782-9362,yvonne19@chung.biz
4388,Mary,Stein,Henderson-Duran,+1-119-575-2988x057,odunn@haley.com
4389,Sandy,Vazquez,"Espinoza, Moreno and Hensley",001-619-199-1457,yesenia80@combs-joseph.biz
4390,Tami,Humphrey,Galvan Group,606.900.4573x68692,sstafford@hobbs.biz
4391,Kristie,Maldonado,Anderson-Carpenter,(648)591-6944x395,branchmakayla@russell-greene.info
4392,Tony,Rivera,Dixon Inc,275-051-9805x25234,darylmcmillan@marsh.org
4393,Thomas,Johnson,Callahan-Blake,(638)197-2824x5483,tdixon@ingram-benjamin.com
4394,Julia,Bradford,"Hodges, Whitehead and Hobbs",001-458-732-7019x0126,conneraaron@villegas-herring.com
4395,Jennifer,Sherman,Barton Group,046-074-2754x6836,trevor59@mooney-clements.info
4396,Lisa,Ortega,Werner-Diaz,147.840.2780x9080,sonyadodson@bentley.org
4397,Misty,Strong,"Riley, Klein and Farmer",+1-773-759-8734x3331,shari56@bell.org
4398,Breanna,Frey,Pollard-Ruiz,030.064.6850x599,april52@martin.com
4399,Leonard,Glover,Lloyd LLC,+1-031-520-3709x9130,cole79@dillon-braun.net
4400,Becky,Oneill,Proctor-Huber,001-809-506-8445x410,vmcpherson@garcia-benitez.com
4401,Isabel,Martin,Rodriguez-Travis,671-760-1227x78919,bairdpeggy@barajas-cook.biz
4402,Alejandra,Stanton,Frazier Ltd,+1-887-004-4129x963,peckandre@aguirre.com
4403,Jillian,Joseph,Barry-Mckenzie,140.794.9497,jilliangreene@bolton.com
4404,Kaitlyn,Pearson,Griffith LLC,001-603-694-1946x184,alexanderduran@woods.info
4405,Martin,Roman,"Scott, Brennan and Morris",(018)085-0587,cameronmason@mcmahon.com
4406,Tony,Thompson,"Johns, Willis and Fischer",417.497.6699,wayne87@owens.com
4407,Margaret,Nichols,Rodriguez and Sons,(075)380-4085x7286,bestdamon@bryant-nguyen.com
4408,Sandra,Roman,Reyes LLC,350-270-8647,zimmermansue@kennedy-nolan.com
4409,Clifford,Duffy,Cooper and Sons,861483008,priscillamoon@nash.com
4410,Melissa,Newton,Zhang and Sons,200-172-7254x6513,bobwood@terry-travis.com
4411,Danielle,Freeman,Hopkins-Donovan,217.967.7767x34454,darlene43@lin-lambert.com
4412,Summer,Kemp,Hensley Ltd,+1-674-987-7314x70770,rhondaholder@mccormick-carter.com
4413,Alisha,Knight,"Byrd, Bradshaw and Ramirez",618-767-8778x2880,xparker@robbins.info
4414,Traci,Lloyd,"Walters, Foster and Roberson",-4633,webbfrancis@park.com
4415,Debra,Dudley,Mayer-Dillon,-7702,michaelacantu@erickson.biz
4416,Wesley,Hart,Pearson-Soto,807.726.1331,deborah77@mendoza-fernandez.info
4417,Kristy,Salas,Owen Group,(458)666-2004x550,chrishays@fisher-yates.com
4418,Antonio,Peterson,Crane-Gardner,+1-228-079-7986x740,nichole14@marquez-herring.com
4419,Kylie,Banks,Ashley PLC,275-774-9527x8700,abullock@weber-nunez.com
4420,Sara,Archer,"Calderon, Cross and Estrada",226-502-1980,anthony47@mcclain.com
4421,Denise,Lee,"Mercado, Osborn and Byrd",3523072456,hatfieldpriscilla@zavala.info
4422,Stefanie,Snyder,Johnston and Sons,607.403.6158x486,terrence31@mcbride-burns.com
4423,April,Gonzales,"Guerrero, Doyle and Khan",193-687-6250x05644,tammie99@horton-wise.net
4424,Mason,Bates,"Cannon, Cantu and Farrell",495.443.9027,omoses@lindsey.com
4425,Miranda,Ferrell,Munoz Inc,387-493-1965,kingmichelle@carter.com
4426,Loretta,Dixon,Bishop-Eaton,+1-606-368-1789x195,gabriel77@dennis-archer.net
4427,Maria,Riddle,"Rush, Sparks and Kennedy",194.943.5497,clarencerandolph@nunez.com
4428,Cheyenne,Hall,Murphy-Mckee,554.847.1278,moralespaige@hebert.org
4429,Isaiah,Jenkins,Page PLC,320-367-5716x4856,petersjoy@beasley-cuevas.net
4430,Debra,Silva,Murray and Sons,+1-897-414-0996x104,katherine35@schroeder.com
4431,Brittney,Wheeler,"Blackburn, Craig and Velazquez",483.226.3150x32623,glenda53@ortega.com
4432,Tina,Hood,Benton-Ferguson,9170749340,daryl70@rodgers.com
4433,Vickie,Williamson,Bell LLC,7986205656,toddbuchanan@cruz.com
4434,Vicki,Farmer,"Flynn, Tanner and Reid",328.212.9810,alexandria48@sims.com
4435,Harold,Greer,Robertson and Sons,001-301-0925x28554,belindamoses@rubio.info
4436,David,Stephens,"Acosta, Santiago and Newman",+1-965-357-7162x27711,jaime60@keller.org
4437,Dustin,Velasquez,Pace-Melendez,-1355,smalone@greer.net
4438,Cory,Mckinney,"Fletcher, Hale and Shannon",1697545879,sara92@stevens.com
4439,Angela,Fields,Werner LLC,346.738.3069x05079,crosbysheena@kline.com
4440,Tammie,Larson,Lloyd-Moon,315.352.3697,daniellebernard@mccormick-flynn.biz
4441,Kevin,Proctor,"Bray, Frederick and Holt",727.213.2667x207,robynramos@rivera-steele.com
4442,Loretta,Powell,"Norton, Phelps and Mckee",815-835-7979,jacquelineschaefer@blackburn.com
4443,Trevor,Phelps,"Blevins, Holloway and Sanchez",001-718-370-2114,bradlivingston@durham.com
4444,Yolanda,Travis,"Roman, Rojas and Long",001-620-581-7718x8706,sharpcristian@mckee.com
4445,Mark,Daniels,Hughes-Potts,135.780.0334,soniaflores@owen-logan.com
4446,Bailey,Dodson,Mason Ltd,-5824,jfleming@lucas.com
4447,Victor,Lindsey,Lowery PLC,302-662-4012,santosdamon@house.biz
4448,Priscilla,Molina,Ramirez-Medina,8352859646,ekennedy@conway.com
4449,Jeanette,May,Salas Ltd,759.311.1048,kristi50@washington-benitez.com
4450,Martin,Francis,Howe PLC,(307)041-3028x6971,sheaalyssa@huber-hart.biz
4451,Cameron,Duke,Stephens-Cunningham,(353)324-2876x437,wtate@patterson.com
4452,Omar,Kelly,"Brock, Rosales and Todd",-4651,mercadokatrina@weiss.org
4453,Joanna,Mercado,Wang-Rios,530-940-3896x3661,ojennings@wong-hampton.com
4454,Jamie,Shepard,Ellis PLC,196.969.9859,iankaiser@peck.com
4455,Sue,Aguirre,Kemp-Parks,(534)102-5213,jeremywest@martin.net
4456,Theresa,Fuller,Mccarty Ltd,+1-455-686-3627x19318,aandrews@cowan.com
4457,Jennifer,Hill,"Moreno, Cook and Hendricks",287.653.4069,devon49@gallegos.com
4458,Sandra,Espinoza,Hutchinson-Wilkins,001-770-406-3863x760,shawna98@lopez-mccullough.com
4459,Herbert,Walters,"Huber, Miles and Mcconnell",(911)965-0929x5709,pughrandall@velazquez.org
4460,Jonathon,Glover,Kelley PLC,063.375.9723x160,treeves@cervantes-houston.com
4461,Martin,Mooney,Baker PLC,-3759,rogerbrewer@gregory.com
4462,Rachel,Simon,Mcclure PLC,+1-907-800-0490x91205,bmack@hatfield.com
4463,Larry,Gentry,"Everett, Shepherd and Brown",001-956-139-9094x7437,kharper@moreno-holmes.com
4464,Jenny,Young,Daugherty-Haynes,734.260.7724,pbrown@dyer-swanson.biz
4465,Collin,Osborn,Wilcox-Mason,(470)831-2228x69802,maryhaynes@barnes-glenn.com
4466,Kylie,Frey,Clayton Inc,937-935-5097x534,monroehelen@harrell-carey.com
4467,Dominique,Atkinson,"Schneider, Christian and Johns",+1-467-667-1129x020,adrian30@beasley.com
4468,Daniel,Gillespie,Fleming Ltd,772.847.0160,ericaguirre@buck-kelly.info
4469,Gwendolyn,Lutz,Schmidt Ltd,195-867-1828,richardfarley@bender-sloan.com
4470,Oscar,Huffman,Mays-Arellano,290-179-4737,phelpsblake@sutton.biz
4471,Kirk,Travis,"Watson, Tucker and Flowers",001-151-733-7625x84072,butlersean@hurley.net
4472,Tabitha,Kidd,"Barber, Castaneda and Nguyen",686.653.5144x0310,lindsay21@reed-mendoza.com
4473,Alisha,Goodwin,Griffin LLC,009-546-1023x23259,whitakermolly@nelson-burton.biz
4474,Julie,Wise,Skinner-Roberson,2797603677,dzuniga@donaldson.org
4475,Jean,Kramer,Meadows-Mueller,440.329.6398x8050,kellieriggs@shannon-stephens.com
4476,Stacy,Frank,"Marshall, Brady and Garrison",(148)390-8661,jenny76@owens.org
4477,Rickey,Mack,Combs-Parker,001-857-665-4588x10549,gallagherdenise@anthony-daniel.com
4478,Isabella,Parker,"Carroll, Nixon and Roach",141-204-7488,pgoodman@hart.com
4479,Justin,Clarke,"Sandoval, Simpson and Lawson",048.629.6502,yangcaitlin@franklin.com
4480,Darren,Stephens,Bowen-Lucas,9961663453,gilbert19@curry-cruz.com
4481,Jenna,Robinson,Pittman and Sons,(856)018-6782x3115,treed@donovan-knox.com
4482,Janice,Hart,"Mcconnell, Buckley and Hawkins",(991)324-1380x56561,howardvictoria@blake-sandoval.com
4483,Martin,Stokes,Montes-Bowen,211.353.9768,wukerri@cole.com
4484,Gwendolyn,Kennedy,Gonzalez-Shaffer,432.746.8259,angelica06@woodward.com
4485,Brandon,Porter,Dalton Ltd,001-817-218-2513x42503,dennis26@mathews.com
4486,Tammy,Ferrell,Ramirez PLC,(855)215-6526x640,stacy00@bernard.com
4487,Melanie,Gallagher,Simon LLC,(046)532-8519,todd71@hensley.com
4488,Peggy,Gallegos,Horton PLC,+1-072-672-6856x56246,mariomeza@alvarado-horn.com
4489,Ana,Joseph,"Gibbs, Farmer and Cooke",179-523-6154x458,heatherfranklin@cameron-chaney.com
4490,Harry,Jimenez,Reese Group,599-481-0198,oestes@alvarado.com
4491,Tammie,Tanner,Burgess-Franco,426-508-8846,loretta51@cook.info
4492,Grant,Rosales,Moon Ltd,8066999004,ichase@griffin.com
4493,Carl,Michael,Gordon LLC,7000347398,luiswelch@pugh.com
4494,Bernard,Walls,Knox LLC,-5579,darryl31@mendez.com
4495,Tiffany,Marquez,Delacruz LLC,916.283.8999x647,adrienne07@choi.com
4496,Joann,Delgado,Lutz LLC,714.843.5914x616,thoover@acevedo.info
4497,Brett,Goodwin,Ponce PLC,628-129-6530,dalton92@lopez.com
4498,Mariah,Prince,Sexton-Norton,001-317-108-3296x077,riverabrad@hurst.com
4499,Sophia,Hopkins,Lloyd-Chapman,5751250542,wwarner@hanson.info
4500,Joy,Greer,Cortez-Mullen,779.757.2983,spencebianca@simmons-wagner.net
4501,Alexander,Craig,Mcgrath LLC,9984768790,dhendricks@cameron.info
4502,Joanne,Orozco,Mcconnell and Sons,870.485.2365x6794,csantana@stein.com
4503,Ricky,Baird,Cole-Cruz,888-745-0654,virginiawalton@brandt.net
4504,Howard,Dudley,"Garner, Randolph and Koch",199-975-6348,schwartzkathryn@maldonado.net
4505,Tom,Gray,Douglas PLC,487-609-3455,vhuffman@odonnell.com
4506,Kristy,Douglas,"Dorsey, Franco and Duncan",7783438775,mark77@simpson.com
4507,Samantha,Whitehead,"Shelton, Booker and Morales",283.215.7200x7282,ericksonmakayla@acosta.org
4508,Dan,Duffy,Noble Group,(198)059-3093x943,sesparza@mendoza-vazquez.com
4509,Kayla,Pineda,Mccarthy-Tran,148-988-3788x6603,maryblackburn@zamora-duffy.info
4510,Nichole,Shaw,"Dickson, Leblanc and Curry",001-528-246-9147,glen76@hoover-coffey.biz
4511,Bradley,Richardson,"Duarte, Lucero and Henson",451-038-7639x31725,caseymcbride@nixon.biz
4512,Veronica,Ochoa,Sherman Inc,001-615-714-4681x981,ashlee09@knight.com
4513,Norma,Wilkerson,"Mathews, Ayala and Monroe",(251)270-4847,shaun29@kim.com
4514,Amber,Thomas,"Austin, Mullins and Page",158.904.8372,sheri45@little.org
4515,Jon,Baird,"Frey, Frye and Cabrera",892.421.5658x4312,aguilarkristine@keller.com
4516,Emily,Rosario,"Reed, Pitts and Rodriguez",171.481.2122x3808,samuel93@cantu.net
4517,Preston,Jenkins,"Wong, Kane and Bauer",797-289-9882,derek13@roy.com
4518,Sheila,Gilbert,Donaldson PLC,+1-098-526-7418x55599,davidsonmichelle@rowe-cantu.net
4519,Noah,Hawkins,Ruiz-Clements,780.531.3799,james43@goodman.net
4520,Angelica,Tate,"Maddox, Pineda and Suarez",(811)532-2447,imichael@hester.com
4521,Brent,Moyer,Bright-Jackson,993.210.3263x21251,ddavidson@jefferson.biz
4522,Carol,Ponce,"Oconnor, Munoz and Webster",(521)086-0721x0897,daryl26@hutchinson-perkins.com
4523,Kristie,Leblanc,Hughes LLC,(540)358-4067x3249,rick76@cantrell-munoz.com
4524,Colin,Waller,Knox-Combs,(055)895-3881x8661,hensleyabigail@pruitt-callahan.biz
4525,Ivan,Buck,"Pacheco, Carney and Bolton",610-388-7384x86233,roger06@bullock.com
4526,Christine,Stephens,"Malone, Cuevas and Tyler",-10451,ibrock@hutchinson.net
4527,Theresa,Daniel,Maxwell-Whitehead,(158)633-9797,mcintoshmarvin@blankenship-manning.com
4528,Claire,Ramirez,"Moody, Villa and Logan",849.141.9133,gpeck@stevenson.com
4529,Stacey,Cisneros,Phillips Group,088-653-9307,shari79@peterson.com
4530,Johnathan,Bruce,Houston Inc,(343)005-7174x894,hartdavid@dalton.com
4531,Kyle,Hahn,Jefferson Ltd,+1-079-281-0682x322,ohebert@adams.com
4532,Tiffany,Wiley,Parrish-Shields,266.526.4958,jesus24@cain-jacobs.org
4533,Bonnie,Nielsen,"Sanders, Benitez and Wagner",435.969.3245x112,roydavies@heath.com
4534,Tammie,West,"Dyer, Galvan and Byrd",002.562.4786x843,sally84@taylor-ross.com
4535,Xavier,Vargas,"Compton, Villanueva and Spence",001-474-644-7339x965,lhunt@griffith.com
4536,Deborah,Buck,"Gonzales, Kline and Moore",+1-354-196-1458x54828,pettysean@golden.org
4537,Gail,Little,Lloyd-Santos,+1-795-193-4933x6597,cproctor@watts-frey.com
4538,Heather,Mercado,Le-Osborne,1231876411,theresamitchell@bradford.org
4539,Shelby,Garza,"Cameron, Malone and Coffey",+1-531-557-3501x1312,cochrandestiny@colon.com
4540,Jeffery,Carson,Waller-Wall,(786)413-8934x114,eclay@benson-buchanan.info
4541,Wesley,Le,Dawson LLC,604.351.2315x074,cassieday@delacruz-hensley.com
4542,Patricia,Sweeney,Stout-Townsend,028.910.3308x8733,miguel40@leon.com
4543,Samuel,Andrews,Valdez Group,288.271.8428x8436,alicia80@knapp-jones.com
4544,Lawrence,Little,Mullins-Alvarez,590.009.0191,sherry20@love.com
4545,Felicia,Abbott,Wood-Hinton,526.367.2552,tarajones@rios-humphrey.com
4546,Edward,Branch,Rodriguez PLC,+1-785-287-5144x3623,vickimontgomery@reynolds.org
4547,Leon,Arnold,Drake Ltd,041-668-7794x6042,krivera@haley.com
4548,Kathleen,Ewing,Benjamin-Hanna,478-868-9725,deborah62@cordova-taylor.org
4549,Sabrina,Barajas,Vaughn Inc,(479)374-5020x24597,hunterrhonda@curry.info
4550,Judith,Schneider,Watson-Burns,331-987-6451,vgood@tran.com
4551,Bradley,Howell,Massey LLC,431-216-5729x59675,bergerjaclyn@cannon.com
4552,Gilbert,Ritter,Burns Group,274.566.3324x21147,sergio92@hansen-moss.info
4553,Tristan,Valencia,Ryan PLC,835-486-4798x714,kelliepatton@kemp-berg.info
4554,Darius,Wolf,"Hickman, Bartlett and Sparks",(541)395-1925,frederick37@bean.com
4555,Mark,Crane,Fowler LLC,783.214.5118x009,marilynosborne@frazier-hodges.org
4556,Glen,Stout,"Glass, Ho and Wallace",796-076-8677x57816,lutzfrank@harrison-kaiser.org
4557,Nichole,Palmer,Gay Inc,002-446-3194x4914,pruittjeremiah@wilcox.com
4558,Richard,Mccall,"Mckinney, Lee and George",265.336.0050,villanuevajeanne@rivas.com
4559,Kristy,Mora,Phelps LLC,6533560714,joycekristin@mann.com
4560,Tracie,Jacobson,"Alvarez, Navarro and Whitehead",3546979897,ritadaniel@potter.biz
4561,Diana,Peterson,Garrett-Rubio,001-571-337-8914,wmelendez@townsend.biz
4562,Arthur,Walters,Lyons Group,750.970.2727,chase95@case.com
4563,Andrea,Briggs,"Schultz, Stephens and Brooks",(337)206-4916x175,tcarroll@keller-whitaker.com
4564,Austin,Vargas,"Walsh, Bennett and Burch",140.355.3291,xbarker@berger.com
4565,Ryan,Carter,"Marsh, Phelps and Landry",406-002-1444,tonifrey@moses-price.com
4566,Angie,Bailey,Wagner LLC,+1-012-076-1115x39761,briannamontes@barnes.info
4567,Jodi,Newton,Kaiser-Dorsey,832-114-1565x1026,mackenziemcneil@stewart-manning.com
4568,Mackenzie,Murphy,Beasley-Kim,+1-551-970-1239x71090,vwebb@hoover.net
4569,Jamie,Choi,Greene PLC,412.511.2730,jrandall@chung.com
4570,Wayne,Jacobs,Cobb PLC,+1-894-918-7667x61718,phillipsanford@good.com
4571,Gina,Vance,Mcmillan PLC,353-191-2993,grossalejandro@mosley.com
4572,Joanna,Lynn,Perry LLC,158.874.1031x45950,montoyakarl@haney-duke.com
4573,Brittney,Guerrero,Khan Ltd,446.972.4959x33816,fmcmillan@hobbs-roman.com
4574,Glenda,Shepard,"Holland, Murray and Rhodes",238.004.6564,jensenbreanna@craig.com
4575,Bryce,Owens,Sullivan-Silva,388.139.0373x74405,owiley@cohen-rivers.com
4576,Sonia,Yang,Mcknight PLC,(963)772-0427x12016,hendersonsherry@greene.com
4577,Janice,Davis,"Ho, Mcmillan and Andrews",(805)694-1182x27435,abigailyu@oconnell.org
4578,Vicki,Ayala,"Leonard, Cunningham and Hahn",-10333,kellybenton@pitts.com
4579,Jodi,Mcclain,Burns-Torres,426.647.8383x053,lesliedavila@eaton-kane.net
4580,Melinda,Munoz,"Mullen, Salas and Sexton",+1-739-203-4331x8706,mccannalexandria@hanna.com
4581,Jordan,Galloway,"Summers, Little and Ward",(588)427-5410,uwerner@roy-kaiser.com
4582,Ashley,Townsend,"Yang, Park and Klein",765.659.1590,whitneysanford@mclaughlin-perry.com
4583,Joy,Preston,Moore-Jennings,+1-412-391-4415x56548,gillespieleonard@osborne-tyler.net
4584,Shelby,Burton,"Perkins, Blevins and Miles",(749)657-7812x8832,odomteresa@byrd.net
4585,Todd,Huff,Harding-Garner,+1-118-741-3029x2047,rbates@brock.org
4586,Julian,Mclean,"Mccann, Rose and Wade",723-921-4888x675,bartletttony@baldwin.com
4587,Jermaine,Valencia,"Massey, Sweeney and Mclaughlin",734.996.8683,trujillocasey@waters.com
4588,Kerry,Butler,"Dodson, Joseph and Sparks",(702)828-7382x004,shirleygarrett@kelly.com
4589,Mark,Hicks,Lyons Group,(463)272-1386,kerrgavin@combs-stanton.com
4590,Terry,Thornton,Crosby-Brown,756.500.9868x463,franklin29@mccann.com
4591,Pam,Berger,Cervantes LLC,001-701-406-4460x669,courtney60@dawson-reed.net
4592,Krista,Moran,"Hughes, Hayes and Hopkins",762.964.8815x57206,rubenperry@klein.com
4593,Sherri,Stokes,Powell Inc,7391365736,lindamurray@kelly-lara.com
4594,Loretta,Ramsey,Leonard-Hall,978-272-2550x19043,barrkeith@cantrell.org
4595,Kristie,Mcclain,Roth-Buchanan,-3976,rogerstammie@hanna.org
4596,Vickie,Cabrera,Bailey and Sons,974-215-6764x5821,shahdominique@davila.org
4597,Shawn,Everett,Cain Ltd,523-003-1733x2400,qsnyder@collier.org
4598,Debra,Price,"Lester, Lucero and Alvarez",001-942-146-6041,dominicsimon@villanueva.org
4599,Edwin,Barrera,Stout-Shelton,666.626.7424x7912,curtisnicholson@yates-howard.biz
4600,Glenn,Simmons,Bradshaw Group,001-807-995-6743x83191,cbates@oconnell-figueroa.com
4601,Hannah,Rowe,"Erickson, Peterson and Bass",001-844-188-2738,justin63@greene-lucas.org
4602,Sandy,Mata,Gillespie LLC,413.137.1568x943,shensley@flowers.biz
4603,Kara,Fuller,Carney-Perkins,674-187-1327x06750,cheryl30@cox.com
4604,Suzanne,May,Reed-Ayala,+1-647-705-6459x4939,hubbardcarolyn@gardner-herman.com
4605,Ethan,Pena,"Blanchard, Cross and Klein",+1-012-411-3656x93059,xcallahan@thomas.com
4606,Becky,Kelly,Green LLC,152.324.7838x5491,gregory77@cooley-bird.com
4607,Alfred,Morrison,Montgomery Group,-5701,tjuarez@baker.org
4608,Aimee,Small,"Davies, Oconnor and Webster",806.768.3956x389,hannalarry@pineda.net
4609,Michele,Morse,"Spencer, Odom and Ellison",428.328.7322,sbradshaw@bridges-yates.net
4610,Karen,Peterson,Abbott-Cantrell,444.488.7688x3324,ernestwise@pollard.biz
4611,Teresa,Melendez,"Rosales, Vance and Ortega",462-479-9532x52477,xvincent@finley.net
4612,Dennis,Kent,Bonilla-Horn,+1-534-411-1244x814,summerwiggins@fuller.net
4613,Randall,Butler,Contreras Group,+1-318-333-4453x444,kelleymatthew@rose.info
4614,Francisco,Mckee,Daniel Inc,+1-664-418-6315x95083,staceyhamilton@villa.com
4615,Samantha,Benitez,"Chambers, Massey and French",001-284-109-9037x110,gene45@lucero.com
4616,Kristen,Hill,Ellison PLC,5591223818,wandahaley@park-gross.com
4617,Bradley,Benjamin,Ortega-Dean,+1-682-908-8438x4085,whitney01@kirk-kline.com
4618,Carol,Hogan,Soto and Sons,417-851-1848x314,fryeriley@dawson.info
4619,Isaiah,Huff,"Dougherty, Ponce and Rivas",+1-467-766-9210x3908,paullittle@preston.biz
4620,Alan,Mcbride,Collier-Ewing,053-180-1561x7255,kristopherleon@schneider.com
4621,Brian,Boyer,Wood and Sons,1948468538,maxwell59@shaw.org
4622,Caitlin,Vincent,"Shepard, Mata and Newman",408-359-8660,jermaine61@woodard.com
4623,Jeff,Brady,"Faulkner, Dorsey and Neal",2972478598,kristine80@odom.com
4624,Sandra,Herman,"Hughes, Bullock and Mayo",001-228-563-0044x89663,graypam@pruitt-benjamin.com
4625,Ronnie,Schroeder,"Huff, Lowe and Cunningham",149.938.8263x713,ashley15@booker.com
4626,Cassandra,Bryan,Salazar PLC,001-797-588-7898x67482,eli@watkins-duffy.info
4627,Alejandro,Cameron,Orozco and Sons,9407387372,gardnerlee@may.net
4628,Margaret,Farrell,Daugherty PLC,001-696-199-1152x73155,wallskristy@brooks-barton.biz
4629,Kaylee,Fields,"Mcgrath, Weaver and Montgomery",(387)149-0528x0634,janetgregory@savage.com
4630,Brian,Schmitt,Johns-Jenkins,875482198,jorge89@calhoun.com
4631,Miguel,Kemp,Odonnell-Roberts,001-006-991-3927,beckyhowe@reeves.net
4632,Yolanda,Bush,"Massey, Horton and Herring",+1-800-459-1169x84111,anneward@henry.com
4633,Fred,Wilkerson,"Pham, Livingston and Orozco",385-302-1786,rita88@rowe-bush.net
4634,Linda,Roman,Bautista Group,001-147-660-9783x33511,fmaxwell@small.org
4635,Amber,Clarke,Velez PLC,(379)588-3043,dburns@santiago.org
4636,Hector,Wells,"English, Barton and Zavala",-9582,yesenia59@ellison-gibson.com
4637,Jordan,Mcintyre,Ewing Group,001-960-317-6627x0049,wyattshelia@cunningham.com
4638,Isabella,Mccullough,"Griffin, Palmer and Ray",001-370-997-0972,brad02@mclaughlin.com
4639,Derrick,Galloway,Dunlap-Hunt,3097084700,jonathan39@potts-barber.com
4640,Catherine,Sparks,Wheeler-Meadows,(081)175-8296,ymorrow@huang.com
4641,Tara,Hall,Moses LLC,579-861-1629,jeancarrillo@cobb-mcmillan.com
4642,Lacey,Thornton,"Lynn, Moyer and Benton",(393)182-1445,levi57@jacobson.com
4643,Dwayne,Perkins,"Campos, Dorsey and Reeves",+1-739-700-1637x50483,ocharles@byrd-roach.com
4644,Anthony,Kirby,Marks PLC,-1520,dorothy34@wilson-sexton.info
4645,Sherri,Mckee,"Newman, Duke and Richmond",001-957-080-8396x743,xbruce@ryan.org
4646,Rose,Sweeney,Shannon-Hancock,612-563-6043x46161,cynthiachapman@duarte-evans.net
4647,Tammie,Silva,Whitehead-Holt,862-914-2924,coltonlutz@price-carlson.com
4648,Hayden,Duran,Rogers-Buckley,108-395-5852,rodneybray@vaughan-dunn.com
4649,Vicki,Christensen,"Solomon, Smith and Dickson",727.088.6580x148,jasminmoreno@terrell-cunningham.com
4650,Ashlee,Mullins,"Wells, Hudson and Zamora",-2885,lberg@bell.biz
4651,Jake,Hammond,"Barton, Strong and Cantu",001-181-346-1159x2055,brett13@kidd.com
4652,Howard,Norris,Contreras Ltd,(251)834-2949,egalloway@price.com
4653,Barbara,Gardner,"Schwartz, Blanchard and Douglas",001-908-969-8882,yhayes@garrison.net
4654,Candace,Glass,"Kirby, Kent and Crane",(817)450-3652x3049,alexisflores@moore.biz
4655,Kaitlin,Dunlap,"King, Mckinney and Friedman",156.866.0320x1680,laceyphillips@leblanc.biz
4656,Jake,Higgins,"Adkins, Yu and Garner",142.889.2269x8524,vickivalentine@briggs.biz
4657,Sonya,Cortez,"Richmond, Horton and Coffey",001-287-648-0358,yschultz@gallagher.com
4658,Isabella,Short,Lee LLC,611-949-0743x9394,kchristian@greer.biz
4659,Sandra,Hodge,"Chang, Baker and Snow",390-191-6750x8676,averytabitha@calderon.com
4660,Christine,Hooper,Ferrell-Franco,-4011,haynesalison@barnes.com
4661,Diana,Mitchell,Myers LLC,(543)042-0144,brandi37@wilcox.org
4662,Ashley,Moses,"Whitney, Mullins and Reed",(216)744-0500x430,millsbreanna@farmer.org
4663,Scott,Holt,Larson Inc,+1-867-021-6177x71501,earl68@mcintosh.biz
4664,Tara,Ponce,Beltran-Werner,726-427-9918x5833,yhoward@price.com
4665,Lorraine,Curtis,Farley Group,(698)849-8312x601,dan07@franklin.net
4666,Jacob,Irwin,"Patton, Dorsey and Davenport",693-852-2729x71569,hlozano@dorsey.org
4667,Caitlin,Freeman,Fischer and Sons,(329)148-1088x24852,rreilly@church.com
4668,Kerry,Payne,Mercado-Joseph,001-061-692-0974x3943,icervantes@rocha-camacho.com
4669,Collin,Campbell,Church-Charles,919-517-8971x059,elijahlozano@cole-roman.biz
4670,Dominique,Garner,Huff LLC,+1-830-941-0156x981,ghester@scott.com
4671,Shari,Patrick,"Reynolds, Hebert and Wilkinson",001-670-627-4583x887,karinahuynh@pollard.biz
4672,Julian,Lane,Garza Group,001-096-796-9549x86258,cabbott@adkins.com
4673,Matthew,White,Vasquez-Fleming,001-009-592-2197x7672,cwatkins@gross.com
4674,Darren,Dudley,"Bowen, Ho and Mays",642-370-5582,zoe41@bray.com
4675,Christian,Sutton,Savage-Waters,+1-657-786-9541x4533,bridgetkline@galvan-crawford.com
4676,Kathy,Skinner,"Dudley, Lewis and Shaffer",789.192.4363x213,edaugherty@phillips.com
4677,Kayla,Davies,Fleming LLC,035.208.6088x45691,isabel08@odom.com
4678,Phillip,Strickland,Zavala Inc,171.993.7325x096,pklein@vasquez.net
4679,Charlene,Mcneil,"Donovan, Ewing and Ochoa",136-693-6319,cassidy35@day.info
4680,Zachary,Mendez,Boyer Inc,(964)477-9472x253,bberry@delgado.com
4681,Brittany,Benson,Cole-Mcgee,6462930426,chamberscolleen@welch.com
4682,Christopher,Molina,Pruitt Inc,001-851-342-0752x645,lclark@hensley.biz
4683,Alexander,Conley,Harrington-Terrell,726.252.6748x881,valenzueladakota@ponce.info
4684,Claudia,Russell,"King, Chavez and Wiggins",001-890-943-8889,sheila40@pugh-bates.info
4685,Ian,Rubio,Marsh PLC,198.618.1658x1161,jason52@mccarthy.info
4686,Kara,Mccann,Black PLC,628.056.3822x116,ann48@terrell.biz
4687,Howard,Jarvis,Mcfarland Group,656-493-9413,maurice95@cooper.com
4688,Chase,Chan,Reeves PLC,(445)270-8560x5890,adrianahampton@adkins.com
4689,Wendy,Roth,Castillo LLC,5969232121,jacquelinehull@brady.com
4690,Michelle,Livingston,Conway and Sons,+1-530-235-8370x9823,whitakerlatoya@mckinney.com
4691,Rodney,Hatfield,"Baxter, Sawyer and Gardner",+1-594-075-5781x09010,donaldhorne@cross.biz
4692,Julie,Hutchinson,Bird Inc,(323)997-1348x9961,joelgreer@neal-fitzgerald.com
4693,Duane,Macdonald,Nolan PLC,(985)098-9066x2265,yquinn@galloway-kelly.org
4694,Dillon,Hogan,Rivers LLC,529-516-8667,monica18@brennan.com
4695,Jenna,Conley,Stuart-Stevenson,(965)009-5218,ruth64@bolton.com
4696,Ebony,Ayala,Barker-Bowers,001-774-214-3901x313,tracey40@koch.org
4697,Jordan,Singh,Andrews PLC,5913132282,whoward@frazier.org
4698,Christine,Banks,Ali Group,434-679-2867x4013,stefanie43@freeman-lambert.com
4699,Colton,Pennington,Pace LLC,426.361.9567,tammiecortez@chen.biz
4700,Ana,Rivers,"Rosario, Roberts and Morris",6375843205,rileystephen@jordan-rivera.com
4701,Theresa,Graham,Arias LLC,309.133.1891,bassphillip@chambers.com
4702,Joel,Patton,Galloway-Wiley,(721)363-4969,xwaller@shields.net
4703,Beth,Sharp,"Zhang, Gardner and Ramos",441-782-4311x5993,gibbsjon@fletcher-mccann.com
4704,Lee,Blake,Melendez-Wang,544-874-1893x6310,sherri05@leonard.org
4705,Courtney,Miles,"Cross, Dawson and Chen",(058)889-5214,mirandanorman@kelly.info
4706,Shelly,Hudson,Chandler-Sampson,234.323.2198,mullenamanda@kennedy-navarro.info
4707,Gavin,Greer,Moran-Morrison,(130)480-4084,maddenkenneth@andrews.com
4708,Isabel,Williamson,Esparza-Griffin,894.742.3667x90373,alexa75@vance.com
4709,Richard,Burns,Foley-Reyes,(088)559-3352,maldonadodonna@spears.info
4710,Ricardo,Morrow,Woodard Inc,789.882.5400x7795,jenna90@clements-allison.biz
4711,Jillian,Costa,"Rangel, Fox and Cruz",454-745-8206x350,wilcoxkarina@little.com
4712,Steve,Foster,Olson-Ingram,(287)762-8610x610,sheilarogers@parks.org
4713,Ronnie,Stevenson,"Shaffer, Sanders and Kaufman",592.945.9027,thomasfox@irwin.com
4714,Bobby,Lam,"Horton, Landry and Ward",(365)798-0502x71296,dustinmccarty@wilson.info
4715,Colleen,Webster,Holder Inc,+1-253-934-2791x47867,ericksonjuan@sampson.org
4716,Rodney,Jackson,Mueller-Mcmillan,(268)620-4424,elijah52@vincent.net
4717,Alexandria,Ibarra,Acosta-Waters,4339893117,gaustin@hays.info
4718,Meghan,Rice,"Mitchell, Murray and Castillo",(081)424-8450x2114,zpratt@hale-newman.com
4719,Julian,Oconnor,Oneal Ltd,528-293-8215,fhuang@prince.com
4720,Allison,Brewer,May-Daniels,+1-204-504-9989x37988,tim00@lutz-park.com
4721,Vicki,Glover,Luna-Carpenter,-1138,kramerandrea@barr-villa.com
4722,Janice,Macias,"Goodwin, Pham and Deleon",098.741.8793x6567,piercebarbara@conner.com
4723,Zoe,Liu,Ellison-Dalton,583.879.2194x4421,vcoleman@mcgee.biz
4724,Colin,Schwartz,"Crawford, Griffin and Walton",001-385-081-8644x55451,deandrew@alvarez-heath.info
4725,Gwendolyn,Dunlap,"Ingram, Bridges and Conrad",717-563-1573,sarah99@norris-parks.com
4726,Vernon,Stout,Stuart-Rhodes,-9440,shepherdjamie@stark.com
4727,Gabriel,Pierce,Beard Inc,(053)912-0408x297,zachary49@burnett-dominguez.com
4728,Ivan,Garrett,Padilla-Bowman,480-842-4989,abigail16@villegas.com
4729,Evan,Romero,Valenzuela-Velez,+1-729-867-9013x565,sandracummings@blair.com
4730,Angelica,Todd,Kane-Kirby,045-005-7685x739,fcuevas@gill.com
4731,Austin,Callahan,Suarez and Sons,1001659568,reneeacosta@reyes-calderon.com
4732,Mario,Ortega,"Gutierrez, Crane and Fox",555-958-6766,francisco78@cunningham.org
4733,Hector,Benton,Harding Inc,+1-392-192-3013x3379,sharon69@reese.com
4734,Darrell,Benjamin,Santos Ltd,338-087-7522x4410,holdengavin@sharp.com
4735,Kari,Williamson,Richards PLC,(561)904-1315x347,ymathews@singleton.com
4736,Jeremy,Mata,King and Sons,(840)874-8903x79646,munozbryan@phelps.org
4737,Jackson,Huber,Hinton-Bautista,+1-878-854-1035x153,joycemarks@massey.com
4738,Reginald,Holder,"Sims, Mooney and Hampton",410.676.0341x25813,slin@bartlett-anthony.com
4739,Tiffany,Hanson,"Fry, Morgan and Richards",-3544,jake52@armstrong.com
4740,Patrick,Hughes,"Blackburn, Fritz and Soto",002.356.5147x00309,greg00@strong-chang.net
4741,Stacey,Novak,Preston and Sons,(983)784-5837x612,lisaskinner@nichols-padilla.com
4742,Darius,Jennings,Santana Group,373.642.6306x41726,brandyewing@barron-hawkins.com
4743,Margaret,Carter,"Walton, Rowe and Hanna",634-283-6940x96754,cashley@bates.net
4744,Chris,Meyers,Henderson-Edwards,175.396.7188x6600,ophillips@green-vaughan.info
4745,Noah,Dickerson,Koch PLC,-10752,opope@harding.biz
4746,Gregg,Zavala,Frederick LLC,001-356-060-3825,timothygraves@cochran-mack.net
4747,Jasmin,Huffman,Barry-Simpson,(035)277-2232,haydendudley@hunt.info
4748,Virginia,Baird,"Powers, Jarvis and Carpenter",608.539.3742x01943,marvincordova@buck.com
4749,Mandy,Bradford,Nielsen-Kidd,000-538-4771x30623,vernonharper@ibarra.com
4750,Keith,Petty,"Stark, Lee and Chang",048.754.9390x50442,lambertwayne@palmer-sharp.com
4751,Micheal,Lara,Dickson Group,001-538-686-1526x327,brittneyberg@marsh.com
4752,Gwendolyn,Brandt,Lutz Ltd,766.910.4760,colleencervantes@roberson.com
4753,Katherine,Mccarthy,Logan-Mercado,197.736.9589,kerriwerner@nash-curry.com
4754,Yolanda,Nixon,Riggs-Mora,001-680-857-7745x1850,epugh@callahan.biz
4755,Isaac,Mccormick,Forbes-Barry,(623)350-7487,andrewsbarry@gomez.org
4756,Isabel,Mccall,"Baldwin, Patterson and Hatfield",(208)592-3315x159,iriley@west.com
4757,Paula,Herman,Alvarez Group,001-888-973-3144x004,marshallbrett@miles.com
4758,Johnathan,Alvarado,Rasmussen-Campos,(916)216-1638,toddsydney@yoder.info
4759,Douglas,King,"Brooks, Collins and Holmes",477-391-9324x2330,meghanoconnell@meza.org
4760,Lorraine,Cabrera,Mccoy and Sons,001-702-438-9191x1671,hensonkerry@cowan.biz
4761,Curtis,Irwin,Bryan-Steele,693-290-7971x90157,estradabrett@pena.com
4762,Fred,Sandoval,Rojas-Waller,(185)210-9427,rhonda01@webster-norris.com
4763,Christina,Collins,"Frazier, Morrow and Whitehead",976.016.1321,morganpratt@barron-weiss.com
4764,Gail,Griffith,Cummings-Cochran,(649)196-6796x8949,hli@norris.com
4765,Cory,Hunter,Roach Ltd,+1-340-869-8950x9018,frederick91@lucero.com
4766,Brandon,Rogers,"Nguyen, Harris and Thornton",(982)992-3408,mikaylaclay@berry-melendez.com
4767,Colton,Edwards,"Trevino, Jackson and Wolfe",(446)946-8823x347,ehenson@steele-acevedo.com
4768,Nicholas,Michael,"Thompson, Chen and Yoder",030-931-8083x792,chelsea39@torres.com
4769,Norman,Washington,"Trujillo, Sims and Green",988.456.2112x82279,kleindan@glover-cantu.com
4770,Jocelyn,Buchanan,Munoz-Macias,001-202-160-8632x8457,byrdkim@guerrero.com
4771,Carly,Burns,"Melendez, Rodgers and Petty",167.830.2362x669,helen45@sims-ewing.com
4772,Natalie,Montes,Weeks-Oneal,523-687-5310x76899,alyssanielsen@baxter.biz
4773,Tyler,Becker,Moon-Perry,058.519.5562x610,irandall@cantrell-hale.com
4774,Shannon,Cannon,Pena-Ochoa,+1-405-422-9837x45721,marcus31@mejia.net
4775,Lucas,Reynolds,Mcclure-Collier,001-527-116-0696,adrian44@morales.org
4776,Andres,Alexander,Gaines-Silva,-5117,yvilla@patel.biz
4777,Gwendolyn,Bruce,Curtis and Sons,956-065-2525,brianho@todd.com
4778,Adam,Rasmussen,Rojas and Sons,+1-186-788-3741x145,kmays@vincent.info
4779,Shirley,Dorsey,Murray-Meyer,682-901-8742,calhounbrooke@blake-mccann.com
4780,Kaitlyn,Huerta,Rivas Inc,+1-885-943-2707x66811,hendrickskirsten@briggs-richardson.com
4781,Stanley,Burnett,Hoover-Woodard,(374)234-8570x6652,cgay@bruce.com
4782,Carrie,Merritt,Glenn-Chambers,(018)626-6086,latasha02@williamson.com
4783,Darren,Cantrell,"Ball, Brewer and Williamson",160.200.4772x009,maureenleonard@ferrell-atkinson.net
4784,Darin,Molina,Bryan-Park,001-966-399-7681x427,kaufmanmaria@liu.net
4785,Kelly,Keith,Wade PLC,(026)127-4371x160,ncastaneda@townsend.com
4786,Frances,Bryan,Lloyd-Murray,017-109-9484x8401,hmercado@york.com
4787,Amanda,Guerra,"Escobar, Butler and Juarez",+1-475-733-0714x5436,zjames@greer.biz
4788,Pamela,Leonard,Griffith LLC,803.292.0098,jasmin27@campbell.com
4789,Judy,Mullen,"Pena, Pineda and Berry",001-792-307-0883x1648,kennethwerner@haney-wyatt.net
4790,Gregory,Suarez,"Alvarado, Andrews and Lara",235.782.2289,dakota69@mcdowell-zamora.com
4791,Jenna,Mason,Wright Inc,152.402.3274,clifford35@ortega.com
4792,Jerry,Zhang,"Cortez, Pittman and Lozano",153.591.4641x736,lineddie@bates-doyle.net
4793,Alvin,Lambert,"Avila, Wood and Cowan",-4595,norrisjo@beard.com
4794,Gordon,Schneider,Velasquez-Shannon,001-611-812-2301x15885,holdensally@ashley.org
4795,Daryl,Contreras,Mccarthy-Hopkins,716.629.6931x003,gallowaychristian@norris.com
4796,Jocelyn,Herring,Wise-Cuevas,880-255-2628,stuartrichards@barron.com
4797,Brandy,Schneider,Francis-Garrett,(146)763-0957,jackbarrett@johnson-collins.biz
4798,Ray,Raymond,Cummings-Ford,(216)232-7612x8262,luis30@barr-navarro.com
4799,Steven,Heath,Cortez LLC,+1-825-961-4006x627,roger82@manning.net
4800,Gina,Brennan,Beard-Rowe,+1-291-999-4046x4683,emily89@sheppard.com
4801,Tami,Clements,Fisher-Vance,782-226-0374x7383,carolynbutler@vega-campos.com
4802,Tara,Mcfarland,Phillips Inc,186-411-2532x3564,leah45@carroll-ford.com
4803,Jamie,Maldonado,Sloan-Hartman,(421)816-8528x970,glennholmes@washington.org
4804,Beverly,Arellano,Koch Group,964.083.2179x9796,mayevelyn@reeves-york.com
4805,Dalton,Ewing,Hogan-Alvarez,469.344.0668,beckertrevor@escobar.org
4806,Geoffrey,Hammond,Oneill-Lawson,(653)031-5183x20332,shari49@mason-floyd.com
4807,Kenneth,Bennett,"Mathis, Spence and Davila",001-082-248-9881x89828,ibarrakendra@rush-leonard.org
4808,Geoffrey,Odom,Ross PLC,045.578.2616x45619,lrobertson@figueroa.biz
4809,Terri,Black,Boyle-Bailey,3349796397,idrake@jensen-sweeney.net
4810,Sharon,Ford,Silva-Rodgers,938.521.3394x83041,xwarren@rowland.com
4811,Rodney,Thomas,Patrick Ltd,604-248-0184,jaclyn07@pope-yates.com
4812,Briana,Estes,Cunningham-Mckenzie,001-494-909-5571x340,ayersrebekah@klein.info
4813,Sean,Solomon,Holt-Thomas,902.000.4498x447,dwatkins@villa-bass.com
4814,Joseph,Flynn,"Davis, Joyce and Molina",+1-892-940-4763x656,woodwardjoanna@butler-mckenzie.biz
4815,Blake,Terry,Bean and Sons,668.926.0577x84130,adrienne84@skinner-mullen.com
4816,Randy,Jimenez,Brock and Sons,725.115.9119,mendezpamela@velazquez.info
4817,Deanna,Chaney,"Cunningham, Donovan and Patterson",9308070645,timothyflynn@pollard.com
4818,Jonathon,Juarez,"Lambert, Rodriguez and French",(246)335-5597x7534,pmanning@farmer.net
4819,Sylvia,Nixon,Franco PLC,231.003.0534x051,paul71@todd.com
4820,Tammy,Curry,Moyer-Kerr,625-677-7485,kfry@krause.com
4821,Amber,Harrison,"Clements, Davidson and Oconnor",+1-873-354-7731x9012,smurphy@wagner.com
4822,Lydia,Mathews,Young-Walton,378.642.4420x851,claire32@rollins.org
4823,Marie,Poole,Flynn-Gallegos,+1-840-286-5813x0626,qthompson@garner-butler.com
4824,Samuel,Navarro,Hodges LLC,+1-155-791-1611x37992,aguirremelissa@pena.info
4825,Sherri,Frey,Hardin Group,(062)211-5026,bryantmolly@brewer-yates.com
4826,Yvonne,Mckinney,"Bolton, Owen and Pham",(158)202-2736x758,cnunez@johns.com
4827,Anita,Chaney,"Castro, Davies and Gay",292.222.9308,alexandra72@chapman.org
4828,Glenn,Horne,"Robles, Owens and Chan",547.495.7859x670,eali@hanson-simmons.org
4829,Alec,Abbott,"Ali, Dalton and Mcknight",239.375.7512x598,benderlogan@sexton.com
4830,Denise,Stevenson,Savage PLC,001-403-860-0044,wyatt05@hill.biz
4831,Brian,Ochoa,"Ramos, Dudley and Hutchinson",342-621-5571,kristina26@english.com
4832,Connie,Zavala,"Nash, Schwartz and Watson",044.085.9948x8002,colinibarra@christian.info
4833,Guy,Giles,Nguyen-Charles,657-220-3385,todddalton@mckinney-ellis.com
4834,Whitney,Lyons,Munoz-Edwards,796-579-7809x828,emayo@mayo.com
4835,Eddie,Beltran,Simmons and Sons,+1-833-319-4086x945,earl75@dickson.biz
4836,Angel,Schroeder,Gutierrez-Buck,(533)537-3606,wernerchristian@sweeney.com
4837,Russell,Jennings,Bridges-Baldwin,+1-758-624-0105x40917,zjarvis@payne-maddox.com
4838,Kathryn,Daugherty,"Pacheco, Gardner and Gould",871.296.5683x99804,joechristian@terry.com
4839,Caitlin,Todd,Beard-Smith,(766)550-3988,danielle89@norton.biz
4840,Micheal,Lopez,"Townsend, Rowe and Shah",540-703-7858x68668,spencer58@padilla.net
4841,Terry,Marks,"Johnston, Cantu and Chang",(399)704-6133x9870,phodges@garrison.com
4842,Kristi,Stevens,Mann Group,001-227-437-8698x09587,clinton01@macdonald.com
4843,Carla,Best,Kaufman-Dougherty,(031)257-4659,sullivanglen@cummings.com
4844,Jeffery,Barker,Clements Ltd,172.538.0452x5438,adriannixon@pena.com
4845,Ariel,Whitehead,Rogers-Barber,891-113-5483x04696,prichmond@dickerson.com
4846,Kari,Stevens,Payne-Young,001-978-748-3767x431,huntvicki@moran-huang.net
4847,Nicholas,Ortega,Castro PLC,001-126-447-4201x693,stuartrice@berry.com
4848,Raven,Morales,Martin PLC,272-714-0293x40949,terrence18@west.net
4849,Willie,Velez,Gilmore-Velazquez,(411)880-9382,natasha57@hurley.com
4850,Ashlee,Barrera,Alexander LLC,444-515-5780,sandy33@walker.com
4851,Gordon,Merritt,"Lindsey, Duke and Delacruz",(066)417-9352,vmeyers@flowers.com
4852,Kellie,Singleton,"Olsen, Calderon and Mccoy",389-948-3741,christie03@compton.net
4853,Casey,Wong,"Cowan, Ramos and Merritt",001-248-597-8196x558,noblepatricia@sawyer-hoffman.com
4854,Margaret,Callahan,Floyd-Dalton,4098903117,omiles@meyers.com
4855,Anthony,Carroll,Mueller-Kane,657-614-8920x82155,kiddkellie@arellano.org
4856,Patty,Levine,Sims PLC,(981)728-9756x549,kendrarodgers@waller-farrell.com
4857,Sandra,Oliver,Andersen Group,785-884-6951,webbhector@singh.com
4858,Christy,Hooper,"Esparza, Mcclain and Barton",934.559.5264x87759,patriciasloan@chapman.com
4859,Kristopher,Morse,Stone-Pittman,001-056-405-0667x3827,autumn12@frost.com
4860,Antonio,Kirk,Gutierrez-Ferguson,+1-708-514-8672x95048,carmenstrong@landry.org
4861,Madeline,Moyer,"Bowers, Daugherty and Key",(710)702-7943,ilowery@melton.com
4862,Jocelyn,Campos,"Parrish, Wilcox and Clark",001-099-594-5088x8096,oscarwall@dalton-cohen.biz
4863,Jeff,Bolton,"Duke, Fritz and Elliott",625.357.5746,watsonsarah@tucker.com
4864,Roberta,Craig,Lam PLC,(454)984-1874x95033,chamberssherry@cervantes.com
4865,Briana,Scott,"Hansen, Forbes and Cannon",1640577605,travis80@wong.com
4866,Jenny,Camacho,Barrett-Hardin,598.701.8402,vbryant@travis.com
4867,Luke,Bennett,Dunn-Casey,426-842-4668x439,shannon14@farmer.com
4868,Debbie,Thompson,Duke-Patterson,909.383.8633,peckaudrey@pennington.net
4869,Jessica,Avery,Stark Inc,134-737-8770x614,qarellano@monroe-rogers.net
4870,Nathan,Gallegos,Hines Group,131-464-2755,glenkirk@jefferson-maddox.net
4871,Tony,Norton,"Crosby, Jenkins and Rodgers",446.686.6955,tony73@yoder.com
4872,Deanna,Rivas,Young Inc,001-124-731-4713x2101,heathjeffery@zimmerman-farley.biz
4873,Tami,Nicholson,Fitzgerald-Charles,041-284-2922x6938,dustin02@benitez.com
4874,Leon,Carrillo,"Schultz, Bonilla and Carrillo",306-387-1772x52190,pvalentine@paul.com
4875,Tina,Wolf,Fox-Juarez,(444)120-6263,oosborne@douglas-marquez.com
4876,Kaitlyn,May,"Guerra, Washington and Mcfarland",(121)530-1014x978,jimmyanderson@casey-liu.com
4877,Ana,Franklin,Vargas-Shah,954-857-3891x205,ellenbest@cruz.org
4878,Dean,Houston,Floyd-Norton,(861)123-9006x3852,fwise@herman-lutz.com
4879,Rebecca,Mccarty,Everett Inc,394-691-5482x52053,paynetony@evans-marsh.com
4880,Ariel,Warren,Stewart PLC,(910)280-9133x6508,deannicholas@gibbs.com
4881,Johnathan,Gray,Fuller-Petty,(699)315-1425,roachtina@hart-jones.com
4882,Latasha,Shannon,Melendez-Roberson,001-864-327-8012x8512,fgriffin@wade-ballard.net
4883,Alisha,Delgado,"Heath, Harper and Tucker",001-668-993-3974x1968,marccastaneda@greer-howard.net
4884,Mikayla,Myers,Prince Inc,757.100.3585x811,genefarley@santos.com
4885,Alisha,Hudson,Calderon Inc,108.991.5728x293,abuck@holder.com
4886,Tara,Mckay,Branch and Sons,001-063-286-9894x889,vfloyd@dunn-spears.com
4887,Leon,Valentine,"Maynard, Sosa and Shah",-8103,carmen86@barrett-ramsey.com
4888,Caleb,Arias,"Becker, Bray and Brown",-8850,conniearellano@cannon-burnett.com
4889,Julie,Powell,Murray-Dyer,001-620-567-7957x068,poolelindsey@kirby.biz
4890,Mindy,Bird,Reid-Velazquez,458.541.6503x464,lmitchell@ruiz-hancock.net
4891,George,Ellison,Schwartz and Sons,352.924.0451,mliu@velasquez.com
4892,Nicholas,Rogers,Mcguire Inc,(162)515-6422x9125,tracyhoward@ward-barber.com
4893,Stephanie,Pugh,Cortez-Lara,813.253.8152x471,gateschelsey@palmer.com
4894,Hunter,Manning,Kennedy Inc,001-171-693-3187x283,wdudley@combs.com
4895,Gabriel,Graham,Miller Group,(359)891-8353,doughertynicholas@martin.com
4896,Mitchell,Franklin,Calderon-Wilkinson,(962)336-0612,smathews@hogan-moran.org
4897,Traci,Oconnor,Hull-Ware,(151)089-3406x49727,diazchristie@garrett-rowe.info
4898,Kiara,Owen,"Blair, Kaiser and Mcguire",+1-059-603-0371x996,stephanie41@mccarty-decker.com
4899,Richard,Cox,Fuller Inc,362.803.6868x431,marisa51@martin.com
4900,Evan,Mcknight,Gutierrez Inc,195.556.9892x8322,kirstenstafford@wu.net
4901,Emily,Hardy,"Lam, Espinoza and Drake",(812)333-0931x2011,hailey38@murillo.org
4902,Ariana,Arias,Hanson-Tate,-10744,tzamora@griffith-levine.com
4903,Christopher,Foley,Herring-Copeland,182.454.8285,bettywilcox@kramer.org
4904,Shirley,Reynolds,Oliver and Sons,473-026-4230x928,soniasanders@roach-ritter.com
4905,Tim,Oconnell,Barrett Ltd,+1-529-792-1029x01541,dariusmalone@orozco.com
4906,Kristina,Rice,Mooney and Sons,284.521.5192,nicholecombs@french.biz
4907,Carmen,Flores,"Everett, Craig and Lucero",660.972.6114x59092,ballkaren@barrett-gentry.com
4908,Penny,Olsen,Weaver PLC,333.869.4532,eproctor@abbott.com
4909,Alejandra,Parker,"Boyle, Cox and Blake",491-521-0261x56343,suedeleon@silva.com
4910,Caitlin,Rasmussen,"Shepherd, Bowen and Middleton",(912)701-6858,cortezdillon@monroe.com
4911,Mary,Hawkins,"Larsen, Dixon and Ellison",-8329,kellie00@taylor.org
4912,Lydia,Vargas,Park-Vaughn,001-174-718-3211x23410,jadepowers@dougherty.com
4913,David,Yu,Bartlett-Contreras,+1-618-268-5584x6053,arroyobreanna@bender.com
4914,Steven,Finley,Lamb Group,340-106-7755x365,zwoodward@petersen-mclaughlin.com
4915,Grant,Peters,Marks Ltd,(852)839-7345x4649,cwoodard@barnett-franco.org
4916,Stanley,Malone,"Patterson, Davis and Holloway",001-557-685-1110x224,wernerlarry@riggs.com
4917,Tyrone,Lutz,Fletcher PLC,+1-235-543-2809x65859,grantpacheco@ray-malone.com
4918,Tara,Duke,Kidd Group,(406)761-3203x444,traceymora@horne-farrell.info
4919,Jon,Jenkins,Obrien LLC,350.576.2850,natalie56@combs-harmon.biz
4920,Dennis,Massey,Evans LLC,474-700-4648x39292,rgaines@cross-chang.com
4921,Tami,Holt,Stafford Ltd,(191)518-6972x1231,mindyvaughan@welch.com
4922,Helen,Dean,Stone-Conrad,604.496.3653,mercedes86@ayers.com
4923,Nancy,Bartlett,Haynes Group,6156062708,pamfitzgerald@knight.com
4924,Katie,Walton,"Schwartz, Rojas and Jennings",(814)263-4339,kclarke@khan-francis.org
4925,Heidi,Fuller,Wu-Marquez,001-562-694-5275x50838,bobbyolson@harrington.info
4926,Duane,Poole,"Gonzales, Horn and Gonzales",(027)068-2008x548,gavin22@harmon.biz
4927,Toni,Hurst,"Grimes, Barton and Washington",001-557-293-3461x0664,bonnie18@carlson.com
4928,Evelyn,Walters,"Stewart, Cross and Jimenez",+1-314-120-9501x2211,paynecrystal@dorsey.com
4929,Pedro,Keith,"Nguyen, Randolph and Ortega",1164549658,severett@olson.com
4930,Christie,Sandoval,"Harvey, Bauer and Weaver",892.912.7067,emoran@shields.biz
4931,Virginia,Hess,Haney-Lester,(508)730-1795,hriley@hickman.org
4932,Fernando,Rubio,Daniel LLC,+1-295-960-3937x295,garrett57@gomez-padilla.com
4933,Manuel,Parsons,"Castillo, Fernandez and Boyle",321.872.4269,kbaldwin@houston-love.com
4934,Emily,Gallegos,"Shaw, Nash and Branch",-2979,mandycox@bentley-hayden.org
4935,Jody,Hoffman,Frederick-Shepherd,215.234.6878x036,omcpherson@knox.com
4936,Travis,Wolfe,Hahn Inc,744.636.4723,ucharles@faulkner.com
4937,Craig,Hess,Fields-Mejia,8925640649,hector51@hanson.net
4938,Kim,Marks,Bernard PLC,305-429-2694,rellis@salinas.info
4939,Alexa,Reyes,Davies Inc,001-084-192-0645x06618,mcintoshann@banks.com
4940,Hailey,Montgomery,Jimenez LLC,001-035-716-9669x988,ocline@barrera-bright.com
4941,Clifford,Sanchez,"Shaw, Little and Jordan",5208128451,hvincent@hatfield.org
4942,Mary,Newton,"Huber, Gonzales and Swanson",755-070-5626,fduffy@bonilla.info
4943,Michele,Bell,"Jacobs, Zuniga and Ferguson",001-210-304-6664x089,phaynes@montgomery.info
4944,Allison,Mcconnell,"David, House and Rose",597.958.6434,jimelliott@ross.org
4945,Savannah,Garcia,Sosa Inc,007-066-9574x8716,darin04@graves.info
4946,Anthony,Knight,Washington Inc,911.063.2233,kwalter@cardenas.net
4947,Cristian,Spencer,May LLC,254.131.4046x07583,ecrosby@kidd.org
4948,Frederick,Marks,"Shields, Garcia and Browning",(283)555-5229,ubanks@black.com
4949,Stacey,Manning,Wilkerson-Hawkins,033.845.7706,adam23@hines.info
4950,Randy,Mckinney,"Jennings, Bernard and Roth",+1-807-931-4668x63748,nicole03@hampton.org
4951,Melody,Huff,"Paul, Mckinney and Macdonald",742.901.7887,grhodes@salas.com
4952,Rachel,Powell,Burnett-Avila,468-102-3294,dillonstephanie@lindsey-durham.com
4953,Alejandro,Mcdowell,Floyd PLC,(378)124-1673x60824,scarlson@barr.com
4954,Shawn,Horton,Mason-Clarke,927.485.9116x054,sabrina20@maddox.info
4955,Cole,Mora,"Irwin, Williams and Maxwell",5974979876,adamsdillon@munoz-simmons.com
4956,Dalton,Hood,Serrano Ltd,(537)043-0512x140,ochoameagan@tyler-ortiz.com
4957,Melvin,Owens,"Little, Mcmillan and Kaufman",(725)497-4098x7544,ariel49@adams.net
4958,Cynthia,Mckee,Peck LLC,136-599-2523,kbarton@schaefer-dorsey.org
4959,Teresa,Ross,"Hayden, Gay and Cooper",597-155-1953x121,judithcain@barber-brandt.info
4960,Gilbert,Gates,"Lam, Irwin and Moreno",943.793.4076x517,barrywyatt@little-chang.com
4961,Kathleen,Lutz,Gay-Villarreal,(969)133-8380x793,shepherdcheryl@blackburn-schaefer.com
4962,Corey,Rush,Carr LLC,+1-991-035-1347x22446,brian28@trevino.com
4963,Shelia,Yang,"Lloyd, Horn and Cooke",+1-685-873-6646x46619,ryan81@hull-chung.info
4964,Nicole,Luna,"Daugherty, Morris and Hamilton",9284645368,macdonaldjustin@bird.com
4965,Dan,Price,"Franklin, Thomas and Ashley",(990)480-0954,randallgoodman@silva.com
4966,Julia,Glenn,Lambert Inc,243.290.6976x4648,charleneatkins@fernandez.biz
4967,Natalie,Baldwin,"Mack, Ponce and Hickman",087-608-5237,gail54@hernandez.net
4968,Ariana,Cameron,Lawson and Sons,(950)046-0612,amayer@mccormick-fritz.info
4969,Kirk,Melendez,"Wolf, Vaughan and Daniels",769.844.4749x572,zayala@dillon.org
4970,Kathy,Rhodes,Spears-Rivas,724.509.7219x5759,caleb96@proctor.com
4971,Mariah,Cooper,Santana-Mckenzie,058.336.3926,russellcallahan@barr.com
4972,Wendy,Cole,Dyer-Dawson,573-285-0310x9287,vbautista@patel-espinoza.com
4973,Ronnie,Hanson,"Moon, Fox and Pace",(016)387-6153,beanalan@guerrero.com
4974,Shari,York,Hayes-Davenport,+1-006-563-7378x192,ngoodman@parks.com
4975,Dominique,Tapia,Meadows-Cooley,857-570-8724x2249,sherryellison@garza.com
4976,Nina,Herrera,Calhoun-Owens,178.878.6052,pamela42@glass.com
4977,Eugene,Atkins,Graham-Ray,(158)309-8674,tharrell@price-chaney.com
4978,Chase,Booker,"Strong, Ochoa and Ford",032.543.4977x60128,joycelarson@williamson.com
4979,Alfred,Myers,"Gonzalez, Ramirez and Butler",606.470.2993,kirk91@howell-nicholson.com
4980,Casey,Schmidt,Marks-Manning,+1-485-518-1094x63757,nashross@hebert.com
4981,Angelica,Solomon,Lozano-Kane,+1-996-302-5746x4294,mistyhendricks@adkins.com
4982,Carla,Madden,Cox-Blankenship,001-433-003-6830x7292,bentleykristi@fox.com
4983,Ivan,Butler,"Summers, House and Adams",-9996,castrocheyenne@hudson-ortega.net
4984,Adam,Davila,"Robbins, Miles and Sellers",-5996,ulevy@wood.info
4985,Stefanie,Baker,"Sanford, Casey and Castro",492.401.5682x785,tommy90@berry-lane.com
4986,Glenn,Everett,"Hahn, Zamora and Thompson",(885)751-5330,conradmadison@baldwin-barker.info
4987,Chase,Bartlett,"Parsons, Glover and Li",(809)947-4277,zacharyfleming@kennedy.biz
4988,Mark,Stein,"Bailey, Hanna and Webster",830-169-0995,barberelijah@cameron-harvey.biz
4989,Jaime,Sampson,Jefferson-Delgado,256-928-6970x9868,spearstheresa@bowen.org
4990,Katrina,Dunn,Noble PLC,(977)185-6031x9439,medinaregina@pittman.com
4991,Gerald,Dominguez,Mata-Bradley,829.483.1493x6723,kenthale@flowers.com
4992,Sierra,Diaz,Mcpherson Inc,+1-803-501-3477x8101,charlotte76@booker.com
4993,Hannah,Gibbs,Holmes-Ferrell,+1-626-701-1321x373,braysonia@yoder.com
4994,Olivia,Pittman,Collins PLC,001-017-456-9811,pottskaitlin@rhodes-tucker.org
4995,Debbie,Simon,Kirk PLC,(729)969-8630,davepitts@turner.org
4996,Susan,Guzman,"Harmon, Garcia and Terrell",(973)339-9904,santosmarcus@hubbard-daniel.com
4997,Paige,Greene,Padilla PLC,(146)941-9706,abarajas@bright-yates.com
4998,Brandy,Yu,"Houston, Raymond and Roy",001-321-614-6783x73925,kwalton@armstrong-douglas.biz
4999,Cameron,Barajas,Valenzuela Inc,3782980318,richardsonwanda@bowers.com
5000,Dominique,Schmidt,"Khan, Carey and Haynes",(161)951-6303,elaineashley@guzman.info
5001,Alvin,Sawyer,Arroyo-Vasquez,214-843-6155x25205,mullinsdiana@davies.com
5002,Jeanne,Roth,Chapman Ltd,+1-145-247-4461x2054,tpage@cox.com
5003,Tanner,Bowman,"Guzman, Francis and Underwood",375.064.2497x712,pramos@valenzuela.com
5004,Laura,Manning,Reed-Knight,1923538674,ocordova@huff.com
5005,Shannon,Cunningham,"Fitzpatrick, Acosta and Parks",644.754.0813,whitney02@larson-medina.info
5006,Connie,Porter,Benjamin-Galloway,499.382.3292x88532,yolandapaul@durham.com
5007,Courtney,Mcmahon,Atkinson Group,(930)131-0206x824,tammymcdonald@chambers-hancock.biz
5008,Danielle,Kim,Hughes Group,2002382133,huertamarc@pierce-glass.net
5009,Catherine,Hall,"Berry, Rubio and Mendez",+1-504-390-7203x970,tanya13@rangel-parrish.com
5010,Angela,Benjamin,Alvarez-Ellison,001-695-903-9146x5177,qgalvan@booth.org
5011,Jared,Black,Hatfield PLC,401-027-6641,sharonnicholson@mcclain-howe.org
5012,Martin,Marks,Avery Ltd,629094303,villarrealsergio@lowery.com
5013,Wanda,Maxwell,"Garner, Moon and Newton",(664)231-3805x0318,goodwincody@garza.biz
5014,Kirk,Sanford,Donovan-Hodges,9913466962,ericmorton@leonard-conley.com
5015,Kara,Curry,Krause Group,001-444-779-9740x4414,chapmanjoanna@aguirre.biz
5016,Catherine,Gillespie,"Wagner, Wheeler and Sims",+1-166-249-7741x708,zmaynard@chan.net
5017,Roberta,Mckay,Soto and Sons,+1-564-887-7636x89509,danny92@baxter.org
5018,Dan,Blevins,Rosales-Banks,961.963.3695,andreshoward@yoder.net
5019,Angela,Arroyo,"Mayer, Bright and Guerra",154-211-5869x8746,terrellsarah@hatfield.biz
5020,Nicholas,Case,"Dudley, Lopez and Roman",001-383-581-0410,sheila74@haney-reilly.biz
5021,Troy,Melendez,Norman-Malone,898-747-4280x64816,jasminpatel@callahan.com
5022,Belinda,Rose,Horton-Velasquez,001-453-230-8985x249,timdurham@frost.com
5023,Stanley,Chan,Meza LLC,030-235-7555,duane82@moody.biz
5024,Bryce,Pope,Graves Ltd,001-840-865-5420x7234,paige75@mitchell.com
5025,Gregory,Lara,Griffin-Morgan,498-188-6423x06357,kristina38@bryant-briggs.net
5026,Jared,Ward,Flynn Group,(703)985-9509x6481,brockjasmin@hardy.biz
5027,Kylie,Bender,Colon-Schmidt,603-069-7960,warearthur@tanner-eaton.com
5028,Douglas,Lyons,"Cooley, Farrell and Liu",001-609-324-5800x6101,czhang@moreno-luna.info
5029,Terri,Fowler,"Bradley, Buckley and Frye",(266)274-4481x818,xholmes@davidson.biz
5030,Jenna,Hudson,Meyer LLC,8849418566,angelica71@ortega.biz
5031,Gina,Beard,Bradley Ltd,092.223.8542,tsteele@kelley.com
5032,Nancy,Peters,Woodward-Campbell,(459)536-5277x05639,loretta16@soto.info
5033,Kelly,Hart,Underwood-Cochran,+1-788-112-0836x3850,nancy67@frost.com
5034,Douglas,Cochran,Rowland-Vazquez,607.886.2704x02651,montoyatrevor@haley-craig.com
5035,Danny,Shaw,"Mcneil, Martin and Deleon",462-104-8487,nathaniel57@haynes.org
5036,Tammie,Glenn,"Petty, Franco and Oconnell",(467)659-0848,jane10@west-stone.biz
5037,Jessica,Khan,Flores-Casey,+1-890-767-8102x52793,travismoyer@gonzalez.com
5038,Ebony,Hendrix,Rich Group,632-567-6839x8265,juan08@kennedy-steele.com
5039,Kelly,Romero,Vega-Hayes,-1996,snyderblake@jackson.biz
5040,Jon,Bradshaw,Mathis-Houston,001-543-454-8025x287,zhouse@carter-vaughn.biz
5041,Amy,Weeks,Ward Ltd,001-337-924-4762x07176,kerrisnow@gould-walton.info
5042,Susan,Barr,Perry-Roberson,(238)405-6541,conleymitchell@caldwell.biz
5043,Belinda,Baxter,Chapman Ltd,001-173-424-1543x7624,logansharon@martinez.biz
5044,Bernard,Hines,Little Group,(995)517-9344x544,tara28@le.com
5045,Destiny,Brennan,Cannon-Turner,289.520.6563x1895,bernardpatricia@turner-roach.com
5046,Dalton,Combs,Huffman-Sloan,(391)554-4056x77405,kgillespie@obrien-owen.com
5047,Loretta,Sawyer,Taylor and Sons,001-357-516-2655x6182,malik24@thornton.com
5048,Alex,Leach,Hill Ltd,001-481-307-2438x853,brad72@johns-mitchell.com
5049,Kayla,Stephenson,Larsen PLC,804-244-4792x978,jeffpowell@ho.com
5050,Carl,Krause,Wheeler-Duffy,001-247-883-2850x3283,ronniehernandez@mccall.org
5051,Michelle,Branch,Kramer LLC,001-884-362-3123,travisbates@walters.com
5052,George,Burch,Carson and Sons,001-840-733-6976x19460,gmonroe@prince.com
5053,Brendan,Black,"Woods, Beasley and Osborn",3672596342,gregg07@duarte.com
5054,Jonathan,Rich,Gill-Cherry,+1-937-919-0866x654,lmcneil@vincent-rowland.info
5055,Shawna,Hull,Blankenship-Santana,495.743.2987,marcuspineda@benson.info
5056,Judith,Stein,Hinton Ltd,+1-279-033-9866x029,xbanks@villegas.com
5057,Leslie,Hodge,Rios Ltd,7517658154,phillip19@villegas.net
5058,Clifford,Huerta,"Shannon, Bauer and Chapman",+1-303-592-7312x829,rosecaldwell@ball.com
5059,Stacie,Perez,"Fitzgerald, Wilkinson and Jacobs",+1-365-625-9946x467,garrett10@washington.info
5060,Margaret,Branch,Graves Ltd,173-518-7417,gilbert29@estrada-stanley.info
5061,Emma,Holland,"Franklin, Davidson and Donovan",(194)324-7975,shays@riley-torres.info
5062,Amber,Sparks,"Dawson, Haney and Mathews",744-420-0889x43813,schultzdevon@gilmore.biz
5063,Kristen,Cunningham,Woodard LLC,001-412-606-8930,jdavis@rodgers.info
5064,Molly,Rodgers,"Kelley, Cain and Goodman",(700)371-0461x36692,judyreeves@bell.biz
5065,Margaret,Miranda,Johns Group,(656)745-6101x5035,evan43@perry.com
5066,Jorge,Galloway,Spence LLC,8872066119,daisy02@clayton.biz
5067,Ana,Glover,Cruz-Lester,053-914-0101x16800,mercerjeff@zavala-cooke.info
5068,Candice,Woodward,Duke-Cooley,001-629-277-9092,etorres@shepard-farley.info
5069,Cathy,Hernandez,"Peterson, Jackson and Holt",001-351-562-4488,danacain@ruiz.info
5070,Luis,Pitts,Rasmussen PLC,+1-911-026-4019x617,susanpotts@bridges-howell.com
5071,Sharon,Gonzales,Woodward-Watson,+1-979-093-2226x7601,nathaniel78@decker.com
5072,Richard,Cameron,"Chan, Yoder and Herring",001-330-638-3697x77874,ellenvargas@joyce-burgess.com
5073,Vernon,Coffey,Schmidt-Ruiz,340-709-7720x6927,gregggriffith@lin-friedman.com
5074,Elizabeth,Whitney,Montes Group,628.503.1554x740,deanowens@mcintyre-church.net
5075,Vicki,Terry,"Harmon, Spears and Sloan",6319586999,ukeith@decker.com
5076,Leonard,Reid,Yu Inc,416-282-4530x13179,leahpalmer@steele-beard.info
5077,Roger,Marsh,Long LLC,001-621-846-5849x8063,don06@hickman.com
5078,Jackie,Wall,Byrd Group,-3883,cervantesraven@wallace.com
5079,Tracy,Wilson,Hicks-Braun,779-478-0068,fjacobs@rivers.com
5080,Darlene,Lopez,Bentley-Good,106-241-7585,traci63@lopez-sanders.com
5081,Glenda,Velasquez,Liu PLC,6791213549,briannacopeland@choi.com
5082,Matthew,Woodward,Ball Group,+1-611-713-2106x72374,ihogan@richard.biz
5083,Katie,Robles,Yoder-Fuller,001-967-222-2585,diane42@reilly.net
5084,Benjamin,Houston,"Holden, Trevino and Tate",968-809-7996x98609,rhonda21@herrera-glover.com
5085,Roberta,Fuller,"Henson, Mcneil and Wang",(824)149-2279x22865,rfrench@browning.net
5086,Walter,Holloway,Livingston Group,9044849616,lhartman@turner.net
5087,Linda,Mccarthy,Fletcher-Griffith,6789256093,howestephanie@khan.info
5088,Carmen,Sawyer,"Norris, Jacobs and Fields",(509)640-1130x42003,traciecordova@adams.com
5089,Charlene,Riggs,"Buck, Tucker and Sandoval",001-872-577-8305,jmcconnell@collins.org
5090,Mariah,Galloway,Wells-Duran,001-372-463-0219x96438,usantana@roberts.com
5091,Claudia,Simpson,"Daugherty, Oneill and Stone",324.119.8170x0114,margaret02@huff-barrett.net
5092,Mariah,Osborn,Drake PLC,9404368037,barrettkrista@waters.com
5093,Tammy,Livingston,Odom-Kennedy,7529547338,moramegan@hull.info
5094,Zachary,Thompson,Dorsey LLC,001-174-384-6004x2990,christie05@morton.com
5095,Kayla,Sims,Bailey-Shaffer,(908)148-7420,hesterkarina@becker-wheeler.com
5096,Isaac,Orozco,Howell PLC,305636098,bmalone@barajas.biz
5097,Jermaine,Rojas,May-Moses,001-807-117-4399x436,pmorrison@leon.info
5098,Nathaniel,Huynh,"Graves, Gonzalez and Gregory",001-672-674-1220x42811,gailjones@buckley.com
5099,Ronnie,Benton,"Underwood, Jensen and Ponce",(886)996-4333,mcphersonlydia@mcfarland.com
5100,Ana,Salazar,Fitzpatrick Ltd,-1484,faith70@velazquez-maldonado.com
5101,Lonnie,Phillips,Oneill PLC,(684)656-6894x883,pschultz@martinez-weeks.biz
5102,Clifford,Solis,Rosario Ltd,(148)586-2751x808,campbelljeffery@haas.com
5103,Doris,Montgomery,Anthony Group,020-823-7753,gail36@baldwin.com
5104,Erin,Maynard,Smith-Hartman,+1-974-106-9171x7675,pattersoncasey@glenn.com
5105,Sergio,Fisher,"Atkins, Fleming and Wolfe",+1-021-822-7216x4884,miafuentes@ritter-sutton.org
5106,Alejandra,Lowery,Lane Inc,(831)971-4280x760,jason84@hurst-gonzalez.net
5107,Karen,Morton,Mayo and Sons,+1-296-202-4311x5003,ernestunderwood@moore-branch.com
5108,Daryl,Harvey,Huynh-Tate,-5448,fbuckley@durham.com
5109,Kathy,Vaughn,Wiley and Sons,595.199.3363x558,debbiemiddleton@howell.net
5110,Robin,Cox,"Mcneil, Tucker and Jensen",(488)783-2510x089,pkirby@delgado.com
5111,Shaun,Young,"Bonilla, Walters and Villa",5437833380,tricia06@bridges-riley.info
5112,Lacey,Mcmillan,Harrington and Sons,-1531,lchambers@hurst.com
5113,Paul,Solis,Gay PLC,+1-568-619-0790x106,mallorybriggs@pratt.org
5114,Dylan,Lin,Hanna LLC,074-522-6106x934,fryrichard@rios-johnson.com
5115,Garrett,Roberson,"Hayden, Boyle and Lester",154.347.6477,lopezvanessa@villa.com
5116,Nicolas,Jones,Ellis-Price,118-073-3491,patriciaingram@avila-mahoney.com
5117,Michaela,Archer,Lewis-Gamble,(694)317-7514x325,braunmelissa@chapman-townsend.biz
5118,Alfred,Byrd,"Estrada, Arias and Ballard",001-960-206-4226,marvinkennedy@charles-gray.info
5119,Henry,Barton,Townsend-Daugherty,763.214.2640x65548,claire08@gamble-vasquez.com
5120,Brooke,Eaton,"Terry, Stevenson and White",532-581-3895x992,halevictoria@owen.com
5121,Xavier,Walsh,Costa Inc,(380)010-2685x472,phillippollard@lambert-castillo.biz
5122,Wendy,Bentley,Bray-Nicholson,168.321.1954,dennis06@ritter.biz
5123,Kent,Santos,Tucker-Gould,115.285.6685x0927,nhardin@orozco.info
5124,Jeff,Martinez,Mccormick-Charles,001-417-065-5343x59012,reynoldshelen@duncan.com
5125,Scott,Mata,Lucero-Pineda,083-639-5417x487,blackalan@petersen.info
5126,Jocelyn,Sims,Andersen-Lyons,607-344-8292x700,george00@lambert.com
5127,Cristian,Chung,Kennedy Ltd,(733)239-7458x5518,eclarke@hanna-curry.com
5128,Teresa,Chase,Dudley-Stephenson,095.800.3234,samanthajohns@barton-james.com
5129,Ethan,Hayes,Hester LLC,518-357-2198x748,lindseyconner@wood-wagner.com
5130,Thomas,Munoz,"Cherry, Howard and Lowery",(592)933-7720x32601,masongregory@blanchard.com
5131,George,Hawkins,"Washington, Perez and Preston",123-024-4308x1726,flarsen@white-reeves.com
5132,Selena,Hill,Ewing-Benitez,301.692.9254x37716,oscar93@gallagher-webster.com
5133,Jessica,Giles,Lamb and Sons,+1-988-985-8220x998,kristina35@mullen.com
5134,Jane,Skinner,"Cordova, Ochoa and Vaughn",+1-070-331-6026x684,bryce51@moss.com
5135,Dwayne,Bernard,Norton Inc,(996)951-1025,reginaldcooke@decker.com
5136,Louis,Deleon,Jacobs LLC,(131)857-4732,uchung@burnett-collier.biz
5137,Adriana,Howell,"Howard, Wright and Lara",570.065.5665x360,meredith77@esparza-walters.com
5138,Sydney,Higgins,Barr-Gibbs,(946)166-8356x840,grantmelanie@friedman.com
5139,Marvin,May,Rivera Ltd,001-320-865-0560x87977,tfranco@campos-boyd.com
5140,Darin,Sherman,"Dickerson, Mendoza and Carney",895243523,greenshari@crawford.net
5141,Becky,Esparza,Lynch-Morse,224-533-0860x1210,andrea26@nelson.com
5142,Kirk,Howard,Nicholson-Rivera,028.551.2010,bassgeoffrey@todd-haynes.com
5143,Tim,Lowe,"Howell, Faulkner and Malone",775-944-1786x4549,nsilva@frazier.com
5144,Michael,Avila,Hurley-Byrd,(074)333-2601,rfields@cherry.com
5145,Antonio,Mcintyre,Higgins Ltd,060-540-8067x1032,tabitha44@santos.org
5146,Cesar,Gomez,"Pitts, Martinez and Barr",335-832-7844x91725,gbenton@goodwin.com
5147,Carmen,Beltran,"Holmes, Hull and Aguirre",(665)631-2768,bcarney@barr.com
5148,Debra,Barton,Woods and Sons,753.677.1581,danielbaird@powers.info
5149,Sandra,Galvan,Burch-Horne,(690)368-1888x027,orrdanielle@welch.net
5150,Jessica,Mckenzie,Bartlett Group,861.193.6504x7993,lucas74@morrow-bush.info
5151,Tanya,Rojas,Barr-David,6677208633,kerri85@trevino.com
5152,Ronnie,Huerta,"Powell, Rodriguez and Lucero",001-335-210-7981,levi01@bray-andrade.info
5153,Richard,Bryant,"Lucero, Bentley and Lin",547.853.6094,jaime89@reese-orozco.com
5154,Ralph,Flores,Mcgrath-Velez,9590512637,ipeck@stone.org
5155,Kaylee,Mejia,Petersen-Andrews,512.339.3862,josecobb@lowe.com
5156,Donna,Cochran,Strickland-Dillon,9479265383,herbertcarpenter@fry.net
5157,Kerry,Valenzuela,Morrison Inc,966.957.8228x853,meagan04@stuart-hopkins.com
5158,Cameron,Turner,"Mann, Woodard and Beltran",688.701.6652x7737,cesarschmidt@kelley-ford.com
5159,Cory,Garrett,Golden Ltd,9959534365,ayersnorma@hardin-terry.biz
5160,Sylvia,Brooks,Gamble Ltd,422.583.3653x2578,doughertymichael@macias.com
5161,Christopher,Prince,Welch-Mack,5404872238,downsgabrielle@jones.com
5162,Shari,Michael,"Olsen, Leonard and Lynch",(451)313-9050x9308,bethany24@frederick.com
5163,Cameron,Hardin,"Simmons, Cabrera and Johnson",184-641-2858,reeseshelly@travis.info
5164,Teresa,Drake,Clements Ltd,495-142-2335,kara79@stein.com
5165,Alvin,Ayala,Graham Ltd,001-689-486-0315x2131,glenda31@gonzales.org
5166,Alexandria,Mcintyre,Meyers LLC,904-453-6975,deanmendez@torres.com
5167,Holly,Morgan,Potter-Collins,+1-146-686-2558x874,stewarttyrone@robertson.biz
5168,Calvin,Horton,Lam-Bridges,(986)752-9844,judycollier@baldwin.com
5169,Tara,Lester,Campbell-Cobb,736-202-8078x53402,rcarter@quinn.com
5170,Antonio,Vasquez,Sawyer Group,001-010-976-2360x42088,waynezamora@vargas.com
5171,Alexandra,Wolf,"Gray, Atkinson and Mcmahon",835-595-7464x231,ynorman@cochran.com
5172,April,Nixon,Bruce-Dickerson,(720)904-6072x6799,bridget97@eaton.biz
5173,Carl,Dickerson,Gay-Wagner,001-357-020-6365,grace16@english.com
5174,Joanna,Moon,Baker and Sons,(301)135-9206,josephroy@boyle.com
5175,John,Bowman,Allison-Mccarty,001-089-405-5382x9222,mccalllonnie@marquez.com
5176,Briana,Romero,"Wiley, Lucero and Delgado",(230)019-6120x01529,hallann@wilkerson.com
5177,Willie,Benitez,Stark Group,001-482-961-5699x1764,darius02@pratt.net
5178,Tommy,Bryant,"Love, Davidson and Hubbard",775591931,ariana02@paul.net
5179,Leon,Norton,Roberson Ltd,920-392-8668,jonathonellis@shaffer.biz
5180,Claudia,Ramsey,Cohen and Sons,001-969-879-0559x7858,molly00@paul-holt.com
5181,Mario,Mccullough,Sheppard Inc,(264)042-9403x492,reneewiggins@holt.info
5182,Jorge,Aguilar,"Hartman, Gomez and Tran",652-581-4738,hicksaimee@black-johnston.com
5183,Shari,Duffy,Weber-Estrada,(392)126-7217,keith86@choi-ingram.net
5184,Leonard,Ball,Stephens-Griffith,927-310-2239x608,doris44@gallegos-bartlett.biz
5185,Katie,Crane,Clements-Glover,155.055.7725,poncegilbert@terry.com
5186,Kristine,Hensley,Lawson Inc,001-828-991-0429,tamara74@ryan.com
5187,Elizabeth,Schmitt,Romero-Walsh,053-698-9506,jermaineleach@hester.info
5188,Brett,Bender,Bishop-Hickman,+1-281-150-8213x99443,bernard69@barnes.com
5189,Lucas,Ramos,Mullins-Meza,381-482-9679x19469,stephenstristan@carrillo.org
5190,Tracey,Hooper,Shaw Inc,001-440-256-5493x849,rebekahparsons@armstrong-sparks.net
5191,John,Roth,"Bishop, Gould and Oliver",(072)653-7595x94422,vmeyer@waller.com
5192,Jorge,Dunlap,Leon Inc,514-924-4194x8604,stricklandmarilyn@pruitt.biz
5193,Kelsey,Roach,Vazquez and Sons,816-551-9052x61034,janesilva@york-fleming.biz
5194,Tina,Frazier,Castro-Ho,405056305,bethanywood@meza.com
5195,Adrienne,Novak,Douglas Inc,250.749.5145x2466,snolan@ochoa.org
5196,Nicholas,Velazquez,Newman-Dalton,390.395.3508,leedurham@mcmillan.net
5197,Alexa,Clarke,Ponce-Parrish,+1-833-477-7039x39507,wolfejesus@suarez-church.org
5198,Antonio,Dudley,Pham-Wilkins,(372)191-8219x86542,yfinley@shea-randall.info
5199,Jay,Mack,Bauer and Sons,385.425.1951,petersshari@peterson-stout.info
5200,Alexa,Pena,Steele-Holt,-2784,sheryl27@olsen.com
5201,Kent,Washington,Carr and Sons,659.331.7232x239,alexanderjohn@donovan-shelton.com
5202,Kerri,Schaefer,Atkins-Carrillo,622.584.4865,andrewcuevas@hawkins.com
5203,Dominique,Salas,Heath PLC,656-092-7456,yvonne58@elliott.com
5204,Tabitha,Sanford,"Harris, Eaton and Woodward",+1-850-836-4424x156,omathis@arias-frey.com
5205,Wendy,Cardenas,Hoover Ltd,7513221972,alan39@payne.biz
5206,Grace,Kerr,"Vazquez, Weeks and Kidd",001-624-314-2512,pattyevans@shaffer.org
5207,Willie,Campos,Kane Inc,(353)714-6979x51390,joseph62@ryan.com
5208,Samuel,Ali,Flores-Salazar,(002)445-7808x6953,linda63@arroyo-sandoval.com
5209,Miguel,Hall,Kramer PLC,(095)504-5605x14163,alyssaponce@ayala-valentine.net
5210,Faith,Larson,"Nelson, Noble and Torres",(325)982-1819,qreeves@cardenas-doyle.biz
5211,Bradley,Allison,Anthony-Zimmerman,-4889,ewingtyler@proctor-gill.com
5212,Roger,Robbins,Anthony-Mcmillan,263.694.1032x90013,sturner@hoffman.biz
5213,Bruce,Salas,"Barrera, Mays and Harrison",-3207,hooperjeanne@dunlap.biz
5214,Thomas,Chung,Dodson PLC,(195)060-3690x9690,darryl22@jones.biz
5215,Haley,Garcia,"Gallagher, Short and Murray",(196)130-5995x0361,hpadilla@jimenez-pennington.com
5216,Jason,Flynn,"Horne, Rocha and Dean",-1106,cobblevi@may.com
5217,Chelsey,Jacobson,Patrick-Everett,849.938.2779x523,guerreroariana@page.com
5218,Priscilla,Owen,"Boyer, Black and Hurst",001-946-569-0877,emmaburgess@arellano.info
5219,Joseph,Wall,Erickson PLC,6902016856,bcurry@mata.com
5220,Jonathon,Ford,"Colon, Barber and Heath",139-495-3709,ricky49@proctor-michael.com
5221,Walter,Conley,"Palmer, Whitney and Singh",001-210-643-5045,fboone@kidd.info
5222,Jeremy,Adkins,House LLC,+1-625-902-7596x8702,bpotts@bass.biz
5223,Maxwell,Brandt,"Bell, Chang and Newton",768.144.4695,brucehayden@anthony.org
5224,Robyn,Roth,Greene-Rubio,+1-340-339-7433x63285,dianarichmond@mercado.com
5225,Collin,Sweeney,"Sexton, Krueger and Levy",(624)273-9813x89833,franciscovargas@wilkerson-ryan.biz
5226,Drew,Norman,"Olson, Le and Barnes",+1-364-543-5546x8829,arielhorne@madden.com
5227,Ashley,Johnston,Baldwin-Massey,001-092-952-8375,peter77@mcneil-ballard.com
5228,Stefanie,Cisneros,Branch-Reid,001-023-249-6424x271,gail17@davies.net
5229,Carol,Trujillo,Mora-Ponce,(071)043-5772x955,srosario@mendoza.com
5230,Gwendolyn,Combs,"Williamson, Rivera and Serrano",+1-813-653-0361x92523,gpayne@davila.biz
5231,Candace,Robbins,"Sims, Mooney and Harvey",950-629-3049x159,omar95@gallagher-harding.com
5232,Katelyn,Cuevas,Houston and Sons,(236)244-4248x091,shannonsaunders@bullock.biz
5233,Kimberly,Villanueva,Rangel-Cardenas,135.183.3135x12082,phyllisgreene@norris.com
5234,Andre,Best,"Franklin, Holder and Bauer",308.751.2134,jburns@schwartz.com
5235,Daniel,Stout,"Nelson, Levy and Cowan",+1-315-058-4689x84070,malvarez@joyce.com
5236,Alex,Herring,"Zhang, Vargas and Perez",001-766-671-5068x90199,judithhuffman@johnson.info
5237,Darryl,Ashley,Lester Group,-9250,arodgers@hurst.com
5238,Sophia,Potts,Roth-Mason,+1-532-872-6395x38627,lydiabeard@mcbride.info
5239,Cynthia,Stark,Mathews Ltd,296-613-0392x49787,townsendriley@zavala.info
5240,Bryce,Hines,Fernandez PLC,+1-539-454-6922x7343,dustinmelendez@haynes.com
5241,Traci,Gonzales,"Roth, Arroyo and Castillo",(097)647-1505x923,vanessa32@nash.net
5242,Ryan,Chandler,Summers-Mckenzie,468-760-3063x6468,connorhenderson@ramirez.com
5243,Carrie,Pollard,Mann-Wood,(184)532-2411x55192,summerssabrina@chase.org
5244,Brenda,Snow,Pena and Sons,+1-122-890-3560x082,tromero@odonnell.com
5245,Alejandra,Parks,Ward-Ferrell,369.222.9622,sue06@cervantes-jennings.com
5246,Herbert,Bradshaw,Norman-Ramirez,(174)432-1949x06184,yvonne20@nelson.com
5247,Regina,Richmond,Frazier-Peters,+1-653-583-4993x0746,harpermarvin@browning.com
5248,Arthur,Randolph,Love-Mosley,9424762176,carolyn38@jimenez.com
5249,Joshua,Robinson,"Morrow, Watts and Benton",3071728413,kaitlyn22@wheeler.net
5250,Chase,Anderson,Herman-Watts,001-211-043-3552,bradflowers@harvey-mahoney.info
5251,Jesus,Caldwell,"Gardner, Gilmore and Butler",001-637-510-7065x4620,bbowman@stanton-curtis.com
5252,Krystal,Rosales,"Benitez, Malone and Zhang",(822)180-8218,claycarla@mcclure.net
5253,Robin,Carson,"Orr, Massey and Barrett",825.314.5321,villanuevaalec@whitaker.biz
5254,Raven,Walters,"Nunez, Weeks and Ingram",001-958-462-0151x591,rasmussenjeremiah@huber-mccullough.org
5255,Leslie,Murillo,"Rich, Weber and Burke",(830)206-9085x623,salazarnatalie@roach.com
5256,Tom,Mclaughlin,Luna-Moses,237516785,emily15@rice-elliott.net
5257,Javier,David,Mooney Inc,+1-643-532-6073x175,buckleydominic@hampton.com
5258,Denise,Camacho,Chung and Sons,353-275-4274x04209,ebridges@ho.biz
5259,Cathy,Preston,"Fisher, Peters and Gordon",(733)873-0304x551,faithpark@baird.org
5260,Valerie,Salinas,Montes Inc,556.816.2235,knightclaudia@mcgee-carr.net
5261,Deborah,Hanson,Arias-Simon,(622)099-2914,hillfrank@cole.com
5262,Kelsey,Alexander,"Sparks, Anderson and Moss",(666)582-3953x01200,cameronregina@velazquez.com
5263,Ricky,Bailey,Tyler and Sons,(400)449-9913,ubradford@torres-mercado.com
5264,Katelyn,Stein,Olson-Hoffman,476-381-7430x785,jobullock@avila.com
5265,Virginia,Butler,Raymond-Joyce,-3307,hodgeroberta@mcdonald.com
5266,Kari,Levine,"Dickerson, Cook and Kelley",337.642.2902,erinshannon@vance-kaiser.com
5267,Rhonda,Mcdowell,Howell Group,815-607-1889,fbenitez@reynolds.com
5268,Perry,Bentley,Forbes-Pollard,+1-516-165-6317x0239,qwarner@gill.info
5269,Mario,Howard,"Gross, Miranda and Logan",312.024.1752x864,katelyn69@norton-singleton.com
5270,Carly,Brooks,Weeks Group,320-583-8809,craig60@barnett.biz
5271,Darren,Odom,"Stark, Fuentes and Bowman",+1-152-741-4962x8751,travis78@hart.com
5272,Lonnie,West,Frazier LLC,2065726016,phyllis50@padilla.com
5273,Timothy,Rollins,"Petty, Montes and Ramos",398-120-7618,mollyholmes@wall.info
5274,Ashley,Leon,"Joseph, Lowe and Wilson",(242)517-7147x86318,grahambethany@cochran-sexton.com
5275,Eddie,Bautista,"Patel, Zamora and Choi",960-906-0763x75895,sallywu@everett.com
5276,Collin,Kaufman,Freeman PLC,578-359-1494x8859,qcarroll@hardin-knox.com
5277,Kaitlyn,Ware,Cherry-Henderson,498.145.9120,branchdawn@archer.com
5278,Sylvia,Mcmillan,Duran LLC,001-681-982-1756,stewarteugene@gentry-horne.com
5279,Lori,Harding,"Day, Prince and Petersen",(131)893-8633,msantos@owens-reid.org
5280,Richard,Schultz,Lynch LLC,219-477-1573,lisamurray@dickson.com
5281,Brent,Sandoval,"Lowery, Bray and Adkins",423.451.4105,mcdonaldherbert@griffith-castillo.biz
5282,Taylor,Contreras,Hayes-Santiago,158-136-5092,swansonkelsey@mahoney-ryan.com
5283,Gavin,May,Erickson LLC,001-871-531-7752x721,haasgrant@duncan.net
5284,Samuel,Roman,Levy-Downs,281-635-0746x0114,edavila@rosario.org
5285,Bobby,Spence,Durham-Hess,956-045-1315,deanna41@shea-newton.org
5286,Kerry,Soto,Harrington Ltd,(500)218-4362,erussell@huerta.org
5287,Joel,Rose,Ayala-Fischer,001-368-075-3960x297,uwalton@kidd.biz
5288,Joann,Richards,Mcintosh-Fisher,434-232-4441,darrell42@mack.com
5289,Wanda,Morales,Keith and Sons,1144554754,sgregory@whitney.com
5290,Cristian,Chavez,"Strickland, Vang and Hatfield",280-429-6019x477,haydenwilkerson@ray-kane.com
5291,Brian,Davenport,"Cobb, Kline and Castaneda",001-232-407-3571x42767,mcphersonkrista@chavez.com
5292,Connie,Zavala,Carrillo PLC,554-641-3220,oblake@ramos.net
5293,Deanna,Waters,"Nash, Haley and Watkins",001-279-844-7636x762,gnixon@clark.com
5294,James,Dawson,Alexander-Fry,060.109.1905x5514,qhancock@hawkins-reynolds.com
5295,Kristine,Gonzalez,"Schwartz, Fletcher and Mcfarland",1284670415,oscar23@zavala.biz
5296,Catherine,Molina,Holmes-Burns,629-120-4431x598,bradysaunders@mcdaniel-dixon.info
5297,Meghan,Townsend,Bowman Group,(541)002-1423x916,hannahrobertson@leon-larsen.com
5298,Maureen,Koch,Orozco-Miles,+1-983-996-0800x506,betty51@johns.com
5299,Reginald,Benitez,Turner LLC,(707)101-0650,nicholasmills@davis.net
5300,Maureen,Singh,Spears Group,-3471,brandy28@foster.net
5301,Mallory,Hunter,Durham PLC,001-725-338-3759x6032,zmorgan@pineda.org
5302,Felicia,Patterson,Norman-Combs,+1-825-555-2211x318,brett64@sampson.org
5303,Jonathan,Irwin,Castillo PLC,001-725-591-2817x963,rayralph@french-duke.com
5304,Kaitlyn,Avila,Greene-Santiago,-6708,hbarker@gray.com
5305,Norman,Ortega,"Lindsey, Simmons and Ponce",-8598,bglover@mcdonald.org
5306,Yvette,Roberson,Gregory Inc,(665)501-9229x8851,emilygarner@wiley.net
5307,Leon,Holloway,Poole-Kerr,788.124.1301x98543,harold22@sullivan.com
5308,Anne,Vincent,Kramer LLC,2801434808,carpentergerald@hunter.biz
5309,Julia,Kelly,"Mcguire, Stuart and Mccann",709.940.8025x638,igarrison@bennett-gomez.net
5310,Cassandra,Cooke,Decker Ltd,478.831.3922x02431,hardinglance@carrillo.com
5311,Adriana,Wilkerson,Walton-Stark,4699810043,parker65@marsh.com
5312,Mason,Simpson,Larsen-Mays,+1-988-016-7404x553,bernardlynn@manning-perez.net
5313,Kaylee,Sutton,Gillespie Group,-3431,veronica47@glass-stuart.com
5314,Jennifer,Conrad,Gamble-Mathews,(262)644-5494,zhooper@buckley.biz
5315,Richard,Petersen,Henry-Wilson,(082)796-4011,jermaine30@long-bryant.com
5316,Cesar,Pennington,Norris-Mahoney,(040)344-6446,whitneyclifford@costa-black.info
5317,Kiara,Berger,Choi-Kline,986-802-9508x19430,carlhess@cole-todd.com
5318,Erin,Spence,Thomas-Chandler,998.310.9489x438,knicholson@berger.info
5319,Derek,Chambers,Knox-Cooper,-8415,ralphperez@blake.com
5320,Michael,Daugherty,Paul-Reilly,(557)411-6536,bryantmelinda@leblanc.biz
5321,Ana,Zuniga,"Bray, Bradford and Hart",425-885-6023x61517,ronnie08@oliver.com
5322,Larry,Mora,Esparza-Frederick,776-285-3985x123,mmorales@prince.biz
5323,Yvonne,Harrison,"Hughes, Galloway and Ramsey",+1-152-162-9997x024,ymolina@hays-villarreal.net
5324,Bernard,Woods,Hood Group,667-792-8503x471,wyattpatterson@kaiser-forbes.com
5325,Terrance,Hobbs,"Padilla, Jones and Lawrence",931.580.1662x239,veronicamccormick@bolton-reid.com
5326,Meredith,Villegas,Taylor-Watson,-5589,tpeterson@wilson-fritz.info
5327,Roberta,Mays,Willis Inc,(756)244-2927,paynebrent@ferguson.com
5328,Julie,Bush,"Flynn, Pacheco and Bishop",549.984.5496x0654,trujillolouis@morris.biz
5329,Angela,Robertson,Kerr-Schaefer,+1-827-877-7887x618,calhounpam@mcfarland-blankenship.com
5330,Kerry,Giles,Sharp-Salazar,-6045,alejandroconley@burch.com
5331,Jonathan,Ingram,"Benson, Burgess and Castaneda",001-722-178-9867x958,leon42@park.com
5332,Blake,Larson,Atkinson PLC,(900)280-1457,baxterjenna@dillon.info
5333,Gavin,Pugh,"Richards, Johnson and Briggs",694.935.8037x98571,connerjaclyn@neal.com
5334,Jonathon,Garcia,Mcdowell-Davies,528.839.2580,ckramer@logan-reeves.com
5335,Doris,Acosta,Shelton PLC,6800875364,imathis@barrera.net
5336,Rick,Lewis,"Good, Cantu and Cunningham",(225)258-2241,wardjade@howell.com
5337,Brittany,Ewing,Jennings PLC,001-907-271-7657x79526,uboyd@burton.com
5338,Alexandra,Baker,Barajas-Shea,(661)344-6549x81756,annette45@moon-gallagher.com
5339,Annette,Hurley,Meadows Ltd,6556167709,fterry@fernandez-mccullough.info
5340,Alexandra,Vazquez,Stephenson and Sons,2451623774,katrinalamb@mendoza.info
5341,Kelsey,Weber,Harrison-Short,961.337.1211,osbornewillie@becker.com
5342,Javier,Bates,"Guerra, Wolfe and Macias",+1-351-373-2103x21393,sean09@gregory-frazier.com
5343,Devin,Gutierrez,Conner-Lynch,001-143-493-4059x73808,haley46@gomez-house.info
5344,Cole,Mcdowell,Martinez-Casey,091.366.5461,drewknight@mckenzie.net
5345,Bob,Robles,Osborne-Camacho,714-811-3757x91728,becky31@esparza.net
5346,Adam,Neal,Allen Ltd,+1-469-898-4348x20145,randolphpaula@richards.com
5347,Drew,Stevens,"Dean, Wheeler and Lang",020-696-3530x3788,glendachoi@pugh.com
5348,Ashlee,Giles,"Lin, Barrera and Ortega",234-165-0180x95290,uvelazquez@pratt.biz
5349,Adam,Carr,Boyer PLC,(331)208-0488,shahnicolas@dunn.com
5350,Dale,Flynn,Woodard PLC,+1-887-293-2791x8914,stokestheodore@ramirez-benitez.com
5351,Scott,Hess,Lane Inc,032.620.9353,lorrainemclean@lane.com
5352,Lori,Barker,"Compton, Case and Cain",486-780-3696x275,rodney44@chase-frank.com
5353,Tonya,Hess,Washington-Ibarra,001-305-222-2750,ogalvan@perkins.com
5354,Kristopher,Savage,"Webster, Ross and Cherry",744-219-9442,tamiunderwood@rios.com
5355,Geoffrey,Vang,Bonilla and Sons,001-922-835-4371x63464,sergio33@hicks-cantrell.com
5356,Joan,Knight,Lee Group,243-087-3730x7253,jack19@davidson.com
5357,James,Keith,Mays-Murray,5282748394,arianarichards@vargas-bartlett.com
5358,Wayne,Landry,Brooks PLC,(508)055-1774,cantumarilyn@stephenson.com
5359,Ivan,Jefferson,"Valentine, Church and Richardson",859-867-1167x507,laurendorsey@patel-mclaughlin.com
5360,Alvin,Shelton,Woodward PLC,(484)268-5930,vgreen@collins.info
5361,Jonathon,Love,"Luna, Wilkins and Blake",001-239-937-3667x319,frederickmaria@king-burke.com
5362,Jacqueline,Rocha,Simmons PLC,522-050-5801x35272,cassandra80@wiley.net
5363,Sean,Baxter,Ali LLC,(139)136-7647x015,darrensummers@donovan.biz
5364,Julie,Stanley,"Weeks, Nixon and Hogan",+1-913-451-7239x5900,penningtonloretta@riddle.com
5365,Jordan,Fletcher,Kane Group,968.338.6452x3032,stacyellison@pace-poole.org
5366,Christopher,Savage,Mcmillan Group,001-340-240-9645x08986,hbarron@mccarty.com
5367,Madeline,Shah,Cobb-Glover,807-926-0168x5420,stuarttyrone@knight.com
5368,Kim,Campos,Frank LLC,031-471-9197,nrichmond@mayo.com
5369,Norma,Morgan,Marshall-Kaufman,(571)454-3788x68448,lwang@ford-lang.info
5370,Francis,Townsend,"Hobbs, Bartlett and Harmon",306.059.6320x729,fhuang@crawford-avila.com
5371,Rhonda,Good,"Bass, Hebert and Mcfarland",001-631-221-7158x596,keith42@acosta-wolfe.biz
5372,Cody,Brock,Vaughan-Luna,+1-244-071-9879x65702,padillaalec@dean-rose.com
5373,Maurice,Huerta,"Dickson, Wall and Acosta",(557)067-2738x387,tonya48@johns-valentine.com
5374,Joanna,Raymond,"Archer, Strong and Richard",940.427.7392x7452,davilaariana@shields-wiley.net
5375,Elijah,Coleman,Irwin-Mcpherson,001-497-309-7032x043,livingstonjonathan@wiley.biz
5376,Don,Whitaker,Maddox-Mccann,001-925-497-5965,madison57@rubio-holden.biz
5377,Michaela,Dillon,"Gutierrez, Cruz and Freeman",975-393-0290x83245,kara47@mcclain.net
5378,Sheri,Hall,Ritter-Holt,(229)736-5499x814,lisacalderon@pittman.com
5379,Megan,Hughes,Ortega-Graham,+1-410-291-8441x1285,travisrivers@singh-hobbs.net
5380,Stefanie,Campbell,Carlson Group,374.634.7388,freemankayla@williams.com
5381,Isabella,Frye,"Knox, Berry and Fuller",001-353-927-4056x87809,wendy99@boone.com
5382,George,Gonzalez,Stark-Spencer,+1-960-964-2072x602,judypollard@nielsen.com
5383,Brett,Green,Higgins-Hoffman,376-743-6879,bradleymiller@monroe.info
5384,Annette,Bolton,Jimenez PLC,(705)435-0872,gbarrett@hamilton-bush.net
5385,Brendan,Frank,Wilcox-Ramirez,403-291-8598,ethanduke@sims.com
5386,Lucas,Welch,Boone-Rowe,233.069.6749,alyssa83@rich.com
5387,Jeanette,Tanner,Miles Ltd,099.671.2570x16105,kclay@nielsen-gray.biz
5388,Paige,Saunders,Lang-Alexander,498.129.7550x047,knapptammy@everett.org
5389,Donna,Flowers,"Moses, Ashley and Kelley",140.744.4506x472,chungcasey@pratt-glass.com
5390,Grace,Pennington,"Mills, Gray and Conley",-4131,dianesimpson@patton-allison.com
5391,Ana,Stanley,Tran Ltd,(816)928-5793x555,wigginskristie@tyler.org
5392,Austin,Fox,"Copeland, Barnett and Sims",062.511.8768x80106,xbyrd@freeman.org
5393,Kirsten,Arnold,Ritter Group,-6507,uvalenzuela@chung.com
5394,Donna,Cline,Landry-Cross,+1-797-536-7823x4448,everettisabel@rangel.com
5395,Cheyenne,Rhodes,Dean Ltd,001-161-649-4107x75737,dmooney@joyce.com
5396,Jacob,Santiago,"Daniels, Hickman and Duke",001-708-693-1075x108,psolis@adams.com
5397,Debbie,Mata,Villanueva Group,(277)213-7616x89807,luismahoney@dennis.com
5398,Marisa,Nguyen,Cuevas Inc,001-310-123-5233x4699,sandra64@fox-harmon.org
5399,Summer,Frost,West-Jennings,+1-420-810-4359x84293,kmorrison@costa-ellis.com
5400,Caitlin,Arnold,"Mccall, Cantu and Burke",001-420-686-6508x61412,bob74@hart.net
5401,Max,Ford,Vaughan Group,(409)218-0392x3525,dbird@robles-palmer.com
5402,Latasha,Mason,Lamb PLC,946-294-6443x3594,jeanette88@walters.com
5403,Frederick,Beltran,Chen-Thomas,(417)390-6854x3623,bonnieguzman@booker.com
5404,Roberto,Gardner,Wheeler LLC,692.047.1650x90600,annacarson@herring.com
5405,Brent,Espinoza,Spencer Group,212.348.6751,walter41@sullivan-leon.com
5406,Summer,Miller,Swanson PLC,+1-865-251-5710x45002,powerscindy@chan.biz
5407,Teresa,Sparks,Gray-Walls,868-979-0906x68940,zshepard@french.com
5408,Alyssa,Morales,Rogers Group,714.342.6502x130,joyhess@hancock.com
5409,Chris,Soto,Fitzgerald and Sons,001-995-850-5072x574,louismalone@black.com
5410,Deborah,Wiley,"Weiss, Gaines and Little",(692)333-4684x7351,michaela78@frost-campos.com
5411,Chelsea,Gill,Nash-Duffy,025-971-8561,mwallace@mckee.net
5412,Fred,Zamora,Marshall Inc,+1-060-231-9197x7789,christopherwise@wallace.com
5413,Shane,Gonzales,Vincent-Hanson,-10588,greggcontreras@hunt-stevenson.net
5414,Ariel,Shah,"Leach, Cross and Douglas",7651722701,shelbypennington@holt-winters.com
5415,Elizabeth,Pierce,Shields-Meadows,001-229-510-5743,oalvarado@mooney.com
5416,Carol,Hull,Watkins-Mathews,001-184-488-0831x41687,agould@joyce.info
5417,Francisco,Patterson,"Cannon, Franklin and Swanson",103-305-7355x300,stricklandeugene@villarreal.com
5418,Wanda,Morrow,"Weaver, Church and Dorsey",(114)405-3146x8121,fernando52@sampson.info
5419,Phillip,Arroyo,"Gibson, Cantu and Fuentes",(741)619-2706x8521,acostabreanna@cooley.com
5420,Robyn,Noble,Shields-Ball,161-501-0848x12007,brandon00@soto.com
5421,Jaclyn,Mcintyre,Conrad PLC,+1-780-845-0989x996,washingtonclaudia@mcgee.net
5422,Lynn,Mcintyre,Gibson PLC,518.249.1014x108,susan23@griffin-willis.com
5423,Jeff,Horton,Schultz LLC,195-025-3450x55916,clarkegrace@lynn.com
5424,Autumn,Reeves,Chandler and Sons,930-174-8807x5670,greernorma@gregory-pearson.info
5425,Faith,Cohen,"Frazier, Russell and Bridges",+1-893-467-7354x41283,fhammond@huynh.com
5426,Sonya,Oliver,Chaney Group,121-443-8943x245,jholloway@stokes.biz
5427,Kerry,Montes,Newton Ltd,001-567-460-6343x910,stanleyhudson@spence.net
5428,William,Glenn,Robertson-Strickland,(841)976-6248,jacquelinehogan@sanders.com
5429,Bonnie,Arias,Brandt-Floyd,(419)557-9424x1562,bradymassey@edwards.org
5430,Lance,Reilly,Dominguez and Sons,001-772-403-1252x048,liuchristy@alvarez.info
5431,Breanna,Curry,"Dillon, Henson and Herring",(613)297-2142,murphyamy@tyler.biz
5432,Natalie,Underwood,Dorsey-Kelley,138-428-8532,cody84@watts.org
5433,Oscar,Fletcher,Avila-Barrera,(098)116-4019x187,evelyn37@shah.com
5434,Peggy,Skinner,"Conway, Trevino and Chang",(656)258-3354x881,annettegordon@bradford-fitzgerald.com
5435,Ernest,Cruz,"Macias, Spence and Osborn",(209)657-6519x04728,janet08@casey-watson.com
5436,Colleen,Stevens,Norman Ltd,282-566-2323x5362,mark56@vincent.com
5437,Jeanette,Dalton,Tran LLC,403-880-1464x38205,sonya88@pace.com
5438,Rickey,Lozano,"Hickman, Mora and Blevins",549-338-7586,glassjorge@knox-mendoza.info
5439,Kellie,Andersen,Zamora-Macdonald,249-211-7480x4082,joanne48@todd.info
5440,Guy,Ho,Marquez LLC,001-640-301-5218x2804,hwebster@sharp-stuart.com
5441,Sandra,Velazquez,Thomas-Underwood,001-434-070-5507x1100,bill28@petersen.biz
5442,Mikayla,Wang,Adkins and Sons,(578)532-3458,henry04@ramirez.com
5443,Stuart,Murillo,"Fischer, Melton and Riggs",253-966-2943x74221,gregoryashley@donovan.com
5444,Robyn,Hubbard,"Ibarra, Fitzgerald and Stuart",-8779,hancockbrenda@pena-barron.com
5445,Mikayla,Valencia,Kramer-Stuart,+1-527-366-8460x563,connor72@wu.biz
5446,Leslie,Freeman,Archer-Case,001-146-935-3394x50953,andreshuang@sweeney.com
5447,Mitchell,Pham,Arellano-Vaughn,001-167-855-6949x65836,francokent@dixon.com
5448,Loretta,Blake,"Saunders, Montoya and Walton",001-839-805-0313,maxwellspencer@cortez.com
5449,Jacob,Chapman,Keith Inc,+1-346-094-5139x23120,nicolas50@trevino.org
5450,Joy,Osborn,Bauer-Wise,(331)205-1481x6267,dtrevino@hogan.com
5451,Heidi,Newton,Levy-Oliver,145-183-3283x771,peggy64@walsh-andrews.com
5452,Leah,Cross,Stone Group,530-405-6674,bperez@ray.com
5453,Alisha,Leach,"Stafford, Gibbs and Stanton",-7670,vaughnjade@oliver-petty.net
5454,Parker,Gross,"Schultz, Escobar and Lynn",+1-202-647-3152x26348,spearsjillian@barrera-bass.biz
5455,Alejandro,Avila,Figueroa-Finley,001-676-546-9252x8454,kellishaw@valenzuela-trujillo.com
5456,Jeremy,Ward,Davidson-Jordan,(411)351-6848,phamsydney@ellison.com
5457,Joyce,Montgomery,Gregory-Mckee,175-603-3323x6815,jeff75@mccann-preston.com
5458,Breanna,Fernandez,Mcmahon Ltd,+1-007-438-1718x73136,chebert@pope-rollins.net
5459,Grace,Jenkins,Garner LLC,+1-904-437-5714x64398,fredericksamantha@nixon.org
5460,Kaylee,Hardin,"Mosley, Johnson and Weeks",001-729-803-3682x91674,rsummers@paul.org
5461,Patrick,Flynn,"Dickerson, Mahoney and Rocha",-448,shaunadams@brewer.biz
5462,Debra,Odom,"Rojas, Peterson and Black",388-818-5741x888,mooreronnie@singleton.com
5463,Kurt,Knight,Sanchez Ltd,925.567.5175x24226,ovalentine@schmidt.com
5464,Terrence,Collins,Larson and Sons,001-056-906-5658x514,alexwong@castro.com
5465,Hector,Chase,Carter Ltd,+1-525-546-0010x717,jorge10@maddox.biz
5466,Roberto,Foley,"Hamilton, Wheeler and Navarro",120-343-4348x788,hvincent@butler-pena.info
5467,Bobby,Estes,"Allison, Norris and Roberson",647.789.1274,donnadyer@bullock.info
5468,Elaine,Howell,Bird Inc,961-336-9313x0559,bryansharp@ferguson.com
5469,Kim,Blair,"Valenzuela, Curtis and Norman",(655)232-3065,mirandasimon@landry.biz
5470,Ray,Meyer,Novak-Steele,001-175-218-2438x214,snowjim@murphy.net
5471,Christine,Kline,"Serrano, Mcmillan and Hicks",001-243-868-0472x011,anita21@leon.com
5472,Mercedes,Hammond,Mullen and Sons,001-142-185-2595,galvanandrea@hester-rojas.org
5473,Arthur,Dorsey,Wilcox Ltd,687-171-7144x6493,mdixon@bates.com
5474,Margaret,Casey,Maxwell Inc,001-429-525-8997x7292,bethany89@hartman.com
5475,Stephen,Pollard,"Prince, Rasmussen and Dudley",001-588-853-6112,jermainemorris@sheppard.com
5476,Trevor,Strong,"Kaufman, Baker and Mendez",7900361682,gavinfinley@bauer.com
5477,Javier,Brandt,Ware Ltd,152.277.8766,qsmith@newton.com
5478,Danny,Callahan,"Calderon, Beck and Lindsey",(156)077-1338x82255,ychoi@carpenter.org
5479,Marcus,Wong,Alvarado Inc,+1-714-331-2724x4280,dhebert@chambers.com
5480,Rose,Tate,"Shea, Benitez and Davies",+1-562-662-8749x2482,umeza@mcbride.net
5481,Alice,Moses,Haney-Howell,403.791.2311x740,destiny69@ali-vega.com
5482,Jennifer,Cook,Knapp Group,-8160,hardingsamantha@hobbs.com
5483,Brett,Guerra,"Nguyen, Travis and Clark",673.200.6865x9166,iyates@colon.info
5484,Carmen,Wolf,"Cannon, Levy and Pittman",862.600.5924x44611,kroach@walton.biz
5485,Daryl,Jacobson,"Sullivan, Rhodes and Walls",074-906-2040x7211,vanessa53@spears.org
5486,Hayley,Krueger,Cortez-Mcintyre,001-669-630-9244x21229,marc30@webb-watson.net
5487,Tina,Chase,Kaiser LLC,330-494-9986x098,grossnorman@li-cox.com
5488,Christy,Adams,Holder and Sons,023-619-7456x4466,evelyn61@calderon.com
5489,Shaun,Stuart,Spencer-Buchanan,625-643-0309x6458,gonzalesroberto@johnson.com
5490,Steve,Banks,Gibbs LLC,754-800-2044x1732,kentpatton@potts.net
5491,Vickie,Davies,Sanders Group,199-358-7192,vaughnwalter@mercer.info
5492,Victoria,Grimes,Stevenson Ltd,001-320-745-1787x2420,lindalindsey@vang.com
5493,Damon,Camacho,Camacho-Brennan,(902)053-8436x474,chelseaharris@wells-villa.biz
5494,Calvin,Livingston,Vincent PLC,001-899-245-0700x0012,trogers@murray.org
5495,Adam,Koch,Gonzalez-Henson,+1-525-971-2588x134,drewsilva@potter-andrade.com
5496,Leroy,Burgess,Atkins-Zamora,8249238804,antoniovargas@franco.com
5497,Denise,Estes,Reynolds Ltd,976.083.8808,eugene10@henson.com
5498,Christie,Allison,Bridges-Mclean,065-439-0404,sallyalvarez@mcintyre.org
5499,Kelsey,Morris,Collins PLC,001-516-947-2216x1645,awinters@lara.com
5500,Teresa,Cain,"Rios, Todd and Compton",104.865.5667x7032,bergmarcus@goodwin-houston.biz
5501,Scott,Bonilla,Mckinney Inc,869.481.6199,baldwinkenneth@preston-mclaughlin.com
5502,George,Macias,"Vaughan, Krause and Wilkerson",-4519,lynnhopkins@ramsey-matthews.net
5503,Rachael,Copeland,Norris-Olson,796-477-4506x9339,lance78@walters-bradley.com
5504,Darlene,Hoover,Stout-Hanson,+1-728-566-2148x3585,uhopkins@castillo.com
5505,Jordan,Swanson,Curry-Freeman,001-940-108-9844x681,earlmcgee@cox.biz
5506,Blake,Moody,"Key, Briggs and Wolf",+1-115-517-1796x8799,dalecarroll@coleman.com
5507,Jeremy,Bridges,Taylor Ltd,187.115.4219x672,dorisfrank@carpenter.net
5508,Brittany,Holden,"Haas, Li and Bond",627-049-2595,katelynhorne@gross.com
5509,Joel,Sandoval,"Ray, Munoz and Tyler",642.930.2530,xharding@baxter.com
5510,Chase,Luna,Fritz Ltd,942.397.7062x513,ruth88@baird.net
5511,Shawn,Bolton,"Michael, Mccann and Mayo",657.467.6122x85402,nrasmussen@cantrell.info
5512,Hailey,Murphy,Reed-Mcclain,304982075,warddennis@alvarado.com
5513,Molly,Vance,"Zuniga, Sexton and Richards",(709)862-4510x7824,suekey@cole.org
5514,Roy,Mcmahon,Durham PLC,867-634-0191x15265,stacy75@berry.com
5515,Kathy,Brewer,Hughes-Riley,001-558-882-8195x4006,mpowell@moreno-villa.com
5516,Douglas,Guerrero,Nguyen-Archer,+1-996-645-6021x01612,kyliejames@oneill-cooper.com
5517,Lindsey,Neal,Meadows Inc,772.508.6285x72574,epage@rowland.net
5518,Dave,Adkins,Garza-Thornton,477-927-2164x815,dorothy78@hood.net
5519,Pedro,Montes,Ibarra Ltd,670-415-5101x1057,hhammond@stafford.biz
5520,Hannah,Bush,Dawson-Mclaughlin,(657)360-1489x828,tanner38@marsh-little.net
5521,Shelley,Phelps,"Riggs, Contreras and Allen",275.069.6731,dominic75@may.com
5522,Benjamin,Malone,Gordon-Hopkins,001-615-314-3507x3405,shelbylara@brady.com
5523,Alyssa,Woodard,Norton-Dudley,001-779-112-8126x6111,hansengene@meyers-hatfield.biz
5524,Bill,Richards,Novak-Long,329-543-1121,lekellie@christensen-lam.org
5525,Frederick,Cuevas,Rosario PLC,432-895-1524x9036,sergio51@stewart.org
5526,Vanessa,Tran,Pitts and Sons,179-469-2275x4570,astein@mckinney.com
5527,Jeff,Ballard,Oconnell-Dyer,001-776-526-6951x541,mackenziebeck@haley.com
5528,Daisy,Moon,"Sanford, Gallegos and Casey",(415)335-2966x6505,steveosborne@hoover.com
5529,Mike,Coffey,Murray-Dillon,001-396-767-6898x82477,bryankrueger@walters.net
5530,Dominique,Gay,Farmer-Moses,2552418437,wilkinssylvia@mercer-page.com
5531,Caitlyn,Saunders,Glass-Byrd,5367053156,avaughan@johnson-bean.com
5532,Patrick,Decker,"Choi, Guerrero and Hahn",8931524762,rileyjuarez@greer.com
5533,Jocelyn,Mcguire,Reid-Gomez,(272)329-9482x2911,dhayden@ortiz.com
5534,Krista,Guerra,Valenzuela-Webb,672-744-4061,cynthiahouse@mata-parsons.com
5535,Nicolas,Deleon,"Powers, Lucas and Hatfield",001-806-019-2469x106,hkaiser@medina.com
5536,Erica,King,"Walton, Hunt and Lindsey",010.579.3755x74333,xtownsend@hoffman.com
5537,Katelyn,Vincent,Davies-Byrd,145-733-3548,tracey24@sullivan.com
5538,Chelsea,Everett,Lam Group,164.636.6584x868,vaughanmarilyn@hamilton.biz
5539,Chris,Buck,Bowman-Bowen,948.512.2454x11348,damon10@clarke.com
5540,Christine,Allen,Barry-Rocha,+1-383-805-5431x703,yuwarren@rush-ellison.com
5541,Terrence,Mccormick,Haas-Dudley,001-034-154-9497,goldendonna@castillo.com
5542,Jesus,Chaney,"Odonnell, Knight and Wu",(304)133-2020x2431,kaylee52@sloan-huang.info
5543,Jeremiah,Castaneda,Roth Inc,001-574-492-6274x26376,miranda52@goodwin.net
5544,Riley,Hartman,"Gonzalez, Pittman and Sampson",840.683.0632,mckenzietara@bryant.com
5545,Maxwell,Curry,"Huber, Collier and Martin",978.125.7335x45676,xbarker@dennis.com
5546,Felicia,Mclaughlin,"Webster, Barrett and Ferrell",(706)401-3801,patty05@watts-chambers.com
5547,Sergio,Rasmussen,Solis-Parker,791.522.8205x4739,whanna@lyons.info
5548,Holly,Blackburn,Ibarra PLC,383.451.6078,stewartleonard@joyce-warren.org
5549,Ronald,Everett,Cuevas Group,-8651,sotomanuel@schneider.com
5550,Devin,Coffey,Joyce and Sons,001-944-542-5368x63077,zmaxwell@cruz.com
5551,Makayla,Buck,"Morton, Jordan and Mccullough",(709)256-4367x18544,uharrell@meza-dudley.com
5552,Allison,May,"Lopez, Suarez and Archer",(816)487-2910,jonesdoris@weber.com
5553,Clarence,Valenzuela,"Bowen, Whitney and Cunningham",474.350.9740x91212,christine17@cross.info
5554,Marissa,Hamilton,"Wolfe, Pratt and Knapp",9641430198,alan94@hanson.com
5555,Madison,Davila,Mcintosh-Buckley,001-119-248-4493x277,roystuart@garza.com
5556,Heather,Roman,Watson Ltd,055.572.4263x219,elainekennedy@price.info
5557,Leroy,Summers,Wood Ltd,+1-768-860-1254x85813,angelparker@trujillo-rollins.com
5558,Marilyn,Chan,"Day, Arias and Washington",+1-910-900-7825x08202,eduardo28@villegas.info
5559,Neil,Castro,Perry LLC,+1-838-474-6768x6751,inorris@crane.com
5560,Kristina,Fernandez,Mcpherson Group,257.714.7910x724,maynardroberta@wagner-conley.org
5561,Shelby,Miles,Horton Ltd,-9456,iavery@myers-flynn.com
5562,Sharon,Pearson,Lucero Ltd,938-894-4370x10805,dorseyrhonda@pacheco-holland.com
5563,Wayne,Gallegos,Graves-Vaughan,+1-341-876-2824x2122,alanpayne@wilkins-goodwin.com
5564,Samuel,Petersen,"Lang, Cardenas and Paul",353-801-3661,jacobsontammy@glenn.net
5565,Cory,Mendoza,Browning-Gibson,(556)934-9267,blakecole@sellers-herrera.org
5566,Rebekah,Salazar,"Meadows, Koch and Baker",-3686,camerondawn@huffman.com
5567,Mia,Newton,Lucero-Ryan,001-514-679-4175,wayne07@frank.com
5568,Lonnie,Mccormick,"Schwartz, Beck and Carr",545-882-5871,bill74@jarvis-dunn.com
5569,Meagan,Strong,"Silva, Paul and Navarro",+1-569-441-0956x3555,randyvalencia@thornton-mcintosh.com
5570,Ruben,Hutchinson,"Hicks, Hunt and Fuentes",763-794-0913x5540,mathewrogers@little.com
5571,Gina,Hines,Burton PLC,655.231.9348,nmccormick@mcclure.net
5572,Brittney,Trujillo,Pearson-Larson,875.063.7891x205,lynnduke@cox.com
5573,Colin,Rubio,Patel PLC,001-730-951-2270,xyoder@mckee.com
5574,Julie,Villarreal,Estrada Group,223-335-9416x9790,christina49@holder.net
5575,Casey,Castaneda,Miranda-Cunningham,(081)198-8907x566,phyllis30@mcknight.com
5576,Alec,Murray,Alvarado-Costa,201-589-3576x01434,wolfesarah@mayer.com
5577,Matthew,Booth,"Wilkins, Beasley and Keller",001-676-490-1595,preeves@noble-schaefer.com
5578,Sharon,Harrison,Gilbert-Chung,+1-193-279-4229x47473,hudsonkrystal@hernandez.com
5579,Haley,Decker,Leach-Griffith,781-410-0982x611,annettecervantes@jennings.biz
5580,Willie,Bird,Andrews Ltd,628-113-0516x92684,nathan18@hayes-bradford.com
5581,Brenda,Ford,Madden-Livingston,004-455-0074x784,villareginald@taylor.com
5582,Joy,Levine,Washington Inc,805-359-1808,richsamantha@adkins.com
5583,Cassandra,Lamb,Cole-Randolph,(734)558-1033x96722,glenda74@oconnell-gates.org
5584,Alicia,Ayers,Drake PLC,(758)968-4532,suzanne82@leonard-faulkner.info
5585,Christy,Donaldson,King Inc,+1-252-540-3864x364,rtanner@mullen-wright.com
5586,Eileen,Craig,"Bailey, Sanders and Haley",792-238-8526,isabella56@shepherd-wade.com
5587,Misty,Thornton,"Black, Schmidt and Hooper",+1-780-084-0887x985,geraldsullivan@mcdaniel.net
5588,Patricia,Ferrell,Hardin-Hogan,933.021.9202x32213,wgriffith@suarez-hinton.com
5589,Ronnie,Joseph,Cline Group,754.241.2180x662,amccall@jones.com
5590,Marco,Chapman,Blanchard-Graham,(905)631-0655,hansenjorge@daugherty.com
5591,Logan,Cunningham,Gonzalez-Flowers,646-568-2263x5298,wrightjeanne@cortez-moore.com
5592,Laura,Swanson,Glenn-Parrish,222.879.3008,mackkerri@mclaughlin-taylor.biz
5593,Lindsay,Jarvis,Hahn LLC,402-271-8142x836,qhopkins@thompson-jefferson.com
5594,Cheryl,Reilly,Newton-Aguirre,+1-583-584-5528x07142,blake59@edwards.com
5595,Eddie,Donovan,Sutton-Ritter,+1-606-119-0564x68328,pstanton@coffey-rush.com
5596,Selena,Foster,Lawrence Inc,777-209-6849,pottsvernon@raymond-duarte.info
5597,Joy,Ortiz,Wells-Wang,001-124-338-6874x3126,karamahoney@stone.info
5598,Gabrielle,Rosario,Shepherd-Winters,001-155-015-7988x1612,rollinsdarin@tucker.com
5599,Jaclyn,Bautista,Barron-Horn,(598)095-7950,hunterraymond@nunez-reid.com
5600,Jorge,Weaver,Rivas-Arias,+1-944-231-8118x85897,jenny70@lin.com
5601,Krystal,Villanueva,"James, Gilbert and Mack",516-423-5187,haileygarner@garcia.com
5602,Sherry,Melton,Becker-Choi,(171)246-3070x931,espinozazachary@castro.org
5603,Maurice,Lynn,"Rush, Nelson and Everett",139-638-4508x826,daviesshawna@richardson-andrews.com
5604,Jacob,Bruce,Burch-Estrada,4164559869,tmorris@donaldson.net
5605,Billy,Macdonald,Li Ltd,001-112-799-4411x5742,amber71@trevino-atkins.net
5606,Carrie,Barnes,"Gutierrez, Waters and Wade",728216305,dillon87@eaton-acevedo.biz
5607,Linda,Long,Maddox-Kirk,001-226-961-4488x7007,collin14@hart.com
5608,Amber,Wright,"Rubio, Strong and Bowen",713-235-6054,robyngregory@rhodes.net
5609,Kaitlyn,Carrillo,Daniels-Crosby,079-049-5781x084,mark17@sanchez.biz
5610,Alfred,Lopez,Huff Inc,+1-133-745-3620x865,fullerbrandy@petersen-mcmillan.biz
5611,Shawna,Smith,Boyd-Hebert,001-635-092-0285x31841,ycurry@peck.com
5612,Mercedes,Mayo,Morris LLC,+1-874-931-8666x26485,harrycarey@mccarty.com
5613,Jared,Hopkins,Carroll Inc,2041966156,glenn11@beard.com
5614,Jim,Doyle,"Pittman, Dickson and Ramsey",718.800.1616x43730,meghanwhitney@wilkins.com
5615,Wendy,Wiggins,Nichols-Rogers,-9936,monroemax@lee-munoz.biz
5616,Roberto,Robertson,Whitney LLC,001-264-235-1187x81651,pachecojenna@adkins.biz
5617,Philip,Lang,Mathis-Burton,363.197.6452x3284,criley@colon.biz
5618,Kathy,Cook,"Chase, Washington and Mora",239473510,cole55@drake.com
5619,Lynn,Petersen,Salazar-Lamb,322.301.9253,jeanchavez@knight.net
5620,Rita,Porter,Browning-Fletcher,001-673-264-0198x51464,dominguezkatherine@hensley.biz
5621,Allison,Knapp,"Love, Ewing and Underwood",001-976-879-4910,davidsonmaurice@luna-ali.com
5622,Devon,Jefferson,Buckley Inc,919.847.9348,sueboyle@jenkins.com
5623,Alex,Moses,Conrad-Perkins,+1-169-603-4318x67543,lrobles@fox.com
5624,Marissa,Lawson,Stanley-Good,(761)376-9572,pamela02@gibson.com
5625,Jay,Reese,Juarez-Clayton,898-115-5975,kreese@cherry.com
5626,Jack,Stanton,Barr PLC,923.654.0069,bartonwyatt@hernandez.biz
5627,Eileen,Meza,Mullen LLC,878-972-3110x9952,blackaudrey@nash.org
5628,Sonia,Wilkerson,Mcdonald Ltd,493-775-2867x6957,autumn55@schaefer.net
5629,Angie,Bolton,"Nguyen, Richard and Zuniga",7945064210,chase81@beasley-gibson.com
5630,Sergio,Trujillo,Good and Sons,412-836-9934x494,wburke@greene-curtis.com
5631,Tanner,Daniels,Bauer-Pugh,031-516-7403x343,ehuber@kirk.info
5632,Maurice,Odonnell,"Fernandez, Cisneros and Davies",377.043.5728,ggarza@mclean-petersen.net
5633,Jeremy,Andersen,Cooley PLC,001-928-106-5776,bcastaneda@flowers.com
5634,Vicki,Costa,Foster-Curry,+1-174-148-7952x7700,uhoffman@ferguson-mcclure.com
5635,Sherri,Mooney,Mccoy-Wheeler,945.860.2420x5819,shawnblair@murphy.com
5636,Joy,Hendrix,Conway-Glass,+1-042-899-8839x06372,caitlinpage@frye.info
5637,Andrea,Jacobson,Sweeney PLC,001-038-207-1287,uspence@franklin-lopez.com
5638,Johnathan,Cole,"Ramos, Ho and Alexander",360-117-6011x15273,autumn22@turner.com
5639,Alice,Evans,"Adams, Baird and Osborn",229-212-1862,wparrish@cisneros-mason.biz
5640,Gail,Malone,Haynes PLC,(325)080-3401x1834,benjamincarol@olson.info
5641,Nichole,Lutz,Joseph Inc,994-324-9290x8047,vaughancollin@lester-lucas.com
5642,Stacie,Gibbs,Mcfarland Inc,001-989-335-8076x824,meagan71@gutierrez.org
5643,Xavier,Wiley,Christian-Clark,136-316-0457,flam@rodgers-farrell.biz
5644,Marisa,Berger,Weiss LLC,+1-042-511-2228x9911,carolynsantiago@crawford.com
5645,Bailey,Mckee,Oneal Inc,+1-942-770-8497x57825,willismia@bradford.com
5646,Jamie,Caldwell,Gilbert-Moran,001-931-719-5752,ostephens@cohen.com
5647,Donna,Mcmillan,Estrada Group,001-986-808-8850x3298,greg71@kramer.org
5648,Henry,Dickson,Baird Inc,491.915.6303x638,laurenraymond@lozano.com
5649,Jaclyn,Barber,Landry-Leon,(905)154-6988,costaalec@fernandez.info
5650,Walter,Watts,"Newton, Stewart and Maxwell",+1-691-439-5069x7634,katiemendez@gaines.com
5651,Lorraine,Cochran,Wiggins-Shah,-10681,hector38@frey.org
5652,Fernando,Fitzpatrick,Zimmerman Inc,3952038506,margaretblake@shepard.net
5653,Mark,Watts,Woods PLC,987.134.8688x2077,upadilla@freeman.com
5654,Stanley,Collins,"Cummings, Lopez and Marshall",937-272-6016,edgar68@sims-doyle.com
5655,Samantha,Ellis,Swanson and Sons,679-235-6572,barkersara@schaefer.com
5656,Dustin,Walsh,Murray and Sons,3168912917,vickifranklin@kennedy-stephenson.info
5657,Brianna,Garza,Oneal-Cohen,(138)958-9282x703,uhurley@graham.com
5658,Benjamin,Cortez,"Yu, Hodges and Vaughn",232.585.0830x497,shaun72@daniel-bowman.com
5659,Isaiah,Kirby,Compton-Valdez,001-965-361-3446,dmcdaniel@elliott-frederick.com
5660,Sue,Cabrera,"Contreras, Sanders and Wood",382.627.3736x21873,levimorton@kirby.com
5661,Samantha,Schmitt,Arias-Dixon,001-135-763-7078,sarahpark@schultz.com
5662,Andrea,Lara,"Abbott, Everett and Davidson",7549053988,ashleeeverett@hampton.org
5663,Justin,Bell,"Gardner, Hendricks and Ferrell",001-889-787-6501x37470,angel77@hahn-drake.com
5664,Timothy,Fletcher,Carney Inc,143-468-4947,gabrielmcmahon@mayer.com
5665,Nicole,Joseph,"Norman, Huang and Mann",129-610-1207x7439,mcfarlandbrendan@malone.com
5666,Brandon,Jordan,"Schroeder, Mathis and Sampson",025.733.1521x473,everetttroy@brady.com
5667,Jeanne,Lawson,Lin-Gill,(762)827-7364x6340,richarddickerson@crosby-lawrence.com
5668,Candice,Rivers,Harrison-Molina,+1-380-078-2593x940,connerkelsey@austin-king.com
5669,Vanessa,Porter,Massey-Conway,(871)421-2690,daniel65@luna.com
5670,Megan,Hardin,"Mack, Reyes and Wagner",965.421.5696x3591,mccormickbarry@downs-kennedy.com
5671,Frank,Winters,Day Inc,001-485-916-9460x0223,ldunlap@washington-mckenzie.com
5672,Brooke,Delgado,Chen-Yates,001-595-399-8161x27132,kflores@powell-whitaker.com
5673,Clifford,Irwin,"Chavez, Hancock and Nielsen",+1-118-202-5280x5653,crystal02@aguirre-ryan.com
5674,Rickey,Casey,Gay LLC,001-812-651-9751x1806,zhanggordon@holmes-briggs.biz
5675,Marie,Gallegos,Lucero Ltd,001-636-041-5758x198,jeromeestrada@ayers-mcclure.com
5676,Gene,Farley,"Ruiz, Compton and Mcdaniel",823-176-5428x79975,heathbrandi@key.org
5677,Ebony,Sharp,Flynn PLC,279.595.3393x83136,vasquezsylvia@doyle-herman.com
5678,Oscar,West,"Riley, Vaughan and Mueller",3489685029,christopher82@may.info
5679,Ross,Frazier,Lowe-Gallegos,123-927-3449,shearodney@kirk-holden.com
5680,Eduardo,Booth,Ewing-Dickson,154.909.9706,kelliemcbride@solis-small.com
5681,Duane,Pearson,Fuller LLC,327-846-4136x247,teresa89@robbins.biz
5682,Ariana,Jefferson,"Zuniga, Nelson and Andersen",(029)964-7780x35355,eduardo02@vargas-fox.com
5683,Jasmin,Ramsey,Acosta Group,-2270,francisco29@allen.com
5684,Christina,Liu,Castillo-Ryan,-2587,bpeck@allison-roman.com
5685,Peter,Vargas,"Pena, Lin and Barrett",001-543-969-0587x343,rlawrence@hess-boyer.com
5686,Cheyenne,Randall,"Butler, Wheeler and Schultz",-10718,mikewilliamson@cardenas-davidson.com
5687,Melissa,Haley,Russell-Burns,001-211-072-8998x83905,xashley@hood.com
5688,Alisha,Norris,Pearson Group,001-858-268-9484x6183,dillon17@lawrence.com
5689,Isaac,Mckenzie,Johnston-Thornton,998-660-6771x51928,pamshaffer@bruce.info
5690,Matthew,Wolfe,Choi Group,(683)458-2737x503,ralphsawyer@donaldson.com
5691,Isabel,Tapia,"Marshall, Barry and French",001-900-283-6448x0267,grossantonio@cross-li.biz
5692,Brendan,Saunders,Perkins-Rowe,710-293-2822,fryesamantha@golden.net
5693,Judy,Hubbard,Jackson-Rocha,697.406.3414x06077,jenkinsalfred@michael.com
5694,Meghan,Pugh,"Arias, Holloway and Bauer",+1-962-881-0296x05204,rbell@holmes.org
5695,Bryan,Hood,"Brewer, Gould and Brewer",358-535-8467x62670,igarrison@carpenter.com
5696,Jesus,Juarez,Blanchard Inc,001-292-275-0778x5391,briggsnichole@alvarado.net
5697,Darryl,Flynn,Gibson-Salinas,(378)466-4147x7865,amanda77@price.biz
5698,Natasha,Small,"Pollard, Mills and Lin",(033)810-5474,collin46@chase-peters.com
5699,Jasmin,Mcclain,"Small, Farrell and Charles",001-215-743-1911,linda51@chaney-holmes.com
5700,Tiffany,Knapp,Stokes-Wu,(853)182-6190x70008,rutharroyo@spears-lloyd.com
5701,Joyce,Oneill,Arroyo PLC,5234175843,lee82@ferguson.info
5702,Regina,Wheeler,"Sims, Hardy and Esparza",2979664806,isaacmercer@kelley.com
5703,Warren,Jacobson,Ochoa Group,-10690,carolineperry@jackson.org
5704,Becky,Herman,Conner-Martinez,418-049-0238x8780,cathygonzales@rodriguez.com
5705,Tanner,Cooley,Harrell LLC,644-377-0958,zamorapreston@shaffer-garza.com
5706,Paul,Glenn,"Carey, Donovan and Carlson",378.908.5676x61959,suttonlonnie@callahan-stein.com
5707,Geoffrey,Stephenson,"Ponce, Singh and Riggs",(481)271-8815,emcgee@lee.org
5708,Cole,Lam,Schaefer-Barnes,001-548-541-5116x4452,chooper@huffman-braun.com
5709,Joan,Donovan,Wu-Ayala,049.776.1594x838,schwartzlisa@grimes-lamb.net
5710,Shelia,Whitehead,Esparza and Sons,(105)432-8851,mia79@parks-ramos.info
5711,Debra,Sutton,"Gonzales, Peck and Rivera",001-445-161-8250x50433,sandy19@hunter.net
5712,Janice,Wall,Pena Group,7663763712,julian34@leblanc.org
5713,Megan,Armstrong,Ochoa PLC,401.702.0903x15570,andre97@robbins.org
5714,Juan,Jordan,Parks-Mcpherson,003-721-0376,kempalexander@finley-allison.org
5715,Albert,Bean,"Pennington, Kirk and Rasmussen",+1-759-876-1302x57722,blanchardearl@butler.info
5716,Carl,Cardenas,Fitzpatrick-Bishop,001-166-638-8215x333,gamblehenry@fuller.com
5717,Mandy,Johnston,Goodman and Sons,001-426-774-7979x40606,anamccullough@crawford.com
5718,Jocelyn,Mack,Dodson-Wise,074.161.9308x4485,kristie36@nielsen.info
5719,Michele,Morse,"Ortega, Pope and Sharp",006-534-7294,browningdave@thompson.biz
5720,Natalie,Rice,Bradford-Rodgers,001-671-346-8933x11142,sburnett@evans-kline.com
5721,Patty,Cain,Mcdonald Group,321.655.4027x5925,aryan@shelton.biz
5722,Mariah,Flores,"Bernard, Carroll and Taylor",+1-560-198-6524x0077,roberto60@mata.com
5723,Chloe,Holden,Bean-Mullen,642-065-8798x213,qcox@conley.biz
5724,Kelsey,Francis,Esparza-Boyer,7997717407,sonia72@hamilton.info
5725,Stacey,Allison,Blanchard Group,212-658-3367x088,serranotasha@watson.com
5726,Leah,Preston,"Livingston, Morales and Glenn",+1-095-472-7116x540,cristiantownsend@rhodes.info
5727,Jaclyn,Rubio,Carlson-Hickman,331.567.7816x7213,bradley28@morrow-shannon.com
5728,Melody,Wiggins,Kirk-Gross,001-479-056-0416,ymoody@caldwell.com
5729,Sheri,Vincent,Mcintosh-Powers,001-434-912-8550x7945,xduarte@franco.net
5730,Heather,Harrison,Walton PLC,001-545-336-9892x066,connie18@sandoval-pope.com
5731,Alexandra,Boyd,Pitts-Pugh,-4646,rogerbullock@galloway.info
5732,Virginia,Kirk,Gay-Hendrix,(007)769-4144x96722,campbellglen@baxter-gonzales.biz
5733,Tanner,Scott,"Pace, Brock and Chapman",(542)772-6467x83972,sheryljensen@huff.info
5734,Paige,Becker,"Avery, Weiss and Vazquez",059-010-6905x823,osullivan@vaughan.biz
5735,Dale,Pruitt,Burnett Ltd,505-469-2224x227,xmora@barron.net
5736,Jordan,Sheppard,Craig Ltd,(036)827-1178x7553,daryl84@briggs.com
5737,Ellen,Moon,Downs-Anthony,643.613.9692x446,sproctor@gaines.com
5738,Kristie,Benton,Lowe-Griffith,001-433-681-3844x0318,olsondean@solis-glenn.com
5739,Dalton,Yates,"Heath, Hicks and Madden",128-835-7266x15739,cameron54@brennan-greene.org
5740,Vernon,Frederick,"Miranda, Moody and White",394-459-6809x044,joanmeyers@dickerson.com
5741,Madeline,Rowe,"Townsend, Walsh and Sloan",969.107.4039,meganrobinson@tucker.com
5742,Shelby,Gross,"Campbell, Mcintyre and Duke",(951)168-4372x48214,copelandalicia@woodard.com
5743,Christine,Huff,Valentine LLC,001-972-229-3143,reneecampos@nielsen-reese.com
5744,Summer,Dorsey,"Shepard, Russell and Villa",666.728.9792x579,ikrueger@stevens.com
5745,Jason,Lam,Kerr-Mccarthy,001-141-642-8049x7345,rick15@doyle-garcia.org
5746,Sue,Sloan,"Mayer, Mcmillan and Mckinney",645-211-3099x9799,paigeobrien@bryant.com
5747,Christie,Warren,Oconnor-Costa,(753)676-2050,taylorross@preston.info
5748,Alexa,Moody,Branch-Stafford,1991411113,vangrachael@rocha.com
5749,Jenna,Garrett,Guerrero-Combs,877.392.9112,rodgerspeter@arias-graham.com
5750,Joshua,Quinn,"Stewart, Middleton and Ramos",001-581-991-8739x200,mary83@escobar.com
5751,Larry,Patterson,Clayton-Page,075.098.0124x8399,johnmartin@calderon.org
5752,Ralph,Dennis,Olsen Ltd,7190113495,eddie95@gardner.net
5753,Hannah,Larson,"Trevino, Wong and Farmer",836.623.6633x624,cesarparsons@barr-hughes.com
5754,Riley,Cain,Best-Thompson,001-854-447-3498x2544,peter16@wu.com
5755,Molly,Bates,West and Sons,714-729-6342x2108,qjenkins@copeland.com
5756,Rebecca,Zuniga,Harris LLC,003-893-4550,hendrixkirk@kaiser-barrera.com
5757,Kathleen,Crane,Vincent PLC,417.066.5417,jramirez@bird-sutton.info
5758,Sonya,Rubio,Harding-Swanson,(643)924-4289x2825,jillian31@jenkins-whitehead.com
5759,Teresa,Huang,Cunningham and Sons,001-388-815-1756x0088,lbarber@copeland-ingram.com
5760,Kathryn,Bonilla,Bray-Cline,101.681.5669x98634,plopez@noble.com
5761,Pamela,Alexander,Pacheco and Sons,001-396-511-6694x3974,erik39@waller.biz
5762,Jonathan,Griffin,Lin-Sampson,-10684,zcarter@meyer-mckinney.net
5763,Gregg,Wise,Bright-Mcdaniel,001-308-477-7007,craig63@wells.net
5764,Jared,Carrillo,Benitez Ltd,129-101-8493x03492,christieatkins@goodwin.com
5765,Lucas,Pena,"Becker, Oconnell and Aguilar",001-909-990-0940,petersengwendolyn@walters.com
5766,Sylvia,Yoder,Brewer and Sons,717.882.1925x93248,april61@arroyo.com
5767,Cesar,Gillespie,"Howe, Baldwin and Summers",001-085-373-3573,joycecaldwell@maxwell-delgado.com
5768,Richard,Livingston,Sampson-Summers,646-114-9951,williamsricardo@glenn.com
5769,Vicki,Jennings,Baldwin Inc,164.445.0996,arthurcruz@rogers.com
5770,Danny,Black,Key-Haas,654-036-5042x00021,montgomerycolin@cox.com
5771,Carly,Barrett,Murray-Horton,001-008-694-9207,mcguirelouis@tapia-logan.com
5772,Tami,Zuniga,Small-Lucero,977-920-0578,wrightkaitlyn@blanchard.info
5773,John,Bradford,Chavez LLC,(263)732-3049,nicole33@suarez.info
5774,Sandra,Fitzgerald,Vazquez and Sons,(354)535-0766x42008,chobbs@richmond.biz
5775,Sue,Meyer,"Moore, Tanner and Rasmussen",+1-675-450-3658x823,lee13@parks.org
5776,Angelica,Black,Guzman Group,3849212106,santoskirsten@villarreal.com
5777,Ricky,Dorsey,Horne and Sons,-10891,ashleyavery@fleming-erickson.com
5778,Brianna,Baxter,"Barber, Lin and Vasquez",749.536.4500x9039,hross@lynch-swanson.com
5779,Christina,Patterson,Livingston Inc,001-006-772-8187x398,ana02@tanner.org
5780,Dominique,Brewer,Hutchinson-Buchanan,296-935-5166,gbowers@black.com
5781,William,Fields,Huber-Riddle,001-303-253-5791x04771,sheenabradley@mendoza.com
5782,Jonathan,Cohen,"Barr, Mcgee and Archer",424.665.2177x40509,lozanoisabella@little.com
5783,Cory,Rubio,"Blair, Watson and Newton",001-366-733-3066x1097,howejulie@ortega.com
5784,Frederick,Humphrey,"Hodges, Pope and Myers",(115)296-5403x9592,rickey24@caldwell.com
5785,Jeanette,Ruiz,"Daniel, Paul and Ferrell",001-429-647-7042x5700,zoe13@levine-hebert.com
5786,Erin,Barrera,"Weiss, Lowe and Myers",(418)814-1588,jane26@riddle.biz
5787,Melody,Curtis,Blake and Sons,(833)375-4737x64533,toneal@brennan.org
5788,Zachary,Meyer,Nunez-Wyatt,629.379.6334,sophiavillarreal@fletcher.biz
5789,Tamara,Montoya,Hinton-Carpenter,616.431.7352x4023,katie37@romero-mcdaniel.com
5790,Connor,Hill,Vance-Schaefer,001-558-197-3607,aimee09@davies-edwards.net
5791,Colleen,Stout,Cox-Carrillo,+1-696-276-4146x32966,devin36@lambert.com
5792,Angelica,Bailey,Horne-Short,(258)202-4388x177,jodi38@bishop.com
5793,Marcia,Bailey,Newman-Richardson,001-390-043-9251,murillostephanie@whitaker-griffith.com
5794,Eileen,Acevedo,Skinner-Mercado,-4455,lmedina@bird.info
5795,Jim,Sanford,Ware Inc,712-148-9607x48422,ekeller@manning.info
5796,Rebecca,Hobbs,Rollins Group,149-278-1845x166,bradley78@lawson-torres.com
5797,Jesse,Tucker,"Graham, Pennington and Salinas",4578226217,kfox@goodwin-frye.com
5798,Brandi,Mathews,"Rhodes, Howell and Perkins",533.952.7323,kchristian@hamilton.com
5799,Larry,Ellison,"Montgomery, Foley and Oneill",943.931.9475,emathis@huerta.info
5800,Frederick,Bullock,Orozco-Hebert,001-835-668-1766x550,blankenshipdonna@beck-barron.com
5801,Joe,Bolton,"Pennington, Frost and Arroyo",033.917.3047x7708,john58@sampson.com
5802,Joyce,Gillespie,"House, Cherry and Villarreal",057.025.8945x209,nicholsmarc@anthony-anderson.com
5803,Isaac,Brock,Baker-Ramirez,001-813-451-9197x455,russellbriggs@guerra-mullen.info
5804,Beverly,Farley,Barnett Ltd,+1-723-888-4965x332,lesteralex@villegas.biz
5805,Desiree,Bonilla,"Hanson, Gould and Oconnor",(134)407-7090x6721,guerrabonnie@duran-leonard.info
5806,Zoe,Hanna,Lam-Lin,(926)764-9929,bkerr@barry-bender.org
5807,Nicole,Lamb,Snyder-Huber,+1-070-675-7939x50644,trangel@washington-swanson.com
5808,Caitlyn,Baker,Crawford and Sons,929-420-4261x96336,hlin@espinoza.com
5809,Don,Richmond,"Frederick, Brock and Kim",855.943.4820,tphillips@carrillo.info
5810,Joyce,Cortez,Doyle Group,(283)610-9285,jayshields@campbell.org
5811,Shelly,Bond,Pugh-Smith,853-031-4433,alicia63@peck.com
5812,Charlotte,Potts,Reyes-Hensley,+1-608-354-4406x638,ebonydorsey@dominguez.com
5813,Alex,Best,Pope-Singh,001-828-081-4931,blancharddamon@hoover.com
5814,Melvin,Duran,"Barnes, Roman and Benjamin",332.072.8323x8464,patrickalec@clements.com
5815,Theresa,Bradley,Chandler Inc,(561)910-9633x4131,cassandra48@barker.com
5816,Parker,Heath,Hutchinson-Mcguire,+1-908-821-1930x8634,gsullivan@brown.com
5817,Tricia,Rivers,"Atkinson, Robbins and Sawyer",227.135.3572x3259,nortongloria@knox-dudley.biz
5818,Mikayla,Tucker,"Vance, Rice and Kim",697-549-8712x532,lucaspratt@pennington.com
5819,Geoffrey,Logan,Poole-Bowen,-4261,kathleenjames@wilson.org
5820,Angelica,Dixon,Graham-Peck,918-006-1839x56604,warrenparsons@moran-phelps.com
5821,Russell,Mercer,Cortez-Rowland,853.282.5522x183,isabellowe@marsh.com
5822,Calvin,Waters,Herman-Chaney,6934563549,vmontoya@mathews.com
5823,Corey,Fry,Rowe-Hanson,001-896-651-6477x44130,wallssamuel@hansen.info
5824,Darlene,Hubbard,Sanford and Sons,1408737689,lukecuevas@conrad-patrick.com
5825,Destiny,Francis,Gregory-Farley,971-847-7386x69379,ksanford@acevedo-crosby.com
5826,Kendra,Conway,"Barron, Blake and Haynes",(278)349-1438,luisblevins@stokes.com
5827,Jackson,Horne,"Colon, Travis and Willis",+1-485-578-3500x7973,bradwolf@cook.org
5828,Wyatt,Dodson,"Pugh, Le and Gordon",436-829-6249x77093,owatson@herring-chen.info
5829,Madison,Carter,Pruitt-Osborne,(843)278-3452x86514,dmarshall@mcdowell.info
5830,Bethany,Pace,Ray-Watkins,-6051,andresdiaz@reid.com
5831,Autumn,Coffey,"Bowers, Ferrell and Tate",404.987.0689x4899,alisonholder@jacobson-copeland.com
5832,Bernard,Frederick,Collins-Olson,(229)535-9121x2245,jensenalec@mcdaniel.com
5833,Shelia,Swanson,"Rodriguez, Tanner and Buchanan",(929)901-4011x195,nbrennan@beck.com
5834,Annette,Buckley,Strong-Ali,854.283.6866,curtisgregory@sweeney-lam.info
5835,Joel,Camacho,Chang-Woods,001-918-370-5334x57956,alexander05@rubio.org
5836,Gene,Mason,Mcmahon-Clarke,-6580,jermaine11@fritz-boyer.biz
5837,Lorraine,Hull,"Gay, Hardin and Andrade",+1-325-434-6592x8428,mcgrathbetty@perkins.net
5838,Jasmin,Cuevas,Wyatt-Walter,(905)027-3698x19725,staffordsavannah@jarvis.org
5839,Valerie,Blake,Hardin-Robinson,8689537843,tategerald@odonnell-david.org
5840,Eddie,Duffy,"Pineda, Rice and Cuevas",971.743.5961x4812,brianbooker@mack.com
5841,Micheal,Oliver,Patel-Downs,(011)225-4096,summer39@villa.com
5842,Tony,Roberson,Roberts-Sparks,+1-052-316-4407x4450,bholmes@richard-stone.com
5843,Misty,Bauer,Lowe-Mcguire,157.655.7466x527,ray06@frey.com
5844,Kathy,Kirby,Reed-Bullock,001-447-768-3121x6884,jimbowers@hamilton.com
5845,Angelica,Gomez,Strickland-Cowan,693-632-4461,greg79@peck.info
5846,Whitney,Griffin,Larsen-Lin,3333956926,bailey04@pennington.biz
5847,Desiree,Ponce,Black-Banks,936.949.4517,singhsonia@chan.com
5848,Kenneth,Hogan,Velazquez-Walker,028-041-1457x5362,coxbobby@brady.net
5849,Randall,Simon,Jennings Group,(180)818-9854x65763,mccallclaire@howard.biz
5850,Cristian,Robinson,"Wilkinson, Cain and Ortiz",001-111-203-3610x594,deborah23@mooney.com
5851,Bridget,Lara,Huff Group,3244092354,rossmarsh@carrillo-beard.info
5852,Dave,Everett,"Hogan, Griffith and Jefferson",001-413-693-7164x4942,crojas@wolf-pittman.com
5853,Isabel,Maddox,Rodriguez LLC,001-271-193-5436x283,lucas25@randolph.com
5854,Corey,Terry,Gonzalez LLC,(966)629-8719x01676,owatkins@atkins-atkins.com
5855,Clinton,Navarro,"Bond, Hatfield and Riley",001-593-505-4694x266,gallagherchase@chang.com
5856,Bianca,Payne,Galloway LLC,001-705-659-9976x1354,baxtergabriella@richmond.com
5857,Dustin,Waters,Armstrong-Barron,(824)082-0761,sball@bonilla-parker.info
5858,Jo,Lin,"Singh, Burch and Stout",(243)095-5375x34276,leon24@ayers.com
5859,Mindy,Parrish,Brady-Greer,001-607-399-7620x7347,smartin@manning-mccormick.com
5860,Malik,Henderson,"Salinas, Kline and Austin",001-333-398-0191x263,spencerangie@fuentes-finley.com
5861,Gina,Larson,Madden-Lowery,001-340-356-8165,ddyer@hutchinson-schneider.info
5862,Bonnie,Graham,Rowe-Gates,001-021-184-4884x907,durhamsonia@acosta-sheppard.net
5863,Chad,Moody,Velazquez-Hall,001-161-191-1616,garciajoanne@snow.com
5864,Shannon,Gallagher,Price LLC,972.928.9243x9802,logancollier@sellers.com
5865,Christian,Townsend,Lindsey-Lawrence,568.590.8059x14579,levimcdonald@shah.com
5866,Clarence,Hinton,"Johns, Mclean and Harmon",361-507-5650,margaret18@morris-ware.com
5867,Kelli,Vang,Fitzpatrick-Nelson,088.986.3323x112,oroach@watson-blackwell.com
5868,Joseph,Hughes,Wiggins Ltd,+1-017-852-9854x7783,lynnhodges@madden.info
5869,Roberta,Douglas,Hanna Ltd,909.216.6611x02361,kellylee@mcdaniel.com
5870,Duane,Sharp,Shepherd Inc,(928)213-4721x34875,kiara01@phillips.com
5871,Melissa,Keith,"Rice, Benton and Schneider",866688837,brichmond@bradford.biz
5872,Julia,Mullen,Burnett-Carter,001-301-426-0732,wyattlucero@hester.org
5873,Devon,Marshall,Bauer LLC,5060584609,ubowman@mullins.com
5874,Bob,Rojas,Simon LLC,+1-710-208-4619x8422,obarron@hays.com
5875,Emma,Cervantes,Lester-Dalton,+1-727-448-2145x8798,angela24@sawyer.com
5876,Thomas,Moyer,Coleman PLC,(799)996-0165x434,hoodryan@brewer.com
5877,Perry,Tyler,"Dennis, Morse and Elliott",8169911264,staffordlogan@walker-strickland.org
5878,Katelyn,Horn,Morris LLC,761-013-8148,carolynjenkins@fernandez.com
5879,Nathan,Skinner,Evans-Lawrence,020-248-9522,summersperry@davis.com
5880,Carly,Pearson,"Gutierrez, Nash and Garcia",(595)693-4208x838,johnathan63@dorsey-marquez.com
5881,Dave,Benitez,Haley-Pacheco,(761)001-3181,darryl04@aguilar.com
5882,Walter,Luna,Nicholson Inc,(283)703-3102x48134,samuelvillegas@merritt.com
5883,Mckenzie,Alvarado,Hoffman LLC,5872657076,gnolan@price-lucas.com
5884,Whitney,Wyatt,"Owen, Dawson and Levy",(572)978-5973x76260,rollinskarina@rich.com
5885,David,Carson,"Little, Lloyd and Shepard",120-513-2287,dawn40@coleman-bond.net
5886,Dominique,Mcclure,Goodman-Davila,5479200921,miranda16@carroll-carr.com
5887,Jo,Spears,Campos Group,(656)726-3890,grichards@mason-sheppard.net
5888,Lucas,Gonzalez,"Garcia, Watson and Vargas",+1-412-178-9139x94957,laura58@schwartz.com
5889,Brent,Mitchell,Freeman-Riggs,3911780989,deckershelley@arias-ryan.com
5890,Ronnie,Watkins,Russo-Hines,412.668.0132,amandawaters@bentley.net
5891,Manuel,Bradford,"Vang, Orozco and Contreras",-6663,sophiaflowers@owen-joseph.com
5892,Kylie,Martinez,Bautista Ltd,800.903.0807,wmiddleton@winters.com
5893,Tiffany,Foster,Spencer LLC,001-168-142-6147x5329,whitneyshelia@mccarthy-whitney.com
5894,Sierra,Edwards,Franco-Horn,596-226-1357x04873,mcmillanautumn@nash-nunez.com
5895,Marie,Baldwin,"Mccarty, Buchanan and Nunez",486-748-8458,prattbruce@velez.net
5896,Alex,Hines,Armstrong PLC,(089)947-8072x9892,gabrielarivera@lucas-alvarado.com
5897,Makayla,Burns,Alvarado Group,001-235-196-7139,xkrueger@chandler.com
5898,Charlotte,Escobar,Mullen PLC,534.998.5416,frobles@rhodes-gamble.com
5899,Victor,Cervantes,Church Inc,577.255.0722,patricia58@berry.com
5900,Mathew,Mckee,"Shaw, Long and Perry",3660591639,lisabarber@webster.com
5901,Jaclyn,Foley,"Pierce, Herrera and Lozano",-11298,katelyngordon@decker-reed.info
5902,Caitlyn,Charles,"Bush, Humphrey and Dillon",782-838-3701,kathleenfowler@holloway.biz
5903,Jared,Dudley,Ramos PLC,7561803074,williamsnicolas@vaughan.com
5904,Dale,Montes,Marshall and Sons,(683)045-8687x99613,perkinslatoya@golden-mcdowell.biz
5905,Tracy,Manning,Miles LLC,257.154.4479x1851,mckenzie01@wiggins.com
5906,Annette,Cooper,Rose-Graves,+1-054-273-4822x456,meghan21@ramirez.com
5907,Gregg,Jones,Parsons-Ramsey,001-041-245-7904x9083,dmiranda@suarez-waller.net
5908,Lance,Wong,Clark-Herring,+1-170-713-9393x261,aimeedougherty@berg-huynh.com
5909,Larry,Herring,Gibbs Inc,629-233-4454x25483,bryanmeredith@sawyer.org
5910,Dillon,Mann,Palmer LLC,469-388-2609x33355,carla88@mcdonald-glass.com
5911,Cassie,Mullins,Shepard Ltd,588-399-3523x03858,stanleypayne@bowen-guerrero.com
5912,Rickey,Wall,Potts LLC,(160)629-4825x2752,fernandomontes@giles-stafford.info
5913,Jasmine,Yang,"Zamora, Casey and Gonzales",3120730499,ruizkristy@frye-huber.com
5914,Debbie,Hall,"Parks, Moreno and Wright",231.506.7479x077,melendezanne@buchanan-gates.com
5915,Sophia,Archer,"Andersen, Bradshaw and Coleman",+1-110-399-0304x6469,anewton@burke.info
5916,Erika,Mcpherson,White-Vazquez,1518182343,andres23@hartman-adkins.info
5917,Tamara,Dean,Mccarty Ltd,023-642-4171x14971,alexandra32@austin.biz
5918,Harry,Small,"Welch, Sweeney and Sparks",990.374.0187,jacobsonmike@irwin.com
5919,Rhonda,Lutz,Arnold PLC,(050)579-3402,christensenmackenzie@gay-zhang.com
5920,Jesus,Valenzuela,Mclaughlin-Copeland,005-311-4973x26930,dillon76@vance-gonzalez.com
5921,Lance,Quinn,Schmidt-Galvan,8753274936,terricameron@obrien.com
5922,Leonard,Reid,"Vega, Carroll and Bell",+1-301-236-6777x1811,georgehayley@freeman-freeman.org
5923,Victor,Kane,Branch-Holmes,325740912,craig49@marshall.net
5924,Erica,Donovan,Hatfield-Collins,857.650.1466,breanna24@house-mcconnell.com
5925,Briana,Bond,Holloway-Calhoun,001-063-160-5412x537,payneneil@patton-bond.info
5926,Erin,Murillo,Leblanc-Morales,001-546-513-0586x9465,amanda21@hayes.com
5927,Valerie,Hodge,"Nash, Dougherty and Gallegos",574.808.9283,hwaters@murillo.com
5928,Garrett,Valenzuela,Calderon and Sons,405.444.7509,albert40@haynes.org
5929,Lacey,Garner,Williamson PLC,001-304-534-6511x702,wisecharlotte@petersen-arroyo.org
5930,Ian,Wu,Wilkerson-Freeman,+1-585-228-2951x55964,owright@schaefer.com
5931,Craig,Campos,Rowland-Macias,971-846-8719x3323,moranalfred@bullock.biz
5932,Ernest,Key,Bentley-Zuniga,9502404617,xavierdecker@woodard.info
5933,Joanne,Leach,"Donaldson, Michael and Montes",001-061-307-3815,fblackwell@werner.info
5934,Christopher,Giles,Brown PLC,684.171.1119x692,ohoward@roth.com
5935,Willie,Norris,Soto-Ferrell,(392)796-7776,sherischaefer@mosley.info
5936,Eduardo,Burch,Copeland-Little,(546)680-6837x197,camachoamanda@singh.org
5937,Faith,Nixon,"Knight, Mora and Barrera",645-039-5402x265,kentward@hooper-wong.com
5938,Kendra,Evans,Little Ltd,815-471-7619x463,pattonnina@bradshaw-krause.com
5939,Lacey,Welch,"Bruce, Hart and Bautista",(135)475-9034x9214,teresacharles@ewing.org
5940,Ricardo,Holder,Hansen-Kirk,891-644-7342,murillochristian@butler.net
5941,Brooke,Higgins,Abbott Group,+1-759-696-8536x2729,eugenecrawford@jackson.biz
5942,Willie,Skinner,"Bradford, Buck and Mcguire",(808)323-8081x84538,tammy35@hoffman.org
5943,Shelly,Anthony,Chavez-Braun,+1-146-816-6927x73022,riley32@stevens-harding.info
5944,Mindy,Sanchez,Mosley Group,286-465-4384x8859,btownsend@hall.net
5945,Shirley,Gallegos,"Cross, Case and Silva",001-325-719-7766,jesus68@clayton.com
5946,Kim,Perkins,Bray PLC,(946)071-0993x860,schwartzjessica@quinn-mayo.com
5947,Mason,Berry,Hampton-Craig,700.760.1260x32215,derrick89@turner.com
5948,Phillip,Keller,"Wood, Carroll and Melton",331.842.1411x54381,livicki@frey.org
5949,Jane,Henry,Santana PLC,(362)073-5714,bartletttim@glenn.info
5950,Becky,Dawson,Pena and Sons,102-622-9129,deborah67@galloway-pittman.org
5951,Corey,Austin,Oneill LLC,+1-758-846-3094x3903,brad60@valdez-bishop.com
5952,Veronica,Davila,Lamb Inc,(776)730-1191,connor45@wilcox-mccarthy.org
5953,Karina,Rogers,Webb Ltd,041.102.0888x430,brianna78@parrish-mccann.biz
5954,George,Sellers,"Good, Singh and Downs",+1-491-362-4263x656,shelly51@tucker-sherman.net
5955,Robert,Glenn,Molina-Munoz,(716)435-1599,breannachan@hays-chaney.org
5956,Erica,Andrews,Blackwell-Dennis,001-379-361-8902x7493,wanda09@yang.net
5957,Devin,Newton,"Hess, Robertson and Brown",355-328-2884,jill90@murphy.com
5958,Katelyn,Juarez,Mcgee LLC,507-567-4308x45745,stevebrowning@meza.com
5959,Jonathan,Powell,Moss-Golden,700.745.5553x96349,wperry@deleon-morris.com
5960,Hunter,Everett,"Rivers, Donovan and Franklin",332-249-1088,kendra71@shelton-roberson.biz
5961,Terrance,Hutchinson,"Arnold, Odonnell and Miranda",972.277.0999,priscillazavala@gallagher.biz
5962,Julie,Bernard,Lloyd-Clayton,493.083.5993x7039,xdudley@olson.com
5963,Bridget,Cardenas,Thomas-Fernandez,647-099-2086,qspears@best.net
5964,Sheila,Jennings,"Berg, Gould and Morris",153.047.2971x220,bergdanielle@stout.com
5965,Cameron,Acosta,Moss PLC,010-070-4052,jo60@novak-gutierrez.com
5966,Daniel,Francis,Fleming Group,534-857-5285x0167,suttonhector@welch.com
5967,Melvin,Steele,Proctor and Sons,(172)827-2424x90043,ngay@anderson.com
5968,Caroline,Kaiser,"Flynn, Moyer and Charles",751.366.2396x8678,daleyu@donaldson.biz
5969,Albert,Valencia,Atkinson-Lopez,(490)234-7277,dustinreed@hines-stafford.org
5970,Joel,Whitehead,Newman Ltd,314.696.3951,hbryan@tanner.com
5971,Travis,Clements,Velasquez-Shannon,+1-779-554-8082x01804,travisreginald@ochoa.info
5972,Rose,Valencia,Gilmore Inc,399-084-6228,mdonovan@herman.com
5973,Morgan,Lee,Gonzalez LLC,402.454.3460,jennyoconnor@castro.com
5974,Perry,Wood,Atkins-Hart,(917)393-6075x82638,buckearl@underwood-valdez.com
5975,Randall,Lyons,Mclean-Stout,376-024-1899x0663,deannablanchard@madden.info
5976,Jean,Murphy,"Baird, Butler and Avila",636-733-3119,gcastillo@valentine.com
5977,Kaitlyn,Medina,"Gilmore, Costa and Pham",946.775.7259x697,suzanne81@bush-kane.com
5978,Tanya,Bolton,Pham and Sons,(093)569-5972x15724,tonya77@macdonald.net
5979,Savannah,Sharp,Beck Group,432.187.2488x95417,latoya13@fuller-rasmussen.com
5980,Stephen,Riley,Shepard Ltd,-6919,qbarr@landry.biz
5981,Logan,Pham,Rich LLC,001-600-457-2788,mortonterrance@graham-foley.biz
5982,Brett,Stout,Key Ltd,726.688.6973x2863,daniel23@middleton.info
5983,Sergio,Trujillo,Lewis-Hawkins,+1-149-359-2309x99905,stephensonkent@sharp.com
5984,Ariel,Sexton,"Blanchard, Price and Mckee",779.167.6682x493,parker65@beltran-barrett.com
5985,Marcus,Stark,Stark Inc,(837)378-9117x177,deborah91@bartlett.com
5986,Jesse,Baker,"Olsen, Hopkins and Mann",(708)821-7711x2977,gabriela26@strong.com
5987,Sue,Carpenter,Hudson-Flores,622.582.2297,mikerowe@jarvis.com
5988,Jade,Daniels,Blanchard Group,464-311-4296,leonardbrady@hawkins-hill.com
5989,Donna,Barker,"Hodges, Wang and Wiggins",001-702-800-8528,toni89@briggs-harmon.info
5990,Cathy,Monroe,Small LLC,(689)759-3057,theodore73@cannon.com
5991,Robert,Salazar,Mullen-Weiss,9516428324,brandymerritt@holder.com
5992,Carl,Haley,Johnson-Carson,567.131.1897x75593,nortoncrystal@levy.com
5993,Cristina,Quinn,"Harmon, Underwood and Levy",001-398-979-4673x91531,jane18@jones.com
5994,Haley,Castaneda,"Garza, Riddle and Donovan",001-290-101-3143x5656,sgrant@phelps-willis.com
5995,Margaret,Meyers,Gates-Ferguson,(787)957-6415x2043,berrysydney@young.biz
5996,Marcia,Clayton,Clay Inc,+1-146-457-2837x920,hamptonkiara@patrick-mccarty.net
5997,Marc,Malone,Brown LLC,+1-872-544-4001x8131,xferguson@holmes.com
5998,Jeffrey,Villa,"Chavez, Glover and Novak",(273)647-7071,fuentesyvette@howard.com
5999,Cassandra,Jefferson,"Nichols, Moon and Merritt",001-442-776-7614x1889,pvilla@campbell.com
6000,Katie,Schmitt,Roberson-Kerr,001-402-433-2246x092,arnoldcandice@ruiz.net
6001,Dalton,Hubbard,Chavez Inc,(509)555-2020,wongkurt@velez.org
6002,Kurt,Morris,Boyer-Sloan,(857)195-1983x159,qcastaneda@keller.com
6003,Helen,Ashley,Waller-Manning,-7063,gallegosolivia@pittman-gould.com
6004,Devin,Reynolds,Austin-Wilkins,009.876.8912x29513,hooverdebbie@hess.com
6005,Dylan,Ross,"Preston, Manning and Oneill",001-751-296-6029x483,maynardbrooke@thornton.com
6006,Glenn,Drake,"Bean, Hampton and Zavala",248.178.8333x02796,pellis@hawkins.com
6007,Daniel,Randolph,Stafford-Parrish,374-455-7678,aaron60@bond.com
6008,Selena,Mathews,Lyons and Sons,(168)726-5516x795,simpsonevelyn@moran.com
6009,Lee,Scott,Henry-Cisneros,197.216.0576,carolynrice@maynard.com
6010,Eddie,Mccormick,Bailey Ltd,(285)504-4426,andrewsherman@davis.com
6011,Allen,Garcia,"Downs, Lynch and Tran",335-821-0963x6467,carlybryant@hendrix.com
6012,Aimee,Brennan,Bray-Luna,541.943.9626,jbenson@escobar-hogan.info
6013,Latoya,Olson,"Long, Odonnell and Zavala",313-376-7621x8994,bruce08@parrish.info
6014,Daryl,Bradley,"Montgomery, David and Lamb",001-693-588-1141x6905,maxwellmarc@archer.net
6015,Bianca,Lucero,Perez-Hardy,001-778-462-8511,haleypayne@lambert.biz
6016,Jenna,Christian,"Suarez, Bryan and Lamb",(557)681-7518,patricia11@campbell-baxter.net
6017,Dave,Harding,"Cherry, Estes and Moses",1494142770,mccarthyholly@krueger-welch.com
6018,Jenny,Woodward,Jacobs LLC,846.170.6896,andradetim@allen.org
6019,Phyllis,Shepard,Tanner Ltd,2662764064,twilkerson@villarreal.com
6020,Claire,Carey,"Mcclure, Douglas and Mahoney",001-371-510-1101x99221,kiara84@carpenter-greene.com
6021,Frank,Murillo,Decker Group,401.222.0429x4189,bergmelanie@lawrence.com
6022,Angel,Goodman,Waters Inc,479.398.2123,bobfarmer@houston.info
6023,Breanna,Barajas,Solis Ltd,976.284.2284x91952,sloanryan@decker.com
6024,Travis,Duran,Rice Group,575.678.2940,ralph79@li-gordon.com
6025,Brandon,Hood,Roman and Sons,617.408.3840x663,maynardsamantha@esparza-chapman.com
6026,Carmen,Cardenas,Gates-Avila,(751)822-2153,christensenalisha@long.com
6027,Victoria,Reeves,Mccarty LLC,+1-119-772-8316x07490,steve98@henson.com
6028,Stacey,Wright,Hess-Parker,001-537-964-0581x15971,madeline28@holder-conner.com
6029,Manuel,Rosales,Alvarez-Marshall,908-231-8124x3692,shawcaleb@huber.net
6030,Connor,Decker,Hayes-Sharp,182-169-0643,daniel66@york.net
6031,Clayton,Hanna,"Frank, Cooper and Fisher",848-883-4894x699,uramos@dalton-mullen.org
6032,Lindsey,Bauer,"Campbell, Rivas and Chan",001-936-078-1003x82806,davidsondebra@irwin-brady.org
6033,Ana,Conner,Petty-Pineda,7176924133,rcobb@shelton.com
6034,Cristian,Case,Grant Inc,(207)566-6619,hollygonzales@leach-parrish.com
6035,Ian,Richard,Christensen-Combs,361-003-6410x806,xmathis@hughes.com
6036,Shaun,Alvarado,Villegas and Sons,001-449-923-2348x61639,lindsayholt@durham-turner.com
6037,Michael,Rios,Holder PLC,606.175.8654,marioporter@jordan-oconnor.com
6038,Angelica,Shah,Salinas and Sons,922.729.3515,alejandro48@graham.info
6039,Danielle,Booth,Bush Group,(303)203-1900x3767,gregoryortega@schmitt-randolph.com
6040,Michele,Cuevas,"Powell, Kerr and Love",1674523983,upotts@mayer.biz
6041,Renee,Washington,Martin Ltd,(031)419-3733,brenda94@pearson.com
6042,Briana,Schaefer,"Haley, Spencer and Small",(019)700-6574x2793,shahtabitha@duke.com
6043,Crystal,Cortez,Hays Group,(599)960-0048x42784,jasminebrennan@cochran.info
6044,Krista,Ray,"Cochran, Vasquez and Roberts",844-216-9929x62759,yclements@bentley-spence.com
6045,Gregg,Turner,"Oconnell, Ingram and Higgins",001-650-863-6115x22914,rpeck@mccormick.com
6046,Loretta,Stewart,"Sheppard, Mccormick and Cortez",001-424-076-7760x0918,dana89@gregory-little.biz
6047,Haley,Cole,Blanchard-Potts,001-703-210-2314x9326,dwallace@cummings.org
6048,Jackie,Fox,Randall LLC,323-088-5226x588,hilljoshua@winters.com
6049,Chad,Pratt,Parks-Monroe,(307)535-2299x1978,fcompton@valenzuela.biz
6050,Madison,House,House and Sons,573.093.4281x741,juliebuchanan@duran.net
6051,Gabrielle,Baldwin,"Kerr, Riggs and Stone",001-844-781-0565x2178,garycarr@shea.com
6052,Terrance,Cline,Williams Inc,522.205.4731,eaustin@mullins.biz
6053,Karina,Harper,"Hardin, Larsen and Nguyen",350.187.6109x92678,ifarrell@hale.com
6054,Russell,Mcknight,"Nicholson, Cordova and Steele",767-800-5897x243,oliviawaller@kane.info
6055,Donald,Frank,"Hays, Shaw and Perkins",085-270-5158x82630,xbarr@shelton.com
6056,Deanna,Waller,"Norton, Velasquez and Ponce",133.387.8310,lesterjacqueline@leonard-deleon.net
6057,Kendra,Roach,Richardson Ltd,(584)550-1190x7438,jennahouse@collier.org
6058,Aaron,Key,Woods Ltd,013.270.6637,amy67@roberts.com
6059,Grace,Ibarra,Contreras PLC,+1-563-860-3193x4246,thomascarrie@robbins-rollins.com
6060,Kristen,Acosta,Avery LLC,517-772-4102x89273,ray84@chapman.com
6061,Tanya,Lowe,"Randolph, Sweeney and Peck",590.689.2256,carlhuang@mejia.info
6062,Meredith,Goodman,Meyers and Sons,8683799879,ronaldbrady@merritt.com
6063,Lee,Blevins,Porter-Harrison,497-601-4038,greertricia@hendricks.com
6064,Alison,Mueller,Tucker-Russo,138.919.5321x31662,nathaniel38@burgess.info
6065,Yvette,Contreras,"Arnold, Rhodes and Chase",(277)614-8658x68137,ucallahan@whitehead.biz
6066,Mary,May,"Chaney, Mcfarland and Castillo",519-574-9729,shelly06@chavez-humphrey.info
6067,Alfred,Porter,Vaughn Ltd,+1-557-089-7966x56454,dzamora@mayer.biz
6068,Sandra,Hobbs,"Leach, Benson and Pitts",843.274.8825x0181,jo68@ochoa.com
6069,Kyle,Chapman,"Gross, Burnett and Weiss",867-833-1410,tuckerjoanna@schmitt.biz
6070,David,Jensen,Whitehead PLC,(139)650-9349x81978,chelsea51@petty.net
6071,Louis,Sharp,Roberts Ltd,(785)729-9645x25020,hoopertommy@joyce-powell.com
6072,Jerome,Douglas,Robbins-Harvey,+1-253-612-1270x813,humphreyjodi@riddle-wiggins.com
6073,Dillon,Petty,"Marquez, Faulkner and Barron",-2632,cochrantracy@wu.net
6074,Guy,Nunez,Graves Inc,001-308-209-5784x774,rgallegos@cain-brooks.net
6075,Matthew,Conway,Eaton LLC,371-229-8009,bernardmelissa@bruce.info
6076,Stephen,Wagner,"Bautista, Beck and Chavez",(286)265-2443x734,turnerbeth@reilly-jenkins.com
6077,Larry,Schultz,Middleton Inc,001-654-813-3403x63505,cheyenneconley@harding.com
6078,Mandy,Duran,Richmond-Owens,932.180.5749x1651,hunterlynch@sexton.info
6079,Ann,Mora,"Reeves, Duffy and Santiago",684.461.8519,kaitlinestes@rhodes-shaffer.net
6080,Michaela,Sloan,Barron-Pearson,730.878.2218x0690,xstafford@chambers.com
6081,Faith,Ross,Davidson Group,(043)795-7842,ahendrix@winters-ramos.com
6082,Angela,Zavala,"Barrett, Ryan and Duffy",236.146.3716x973,bryce95@black-harris.com
6083,Janice,Whitaker,"Watkins, Williams and Faulkner",(380)959-5283x56382,karl16@cain.net
6084,Stephanie,Roach,Mcmillan Ltd,234-014-2045x79138,tasha28@branch-dorsey.biz
6085,Rose,Brennan,"Wilkins, Jennings and Bradshaw",-4104,nicolas75@kemp.com
6086,Devon,Winters,"Duarte, Best and Dickson",001-181-585-8750,kreese@barker.biz
6087,Meghan,Munoz,Archer Inc,+1-127-950-0257x85014,carlos55@soto.com
6088,Gregory,Krueger,"House, Cowan and Chambers",(030)321-6692x440,joanglass@taylor.com
6089,Dawn,Crosby,Randall-Hogan,+1-942-610-8769x16692,janet51@weeks.com
6090,Stacy,Meyer,Frye Group,428.422.8669,tanya55@lucero.com
6091,Clayton,Orr,Wu Group,001-684-202-9241x1204,pkim@sexton-zimmerman.com
6092,Christine,Chen,Newton-Dennis,001-591-482-3212x08020,guerreronina@diaz.com
6093,Jaime,Mccormick,Sweeney-Wright,-8731,andrea32@sanchez-michael.com
6094,Eddie,Mendoza,Mckee-Anderson,007.511.3746x345,zunigajoan@wilkerson-hendrix.com
6095,Brent,Dickson,Nolan PLC,079.424.6951x34200,sheilagonzales@logan-meadows.com
6096,Kurt,Park,"Sanchez, Glover and Ali",644.514.3029x529,mathisnancy@melendez.net
6097,Danny,Rodriguez,Reyes Inc,(387)223-3969x4662,randallstefanie@reyes.info
6098,Gordon,Dyer,Rich Ltd,(080)514-5333x434,caroline10@turner.com
6099,Thomas,Stokes,Kirk-Duncan,810.675.1012x2432,anastrong@stevenson-davidson.com
6100,Charlene,Mullen,Calderon LLC,(890)744-2764,aayers@warren-burch.info
6101,Victoria,Lindsey,Contreras-Koch,278-116-1078x10094,lgriffin@frye-graham.info
6102,Cesar,Clark,Hayden Ltd,001-130-013-7576x6230,vmaddox@porter.com
6103,Jessica,Giles,Donaldson PLC,145.495.3899x313,buckleyjames@gallagher-scott.biz
6104,Kyle,Carney,"Foster, Huber and Torres",(748)934-3172,penamikayla@vega-chambers.biz
6105,Mandy,Bailey,"Chaney, Hatfield and Rodgers",001-120-616-7144x31841,trevor38@buckley.com
6106,Alfred,Richards,Weiss-Medina,294-071-8361x65833,brucedonovan@torres.com
6107,Stuart,Perez,Stevenson-Stevens,739.132.0779,armstrongmarvin@valenzuela-waters.com
6108,Leslie,Zavala,"Arias, Silva and Hicks",949-808-6406,sjohns@cantrell.com
6109,Rose,Curry,"Phelps, Bates and Curtis",374-817-4124x898,camposbradley@stafford.com
6110,Michele,Cobb,Villa Ltd,645-037-5269,kristaerickson@lucas.com
6111,Dean,Willis,"Huffman, Mcmahon and Liu",001-609-991-2003x153,stephanie00@dickerson.net
6112,Bianca,Frank,"Duncan, Collins and White",364.972.7058x8378,christine05@lopez-blair.info
6113,Joyce,Holt,Pierce and Sons,490-215-6670x0768,tammy11@krueger.com
6114,Allen,Castaneda,Clarke and Sons,001-380-562-1235x79891,shari32@bryant-noble.com
6115,Evelyn,Kirk,"Graham, Chen and Moreno",(277)866-3064,christian01@aguilar.info
6116,Anthony,Rosario,"Casey, Chen and Cohen",-4653,conniewu@erickson.org
6117,Benjamin,Juarez,Sparks LLC,369-099-3833x385,costapaula@mayo.com
6118,Tyrone,Boone,"Lawson, Murillo and Cain",+1-482-899-4477x102,melinda81@goodman.com
6119,Ernest,Holland,Ochoa Inc,001-548-547-5511x0181,kristi29@bishop.biz
6120,Christian,Harding,Trujillo-Dillon,001-786-830-5916,butlertracy@stokes.biz
6121,Edwin,Santos,Tran-Anthony,601-927-4898x85682,nathaniel16@downs.com
6122,Lonnie,Duncan,Davenport-Palmer,901-510-0842,carly57@perkins.com
6123,Andres,Harrison,Rojas-Ortega,565.594.9099,tracey81@liu-lindsey.com
6124,Nathan,Mendez,"Acosta, Khan and Young",066.982.3956x210,danielle96@leach.com
6125,Max,Cortez,"Smith, Dudley and Berger",291.672.9240,pacebrenda@farmer-cardenas.net
6126,Harry,Wilcox,Sweeney-Pierce,001-970-699-5536,barberdevin@bass.com
6127,Darren,Becker,Coffey and Sons,001-104-682-1003x2035,camposrachel@savage-gaines.com
6128,Ruben,Kelly,Oliver-Logan,001-649-855-7747x9029,herbert84@pollard.com
6129,Madison,Thompson,"Clark, Crane and Hanna",734-151-3999x70972,shellyconner@jefferson-lowe.com
6130,Alison,Schmitt,Dickerson LLC,001-241-981-6381x285,rodriguezpaige@hooper.com
6131,Joanne,Love,"Graham, Anderson and Waller",101-884-2079x856,cfernandez@patel.org
6132,Spencer,Holland,Martinez-Beck,225-498-1955,nsimon@mccullough.org
6133,Brianna,Galloway,Rowland-Mcdaniel,(621)392-4337x346,jbuchanan@coleman.biz
6134,Gilbert,Reed,Terrell PLC,-4306,alex96@harris-bonilla.com
6135,Dominic,Bush,Vazquez PLC,438.434.7616x397,ajohnson@moyer.com
6136,Amber,Carlson,"Mack, Berry and Khan",912-187-3949,colton36@roberson.com
6137,Diana,Carroll,Bolton Inc,264-623-7629,penningtonphillip@stafford.net
6138,Emily,Ferrell,"Vaughn, Hays and Gross",001-077-665-7570x108,jshelton@barajas.com
6139,Jim,Evans,Blankenship Group,001-493-688-7804x39398,harriskathleen@salazar.org
6140,Carolyn,Guerrero,Galloway-Mckee,(192)272-2222,dukemeghan@merritt.com
6141,Dorothy,Owens,Dominguez Group,001-014-400-6303x4149,tracipowers@fowler-burke.com
6142,Dillon,Gutierrez,Curry-Reeves,001-256-235-2398x858,ehorn@beltran.com
6143,Wanda,Hughes,Cisneros Inc,726.668.5763,daughertymaureen@french-hines.com
6144,Kristie,Norris,Petty-Bowers,(425)998-5788x138,margaret53@ross.com
6145,Alfred,Holmes,Mcfarland Group,614-992-5870x81426,francis80@olson-boyd.com
6146,Eileen,Brady,"Pierce, Carpenter and Short",001-272-106-4236,sconway@mcintosh.com
6147,Austin,Walsh,Tate Inc,+1-322-835-1061x70149,hannahelliott@hanna.com
6148,Marisa,Torres,"Ritter, Kramer and Chang",001-739-621-9488x03901,cameronruth@ellison.info
6149,Edward,Mclean,Mcknight-Kim,767-042-1281x101,bautistamatthew@moreno.com
6150,Glen,French,Wilkerson PLC,(224)752-8584,lanejill@roach.com
6151,Yolanda,Vincent,Le Group,+1-787-621-3809x6465,adriana01@mack.info
6152,Christie,Hubbard,"Freeman, Hancock and Hendricks",(539)402-1934x9360,ebrewer@valencia.info
6153,Kyle,Klein,Leblanc Inc,103.202.0031x739,wernermiranda@lara.com
6154,Catherine,Peterson,Mclean Inc,(003)725-4694x90894,lucaslonnie@kim.com
6155,Claudia,Mcdaniel,Le-Herrera,001-492-070-8996,jwallace@archer-ewing.net
6156,Howard,Adkins,Hutchinson-Mcclain,001-023-751-4242x4482,laurieosborn@andersen.com
6157,Madison,Keller,Carroll-Dougherty,+1-611-243-9495x06645,meredithmalone@buck.com
6158,Maurice,Davila,"Ortega, Bean and Navarro",756.630.5249,rothvalerie@estrada-mckenzie.com
6159,Sonia,Sexton,Murillo-Zhang,(216)715-5309,dblack@stafford.com
6160,Tom,Byrd,"Baxter, Hutchinson and Sexton",788-897-8039,zjames@hatfield.net
6161,Mason,Wiley,Clay-Cameron,-8320,gilbertmoses@cole.org
6162,Jeremiah,Schaefer,Diaz-Morse,141.721.3451x6195,syates@bell-conway.info
6163,Amy,Drake,Buck Ltd,654-835-8153,ravenday@nash.com
6164,Wesley,Mendoza,Aguirre-Villa,+1-353-821-1293x795,goodwinanthony@kim.org
6165,Brian,Mccormick,"Foley, Cortez and Durham",001-545-162-9350x33238,wwatts@dalton.com
6166,Sheryl,Schneider,Casey Group,(999)611-7551x6916,xshepard@stevenson.com
6167,Philip,Ellis,David-Meyers,001-487-695-6074x7232,brady02@horton.biz
6168,Chad,Serrano,"Wilkinson, Townsend and Castillo",+1-323-999-0434x85422,terryzhang@duncan.com
6169,Tina,Payne,Bryant Ltd,-8569,woodardisaac@conner-randall.com
6170,Chelsea,Olsen,Fletcher-Huerta,001-812-819-1919,martinezpaige@hurst-hammond.com
6171,Marilyn,Horn,Estes-Massey,+1-129-943-6368x8608,evelyn50@lee.info
6172,Michele,Grant,Good Ltd,+1-886-638-6340x6219,porterjorge@powers.com
6173,Mathew,Pruitt,Lester-Vaughn,+1-199-051-2091x328,charlene15@stein-huff.com
6174,Lorraine,Mueller,"Clark, Hanson and Knox",721.252.4428,mbonilla@bradshaw.com
6175,Jonathan,Kent,"Reese, Roy and Case",700.874.6730,houselucas@cooley.net
6176,Wesley,Glenn,"Mcbride, Thompson and Fletcher",(189)831-3031x46272,cheath@bowers.biz
6177,Stacy,Alvarado,Bautista Inc,(020)706-2972,hartangela@ochoa-kramer.com
6178,Molly,Williamson,Newman LLC,667-857-5434x17475,christianerickson@chavez.com
6179,Jillian,Owen,"Elliott, Hester and Duran",715.305.9624x2348,snownatalie@spencer.biz
6180,Sheena,Cannon,Gonzalez-Moyer,5935123540,beverlyortega@mercado.info
6181,Darryl,Dickerson,"Bean, Clay and Finley",+1-282-684-8402x4846,kaitlynreeves@knox.com
6182,Misty,Burnett,Mckee PLC,777.559.4856x821,valerie18@estrada-tran.info
6183,Crystal,Strong,"Stephens, Gilmore and Kaufman",(753)889-7093x915,rosestrickland@delacruz.info
6184,Erik,Peters,"Daniel, Thornton and Beck",626-028-0250x016,maria69@dunn.com
6185,Leah,Cowan,Woodard Group,636.466.0262,faith08@bray-riddle.org
6186,Alec,Morrow,Harvey Group,-4940,samanthahubbard@branch-cline.biz
6187,Kristin,Molina,Brock Inc,730-369-0015x622,greersierra@kane.com
6188,Vickie,Clay,Zamora-Marshall,778.930.8391x4957,bushmarvin@finley-abbott.com
6189,Kaitlyn,Solomon,Padilla Ltd,+1-818-041-8162x50349,derrick36@hanson.com
6190,Ricardo,Conner,"Adams, Webster and James",989-242-0599,tomshaffer@mathis-davis.com
6191,Eduardo,Preston,Erickson-Sanchez,543.703.4380x43785,crosspatrick@nunez-chung.net
6192,Wanda,Rivera,Caldwell Ltd,001-787-242-6787x87777,iballard@ortiz.org
6193,Tristan,Mccoy,Silva-Barnes,001-021-023-7986,wgreer@mckenzie.info
6194,Madison,Kirk,Reynolds-Montgomery,+1-004-406-5441x8461,suzanne47@booth-poole.com
6195,Bradley,Clayton,Ramos Inc,360.797.7453x7457,mcclurejoel@hubbard-lawson.info
6196,Jack,Green,Mcdonald PLC,+1-409-881-4377x0481,ipearson@pugh.com
6197,Kirsten,Archer,Maddox Inc,(000)447-8524,comptonandre@jefferson.biz
6198,Hector,Mccarthy,"Ortiz, Silva and Wilson",349.236.9677x583,beasleyvalerie@bond-barry.net
6199,Lance,Bray,Brady-Harding,-9800,scarson@baldwin-estrada.com
6200,Tanya,Atkins,Rodriguez-Oliver,907.576.5980,kimwiggins@douglas-marks.com
6201,Sara,Peters,Petty LLC,634.417.5688x4983,troywall@bonilla.com
6202,Rick,Beck,Crane and Sons,+1-547-208-1278x24175,bbates@newman.info
6203,Raymond,Knapp,Woods Inc,+1-108-978-9762x7439,erik72@nguyen-pena.net
6204,Sydney,Small,"Boyle, Li and Watson",(351)120-2655,ernestcarlson@madden.biz
6205,Jorge,Sloan,Woods Ltd,017.556.3622x27187,mason34@jones.com
6206,Reginald,Arias,Barrera Group,946.871.2756,melissabrewer@wolf-rice.com
6207,Patrick,Hendricks,James-Brooks,+1-742-919-4800x973,wilkinsondwayne@singh.com
6208,Lonnie,Owen,Hayes-Gardner,018-679-0954x0239,zsampson@barron.org
6209,Cheyenne,Dunn,Duffy-Fuller,986.886.7584x9792,brookehorn@kaiser.info
6210,Kerri,Rowe,Frank Group,(534)885-7802x849,gzamora@joyce.com
6211,Monique,Braun,"Mcfarland, Larsen and Pena",001-450-928-7928x06328,huberlee@rice.net
6212,Darryl,Mcpherson,Mathis LLC,882968937,priscillarogers@wagner.com
6213,Ashlee,Bender,King-Rios,059.264.6112,kbuck@sullivan-stewart.net
6214,Herbert,Donaldson,Powell-Hester,-4834,james94@warner-peterson.net
6215,Nathaniel,Alvarado,"Barajas, Smith and Michael",670-559-0127,bernardwallace@irwin-underwood.com
6216,Mindy,Russo,Lloyd PLC,(872)603-5072,eduardo65@gilmore.biz
6217,Tanner,Terry,"Cameron, Bolton and Crane",210.369.9372x187,billsilva@beasley.com
6218,Anna,Rice,Faulkner-Boyer,(442)960-3423x8782,brentedwards@riley-craig.com
6219,Anna,Mcneil,"Manning, Shea and Chang",509.852.9123,madelineleon@norman.org
6220,Perry,Sweeney,Owen-Weiss,937-562-5373,bushkatrina@cordova.com
6221,Duane,Washington,Costa PLC,9626910385,cantrellhayley@salazar-mclaughlin.com
6222,Jorge,Mcgrath,"Bowman, Orr and Thomas",799.629.6422x50315,tmelton@newman.com
6223,Angela,Schneider,Madden PLC,521-209-3743,harrellcaroline@cortez-espinoza.com
6224,Shawn,Stout,"Rasmussen, Castillo and Rich",200-163-6105,anna36@osborne.com
6225,Roger,Meyer,"Conway, Elliott and Tate",001-101-710-1157x7462,kristinagordon@hartman-merritt.com
6226,Marc,Beard,"Clay, Church and House",001-883-975-3168,zbeck@bruce.net
6227,Debra,House,Romero Inc,+1-940-044-9397x0828,derrickpace@warner.info
6228,Mathew,Maddox,Atkins Inc,179-263-1660x396,bradshawisaac@singh-marks.com
6229,Shaun,Freeman,Floyd-Little,+1-533-672-4377x32688,weberbeverly@forbes-brennan.com
6230,Alfred,Pena,Franklin LLC,001-251-341-7476x1026,gabrielleroach@li.org
6231,Cameron,Murray,Shepard-Brewer,(793)241-4932x4853,calvinsims@holder.com
6232,Nancy,Dunlap,Burnett PLC,001-052-330-1635x856,sueschwartz@french-beasley.com
6233,Lindsey,Ramos,Cowan-Rivera,001-186-311-9296x6384,hollowaydrew@mora-morrow.info
6234,Sabrina,Weiss,"Dudley, Myers and Murphy",(533)305-8072x76915,jackie37@cruz.com
6235,Shirley,Shaw,Crosby-Cross,001-507-394-7248x1522,valenciacalvin@maddox.com
6236,Luke,Myers,"Barnes, Robinson and Lowe",2835270350,glovervirginia@moran.org
6237,Ana,Fuller,"Gates, Jones and Stewart",001-804-093-1304x473,ohuff@bryan-spencer.com
6238,Parker,Velez,"Hamilton, Skinner and Crosby",+1-991-855-6339x32259,kristen99@herman.com
6239,Gary,Lynch,Sweeney and Sons,+1-212-448-9273x681,natalieryan@lawrence.com
6240,Pam,Christensen,"Gonzalez, Parrish and Vang",001-131-040-9125,savannahshannon@wells.com
6241,Joann,Krueger,Molina-Cameron,585.937.5798x8911,sramirez@allison.com
6242,Rhonda,Henry,Tapia-Pace,(312)175-3304x3350,mckinneychristy@duncan.com
6243,Brenda,Perkins,Patrick Inc,039.143.2402,johnstonconnie@mccormick.com
6244,Brittany,Avila,"Mitchell, Ho and Johnson",952.931.9767,hbaxter@montes.com
6245,Margaret,Wilcox,Massey-Huff,-8941,davidblake@delgado.com
6246,Alan,Callahan,"Francis, Paul and Avery",(321)655-5671x37772,haileycherry@allen-cobb.com
6247,Theodore,Klein,Hardin-Melendez,771.344.4116,phillip33@owen.com
6248,Virginia,Gillespie,"Hodge, Finley and Pacheco",-9426,shafferbrett@holmes.com
6249,Garrett,Bridges,"Diaz, Calhoun and Moran",+1-383-554-5260x452,whitneylucas@dean.info
6250,Tracie,Kim,Horton-Pruitt,500.857.6318x88838,hailey78@holloway.net
6251,Autumn,Stark,Simpson-Boyer,001-852-580-4013x5902,rfuentes@koch.org
6252,Gavin,Clark,"Nielsen, Pratt and Middleton",3425020098,haleydesiree@frye.net
6253,Pam,Dunn,Dudley and Sons,001-382-793-0649x879,juliabutler@todd.net
6254,Julie,Davila,"Houston, Hurley and Odom",052.476.7170,leslie52@potts.com
6255,Dominic,Eaton,Chapman-Arellano,001-625-123-7582,skidd@graves-floyd.com
6256,Zoe,Pittman,Crane-Wilkerson,608.366.4980,wigginskerry@lucero.com
6257,Brianna,Bennett,Mccarthy-Parks,622.135.3723,nguyenstuart@hale-vargas.info
6258,Beth,Ryan,Ochoa-Pierce,(490)524-4831,hinesjoanne@mata-spears.org
6259,Bruce,Vasquez,Mckinney-Odom,001-296-967-2533,hcarrillo@rush-lozano.com
6260,Vicki,Jordan,"Singh, Velazquez and Mooney",596.770.5777x8632,wcampos@murphy.com
6261,Cynthia,Ayers,"Riggs, Blevins and Ingram",553-496-1686,chelseydurham@archer.info
6262,Marc,White,Dillon and Sons,+1-477-355-4936x36844,phodges@drake.info
6263,Jonathon,Holder,Santos-Fritz,626-999-6625x2081,mcdowelljoe@mckee-francis.biz
6264,Cory,Bright,Solis-Kemp,-6366,zfitzgerald@ortega.com
6265,Brett,Durham,"Dodson, Russell and Sims",-6199,wforbes@harrington-herring.biz
6266,Darius,Herring,Harvey-Rich,(086)957-9769,chungjesus@scott.biz
6267,Heidi,Young,"Rush, Summers and Morgan",866.669.1155,herringjasmine@price-hansen.com
6268,April,Richardson,Bass Group,(383)002-6697,earlmora@farley-barry.com
6269,Levi,Bird,Copeland Group,995.629.7685,bryanmelanie@chambers.com
6270,Audrey,Bean,"Benton, Love and Rogers",554.289.9321x047,bpeck@valdez.biz
6271,Harold,Chavez,Kirk-Winters,7380099118,dominicholloway@wilkinson.com
6272,Clarence,Novak,"Case, Krueger and Madden",1182550808,valenciajoseph@harrell.net
6273,Colton,Weiss,Hale Inc,001-526-220-1490x6353,ncurtis@mccarthy-frye.net
6274,Jeffrey,Johns,"Hester, Best and Short",(308)569-6779x589,kanegary@malone-horne.net
6275,Janet,Hickman,"Bailey, Leblanc and Fox",+1-034-322-0845x403,rollinsyvette@roman.com
6276,Hailey,Stephenson,"Cooper, Dominguez and Solis",869.414.3289x584,mccartywanda@bird-best.net
6277,Marisa,Brandt,Waller and Sons,(556)800-0097x95228,andresferguson@herman.net
6278,Erika,Schroeder,Hunt and Sons,001-349-255-2457,sgoodman@kerr-knox.net
6279,Mariah,Lowe,"Beltran, Riggs and Franco",275.794.3202,aschmitt@collins.com
6280,Darrell,Frazier,"Hess, French and Deleon",(507)763-3346x490,betty09@ramos.com
6281,Eddie,Hebert,Walters and Sons,7473596566,blogan@blair.com
6282,Patricia,Osborn,Cameron PLC,(577)298-3395,evelyn54@miles.com
6283,Chloe,Stephenson,"Roman, Rubio and Hendricks",6544237639,wendymcintosh@eaton-lang.com
6284,Tim,Wells,"Blanchard, Hernandez and Lawrence",(678)327-2767x18036,dean58@boone-cunningham.com
6285,Maria,Bean,Nixon-Walters,815-225-4166x1872,lauragriffin@dennis.info
6286,Kathleen,Michael,"Allen, Cameron and Cowan",302.216.9885,vadams@hays.org
6287,Andre,Patrick,Bullock LLC,(632)073-9601x757,sergio85@webster.com
6288,Renee,Horn,Roberts Inc,742.117.1116x63934,jeremiahlewis@davidson.biz
6289,Jennifer,Fleming,Macdonald-Bishop,(000)627-6460,ebonypineda@huynh.com
6290,Autumn,Parrish,Little Inc,709.771.2453,larsonbrett@rose-gibbs.com
6291,Traci,Mckenzie,"Yoder, Kemp and Price",451-032-3491,natashahaney@armstrong.info
6292,Gabriela,Branch,"Rasmussen, Daniels and Rogers",933663417,dawn45@burke.com
6293,Spencer,Maldonado,Rollins-Washington,2312003892,allison67@gonzalez.biz
6294,Jackie,Bowers,"Benson, Duarte and Norton",001-711-223-7565x7867,latoyabeck@ritter.com
6295,Renee,Dennis,Winters-Nichols,(678)645-3658x839,krubio@wise-cruz.com
6296,Linda,Jones,Reid and Sons,001-140-360-1618x1370,joycepreston@black-warner.com
6297,Sally,Richards,"Stevenson, Hawkins and Davidson",001-291-218-1573x511,ohubbard@deleon-christian.biz
6298,Joe,Murray,"Levy, Richards and Hobbs",+1-977-667-0475x3677,krystalmckee@noble.com
6299,Shane,Frey,"Duran, Dennis and Henson",593.066.6419x0837,sally81@herring.biz
6300,Priscilla,Foley,"Solis, Gentry and Cobb",+1-647-651-2281x43900,alvin68@trujillo-goodwin.com
6301,Chelsea,Harmon,Gaines and Sons,001-263-428-4287x56687,sara14@crane.org
6302,Howard,Rangel,Snyder-Horn,827-538-5264x51861,neilduffy@oliver.com
6303,Brady,Chan,Payne Ltd,+1-032-376-1172x9603,meltonjared@cherry-fields.com
6304,Alex,Bray,Aguirre Ltd,9434565665,dalton49@stark.com
6305,Patricia,Anthony,Blake Ltd,001-772-835-0248x228,johnsonrandall@gaines.org
6306,Seth,Payne,"Moses, Guzman and Harvey",666-688-9844,dcardenas@tanner-rush.biz
6307,Carly,Zavala,"Larsen, Hines and Finley",(425)637-8032x75045,toniboyer@vance-james.com
6308,Jody,Hodges,Vance-Hart,8048211608,lutzbrandi@mcpherson.com
6309,Crystal,Ibarra,"Wade, Coleman and Mercado",240.482.4361x046,mitchellstuart@manning.org
6310,Kristen,Harrell,Mitchell Ltd,001-565-785-2455x345,omckenzie@coleman.org
6311,Louis,Strong,Green Ltd,719-371-4963x3424,pwu@roman.com
6312,Gregg,Figueroa,"Callahan, Cuevas and Mcintosh",(385)234-1824x07091,arthurbell@henry.net
6313,Edward,Sawyer,Stevens Inc,(835)769-9706,manueldowns@dodson-wilkerson.com
6314,Whitney,Valencia,Stephenson-Massey,590.203.6201,castromarc@spencer.com
6315,Karen,Wu,"Ali, Baker and Rodriguez",8848595199,hmcfarland@wolfe.com
6316,Catherine,Mcneil,Andrews Group,-6173,vsimmons@garrett.com
6317,Warren,Schneider,Crosby and Sons,001-490-286-3089x440,ibauer@nguyen.com
6318,Tyler,Stewart,"Dean, Archer and Frazier",(542)481-1537,warevernon@george.com
6319,Elijah,Knox,Horn-Riggs,(822)937-3685x31944,hsingleton@sanders.org
6320,Hailey,Washington,Coleman PLC,855.592.2004x9865,faulknerkellie@chandler.com
6321,Amber,Graves,Rodriguez-Potter,1113000633,grogers@livingston.com
6322,Katie,Preston,"Barron, Kline and Barry",(096)830-4044,chardy@strong.com
6323,Alex,Wise,Mora-Saunders,616-005-4136,pamchoi@meyer.com
6324,Ana,Carpenter,"Andrade, Kidd and Rasmussen",(853)107-6370x53034,foxbeth@castaneda.net
6325,Kelsey,Wilkinson,Hays PLC,144-106-0641,chelseymurphy@malone-bentley.com
6326,Marie,Hunter,"Velez, Gonzalez and Ward",001-920-744-4691x856,shannonroberta@eaton.biz
6327,Philip,Baldwin,"Stevenson, Wilkerson and Hunter",(924)976-4958x333,wwarren@kidd.com
6328,Morgan,Horn,Frederick-Baker,001-317-950-6893x346,powersmelissa@barrett-hays.com
6329,Nathaniel,Bonilla,Eaton-Decker,(374)713-2461x102,crawforddanielle@garner.com
6330,Shirley,Michael,Rodgers Inc,576.614.1299x13645,christyhuffman@osborn.biz
6331,Nina,Knapp,Fleming-Mclean,747.970.2386,malik18@hancock.info
6332,Jeremiah,Roth,Duke-Holder,428-195-4452x9681,rickey03@alexander-tate.com
6333,Christine,Torres,Dickerson-Keith,5909031286,leah19@mcfarland.com
6334,Rita,Harrison,Pugh Group,001-600-804-1569x47975,nhumphrey@walters.com
6335,Daniel,Tapia,Barrett-Berg,489-080-9304x2773,natalieellis@russell-simpson.com
6336,Jennifer,Whitehead,Cobb-Dodson,+1-968-128-9590x93234,ggeorge@price-murillo.net
6337,Lonnie,Marquez,"Ferguson, Brock and Patel",001-355-443-3539x157,kaylacallahan@oconnell.com
6338,Cassie,Briggs,"Shaffer, Benjamin and Lee",+1-694-634-4983x746,llang@blevins.com
6339,Holly,Reed,Bernard-Wallace,423-373-5561x89173,mercadogeorge@allen.com
6340,Kelsey,Sawyer,"Callahan, Blake and Fuentes",001-444-313-6363x50164,ehampton@huerta.org
6341,Bruce,Zimmerman,Mcintyre PLC,+1-469-371-3427x7610,matthewbuckley@briggs.biz
6342,Spencer,Kerr,Roth PLC,(949)819-0937,aaron18@larsen.net
6343,Gavin,Sanford,Mcmillan PLC,(190)605-9342,diana07@roman.com
6344,Bradley,Lam,Doyle-Harper,738.766.0093x4085,angelashea@parrish.info
6345,Brittany,Dorsey,Todd-Burton,730.772.0090,grahambrady@bradley-cline.com
6346,Eugene,Hogan,"Cuevas, Mckee and Washington",5805170536,phyllis65@cunningham.com
6347,Tony,Reynolds,Villa-Mckenzie,832.894.4691x362,ltanner@valdez.com
6348,Louis,Anthony,Dominguez Group,001-544-249-4861,ibarrarickey@atkins.com
6349,Earl,Chung,Matthews and Sons,1744209887,maxwell79@dorsey-gregory.com
6350,Randy,Cervantes,Ball-Torres,373.524.4064x8002,medinagavin@alexander.com
6351,Cody,Donaldson,King-Yoder,761.117.3563x0122,rparks@galloway.info
6352,Summer,Bowen,Rubio-Soto,072.361.7936x2866,prichardson@carson.info
6353,Elaine,Barry,"Fields, Deleon and Davis",-5748,calebvelasquez@dennis-mathews.com
6354,Wesley,Floyd,Sampson-Henry,963.600.8160,miguel69@petersen-odom.com
6355,Mindy,Christensen,Harmon-Sloan,4839768671,glen92@petersen-burke.com
6356,Erin,Hammond,Roberson Inc,7667967518,terranceramos@vang-gray.com
6357,Kristopher,Walker,"Moyer, Dean and Wang",(182)717-3493x91523,santosjody@vazquez.com
6358,Brian,Ingram,"Cowan, Scott and Burns",475.519.1558x383,daisylawson@murillo-vasquez.biz
6359,Dustin,Potts,Escobar Inc,510-683-8211x6018,terrence35@decker-hughes.net
6360,Preston,Blair,"Deleon, Harvey and Beasley",485.047.1364,sherribarrera@lin.biz
6361,Kylie,Bartlett,Pham-Valencia,166-006-0264x6742,mccarthyselena@everett.com
6362,Jake,Rhodes,"Daniel, George and Vargas",071-595-7224x328,kgeorge@guerra.org
6363,Sabrina,Randolph,Schwartz-Guerrero,920.229.4457,gary30@gardner.com
6364,Wesley,Whitney,Conrad PLC,(097)236-3138,fhodges@browning-hahn.com
6365,Yesenia,Walker,"Campos, Williamson and Morton",001-901-028-0025x4695,tarajames@hendrix.com
6366,Erika,Saunders,Shaw LLC,001-895-763-2709x890,victor51@dougherty.com
6367,Rebecca,Douglas,"Holder, Compton and Flynn",995.240.7384x301,brent04@ware-leonard.org
6368,Ruth,Duffy,Bryant-Olson,-7691,lori15@cochran.com
6369,Marco,Herman,Savage PLC,001-375-650-7957x2873,alvaradojenny@stein.com
6370,Trevor,Arellano,Mckee Ltd,216.862.2924x44350,abentley@hendrix.com
6371,Cheryl,Ramos,Morris-Floyd,001-111-164-3967,fdavis@dickerson.com
6372,Sierra,Villanueva,Kline-Duke,+1-787-508-8115x41048,mallory14@lang.biz
6373,Andrew,Richards,Shea-Bush,(803)074-2374x9631,garrett61@gonzalez-welch.com
6374,Diamond,Reed,"Glover, Wyatt and Shaw",124.257.8120,pollardamy@parker.com
6375,Patty,Nichols,Riddle-Mejia,920.518.2671x0279,christinetravis@goodwin.org
6376,Gabrielle,Stewart,"Lawrence, Case and Stone",7857465578,sherryhubbard@lyons-bruce.com
6377,Doris,Yu,Crane-Bruce,001-425-008-9825x41046,tyler98@garrett.com
6378,Matthew,Townsend,"Valencia, Lynn and Weiss",730-857-7256,herbertsteele@reed.org
6379,Stacey,Snow,Tate LLC,001-392-454-7116x761,cgalloway@johnston.net
6380,Shelley,Benitez,Levy-Oneal,(175)896-8255x1995,sjordan@obrien-wolf.org
6381,Christian,Hodge,"Gibson, Benson and Kramer",754.014.4296,janetabbott@potter.net
6382,Elaine,Richmond,Mccullough-Dean,042.839.7938,wandamcconnell@hines-cole.com
6383,Virginia,Hopkins,Hall PLC,001-365-155-4893x20142,madelineharris@shah.com
6384,Cynthia,Howard,"Villarreal, Conway and Mcintosh",662.422.3607x885,melvin61@curry-benton.com
6385,Katie,Owen,Meza-Rangel,+1-278-671-4085x5711,molinaallen@parker-crawford.com
6386,Kathryn,Allen,Case LLC,001-083-549-4306x46164,nrosario@mcintosh.net
6387,Jade,Powers,Allison-Ayers,527-316-8814x2978,edwinjennings@rush.biz
6388,Kerry,Martin,Rich-Dunn,+1-460-240-0628x5502,gallegostim@barrett.com
6389,Bethany,Mayer,Cohen PLC,(033)422-2165x5846,jpark@luna.biz
6390,Austin,Wilcox,Bennett-Clark,649-255-8311x245,nicolas82@logan.biz
6391,Charlotte,Richards,"Atkins, Austin and Wiley",001-926-089-1322x021,yrobbins@macdonald.com
6392,Daisy,Osborn,"Compton, Johnston and Morgan",001-069-787-9975x715,kari72@castillo.com
6393,Alexa,Bowman,Stephens-Wells,2252663424,waynechoi@morgan-vasquez.org
6394,Barry,Sellers,Byrd and Sons,(231)198-5870x6531,cynthiablack@walter.com
6395,Philip,Shannon,"Butler, Perez and Christian",253.805.6031x67014,schristian@frey.org
6396,Cory,Lopez,"Gregory, Macdonald and Hooper",001-242-818-3969,hmckenzie@michael.org
6397,Sherri,Gill,Orr-Forbes,001-023-187-7192x8271,lmunoz@cook-rubio.com
6398,Mitchell,Stout,Martinez and Sons,(321)544-1130x529,wcannon@cameron.com
6399,Barbara,Benton,Black-Benton,(547)876-6696,victoria46@gonzales.com
6400,Cathy,Johnston,"Kane, Mercer and Mccall",991-190-3160x31545,carly75@cordova.com
6401,Leon,Fernandez,Kim Inc,001-916-762-5840x0452,bryantnancy@stafford.info
6402,Charlotte,Thornton,Marks-Strickland,6414397271,normariddle@case.com
6403,Michele,Richard,Nixon Ltd,347-801-4787x441,jaimeortiz@curtis.info
6404,Brendan,Rice,"Glenn, Rasmussen and Franklin",369-983-8007,reneedecker@calhoun-kaufman.com
6405,Kerri,Mahoney,Frederick-Wilson,216.260.2785x4256,gnavarro@estrada-norris.biz
6406,Sandra,Franklin,Patton Group,529.168.1088x5103,glennwalsh@cunningham-reyes.org
6407,Lindsay,Oconnell,"Mercer, Moon and Kaiser",448-821-5930x9623,matthewacevedo@mcfarland.info
6408,Barbara,Barrett,Weber Inc,2907651318,bob68@atkins-schneider.com
6409,Jade,Sweeney,Rowe Ltd,653-114-8608,jose41@mora.com
6410,Shaun,Blair,Henry-Le,001-405-242-9720,frankrobin@trevino.com
6411,Traci,Beasley,Osborne PLC,676.269.6711,maria04@buckley-keller.biz
6412,Kylie,Waller,Wiley-Mcbride,425.277.1467x09023,bphillips@lamb-escobar.com
6413,Grace,Palmer,"Dalton, Edwards and Banks",906-758-5313,uarcher@pugh.info
6414,Hailey,Carney,Tate-Mooney,001-847-925-1594x9655,tommyshelton@potts.org
6415,Carolyn,Vance,Gonzalez LLC,+1-338-997-6048x52664,bergsamantha@bridges.net
6416,Miguel,Mccormick,Peck LLC,(805)141-9630x0664,alvaradoadam@mosley-maddox.info
6417,Mark,Fry,Ponce-Dickerson,001-652-863-0103x79324,xsteele@nunez.com
6418,Christy,Lozano,Kennedy Group,001-765-698-1005x1887,hurstseth@figueroa.com
6419,Gordon,Lindsey,Bray-Small,(711)940-7991,santosnathaniel@glover-patel.com
6420,Kristy,Mccarty,"Ruiz, Mccarty and Schneider",001-604-508-4709,annette61@moreno-khan.com
6421,Sheryl,Barnes,Marshall LLC,710.217.5270,shane41@hooper.biz
6422,Joan,Church,"Rowe, Delgado and Rubio",4557901707,mayodamon@barr.info
6423,Courtney,Rocha,Allison-Cohen,354-856-1248,alex54@colon.com
6424,Alisha,Lane,Calhoun and Sons,+1-677-054-5112x0002,andreszavala@castro.com
6425,Alicia,Alexander,Villarreal Group,(190)724-8940,ybailey@white-wolf.com
6426,Samantha,Reynolds,"Cummings, Watson and Hill",-3352,boylemicheal@morrison.com
6427,Karla,Trujillo,"Maynard, Knight and Peck",+1-661-232-0029x60054,mitchelljoseph@cohen.com
6428,Erika,Hays,Hatfield-Bowman,290.642.5436x7796,ucarson@rivers.com
6429,Latoya,Dickerson,Serrano LLC,001-641-666-6477,ykane@carpenter-grimes.com
6430,Isabel,Sheppard,"Walton, Frost and Hunter",927.933.9786,rickholt@pena.com
6431,Warren,Chase,Sosa-Sanchez,3609640034,ryan80@fox.com
6432,Debra,Wise,"Arroyo, Rowland and Goodman",842.793.7114x4518,crice@mora.com
6433,Brendan,Davenport,"Hodges, Kaufman and Logan",286.221.8420x034,javiermarsh@porter.com
6434,Derek,Navarro,"Benitez, Kim and Harvey",001-961-776-3313x384,tpham@downs.com
6435,Jane,Chapman,"Montes, Bird and Ellis",837.754.5092,breese@frank.com
6436,Jonathon,Hurst,Marquez Inc,094.596.6730x681,vcarson@nelson-schmidt.com
6437,Elijah,Bush,Cuevas Ltd,+1-301-827-0954x2343,cruzcory@romero.com
6438,Reginald,Dixon,Acevedo Inc,+1-940-136-4477x5736,dmolina@daniel-galloway.info
6439,Catherine,Martin,Dennis-Pena,+1-118-938-8437x06247,yvette29@santana-solomon.com
6440,Charlene,Church,Hanna-Short,226-137-1386x41879,jerryberg@velez.com
6441,Alejandra,Richmond,"Torres, Mcfarland and Matthews",+1-220-769-5873x39162,nicolasmelton@bowers.info
6442,Melvin,Patton,Porter Ltd,900.754.1904,fbender@steele.com
6443,Terrence,Grimes,"Potter, Potter and Meza",998.274.4472x1843,lromero@drake.com
6444,Desiree,Kent,"Maldonado, Brewer and Hobbs",960-435-4529x48015,sheliaruiz@simpson-anthony.info
6445,Roberto,Mejia,Price Ltd,007-005-6213x2785,elijahcasey@butler-elliott.org
6446,Dalton,Atkinson,"Simpson, Stuart and Rosario",037-252-7105x0107,claudiawoodard@warner.com
6447,Kristopher,Olsen,Warner-Moreno,(916)783-4149,wallacefernando@olsen.biz
6448,Jason,Rubio,Page-Crane,078.055.0781x19260,millerwarren@richmond.com
6449,Ross,Yates,"Cook, Barajas and Duncan",(012)307-7238,clinebridget@velez-rivera.com
6450,Louis,Galvan,"Trujillo, Sanford and Reynolds",323-329-8940x08589,snowjake@hoffman.net
6451,Stefanie,Davila,Adkins Inc,+1-145-060-8136x572,chenmelissa@shannon-chavez.com
6452,Seth,Kennedy,"Guzman, English and Saunders",195-029-4497,alishali@larsen.net
6453,Jaclyn,Callahan,"Giles, Mckinney and Fuentes",001-361-152-7082x5276,lpowers@barnes.info
6454,Alexandra,Stevens,Holloway-Atkins,6755654179,martin75@vega.com
6455,Nathan,Sherman,"Pitts, Jarvis and Gillespie",(278)807-0382x03991,faithbarrett@richardson.com
6456,Dorothy,Combs,Ochoa PLC,453.388.7203,daltonadrian@blackwell.info
6457,Bryce,Gill,Sexton-Lowery,1915035103,whiteheadtaylor@grant-olsen.com
6458,Perry,Pearson,Ward-Buckley,(067)479-9607,andre08@norton-pruitt.com
6459,Jasmin,Townsend,Rocha-Fleming,900.798.5869x3194,patrickwall@shea.com
6460,Harold,Davidson,"Conley, Bolton and Lucas",181-662-5793,whitney04@peters-brewer.com
6461,Isaiah,Huff,"Walls, Santana and Mcintosh",135-434-2966x481,kelleyerika@riley.biz
6462,Greg,Floyd,"Sexton, Howell and Mcgee",001-290-172-0104x623,erincombs@haley-hubbard.net
6463,Jeremiah,Cardenas,"Ibarra, Mercer and Tyler",140.450.4364,victor89@strong-barber.com
6464,Dave,Kirk,"Stevens, Taylor and Dorsey",(392)017-7098x044,grant32@taylor.com
6465,Sally,Patrick,Freeman Group,879.403.8346x81473,charles18@turner-rubio.com
6466,Warren,Esparza,Holt Inc,552779368,hayden09@cook.biz
6467,Anthony,Callahan,"Rogers, Estrada and Vazquez",(589)257-8573,gregory52@colon.com
6468,Gabriela,Decker,Glover-Peters,+1-400-227-3634x2041,joel31@shepard.net
6469,Ricardo,Duffy,"Morgan, Macdonald and Byrd",1296671689,carmenfrancis@ward-meza.net
6470,Julie,Francis,Mullen-Raymond,(166)090-7435x9352,carla18@gonzalez.info
6471,Toni,Harrison,"Daugherty, Morris and Cline",+1-259-717-4441x553,leonfox@haas.com
6472,Tanya,Fuentes,Leonard-Hunt,+1-302-340-3595x5894,isaiah58@burke.com
6473,David,Jefferson,Mckay-Moore,5844265679,jsimmons@stokes-avery.info
6474,Joyce,Forbes,Mathis PLC,718-575-7707x598,riverslauren@hall.com
6475,Brittany,Jordan,Mathews and Sons,3083702586,vward@chandler.com
6476,Jesse,Neal,"Lutz, Hunt and Roberts",683-066-3295x668,phernandez@yates-fischer.com
6477,Jeffrey,Huff,Rosario PLC,684.709.6435,edwardvaughan@payne.net
6478,Tyrone,Carr,"Patrick, Poole and Hull",-4961,mollyduffy@dalton-prince.biz
6479,Colleen,Allison,"Beck, Price and Rasmussen",053-001-3462x337,wwillis@mcclure.net
6480,Raymond,Molina,Bean-Hinton,(375)605-9942,kaylareilly@robbins.net
6481,Yolanda,Ponce,Huff-Mendoza,6355115043,palmerkurt@yu.info
6482,Gregg,Fleming,"Mcneil, Page and Huber",(167)325-4980,breannasaunders@hull.biz
6483,Jesus,Cortez,Carey-Acevedo,(076)600-9054x77352,alishablevins@bell.com
6484,Bryce,Decker,Love Ltd,+1-867-177-0293x4866,fred52@mitchell.net
6485,Cristian,Stevens,Koch-Flores,753-607-7391x6154,bevans@scott.com
6486,Kerry,Montes,"Cline, Velasquez and Mcpherson",(436)650-1546x379,hectoroliver@norman.com
6487,Bruce,Howell,"Gomez, Higgins and Short",(682)702-0132x079,arose@noble.biz
6488,Ronnie,Hernandez,"Morrow, Sellers and Foster",+1-937-832-0469x8399,bowersglenda@cowan-koch.com
6489,Adam,Morgan,Howard LLC,(482)230-8599x83276,pam66@fowler.com
6490,Tasha,Gordon,Ferguson and Sons,541-901-7619,wflowers@king.com
6491,Glenn,Warren,Fischer-Reeves,001-553-112-2277x52162,cbaird@gardner.com
6492,Jenny,Conley,"Bates, Rodgers and Robbins",(964)998-4331,bbriggs@vaughn.com
6493,Alexandra,Sandoval,"Jacobson, Lam and Trujillo",(381)999-2056,lambcaroline@martinez.info
6494,Evelyn,Joseph,"Ellison, Diaz and Singh",001-702-053-4577x775,richard96@herman.com
6495,Courtney,Fleming,"Roberson, Ponce and Gamble",068-926-5178x234,lmichael@lawrence.org
6496,Cody,Salazar,Bishop-Love,(837)069-1719x5138,langfrancis@edwards.net
6497,Ray,Fowler,Bowen Ltd,887.024.0829x06693,chapmanzoe@porter-cooke.com
6498,Marcus,Mcneil,Pineda Ltd,4298937434,laurie38@aguirre-mcmillan.org
6499,Gary,Cordova,Weiss Inc,4478771261,colleen09@holland-harrell.com
6500,Karl,Weber,Gross-Preston,8538339121,noahspears@rubio.com
6501,Bridget,Mayo,"Shah, Wilkins and Bean",-2125,kparks@chung.org
6502,Mark,Watkins,Moses Group,408.654.9599x351,annettedonaldson@rojas.com
6503,David,Page,Rivera-Rivera,001-751-614-9145x35749,jacob41@pierce-cruz.com
6504,Sara,Fitzpatrick,Massey Inc,001-202-091-9405x83621,kristinalvarado@merritt.com
6505,Chelsey,Cline,"Levine, Bautista and Mercado",001-972-796-7158x16142,tpaul@stafford-roy.org
6506,Sheryl,Christensen,"Ayers, Zuniga and Lee",860.813.2730x9964,nicholasbradley@lutz-roman.net
6507,Roger,Holloway,Callahan Group,114.153.3688x64124,kristamoss@shepherd.com
6508,Kristina,Pittman,Shah Group,(621)381-9490x603,icook@lynch.com
6509,Sally,Ryan,Spence-Velez,(450)252-5085,wilcoxsheena@figueroa.net
6510,Curtis,Crawford,"Sheppard, Levine and Barker",148.717.0719x846,derekchavez@blankenship.biz
6511,Katherine,Carr,"Osborn, Mcgee and Austin",001-277-847-0116,zwelch@gutierrez.info
6512,Edwin,Melton,"Cortez, Fuller and Harmon",166.537.1349,wyork@davila.net
6513,Darrell,Hoffman,"Browning, Becker and Meyers",902.666.8908x060,johnskaren@parks.org
6514,Melanie,Ortega,Cox-Shepherd,(193)065-2728x320,vangross@wolfe-mccarty.com
6515,Lorraine,Mullen,Marks Inc,001-054-998-5508x135,blevinschelsea@lynch-gross.com
6516,Jesus,Christian,Hoover-Beck,+1-410-233-2010x07601,kowen@potter-stephenson.info
6517,Alyssa,Weaver,"Salinas, Rivera and Hebert",433-825-3326x8001,amarshall@horn.com
6518,Vickie,Gillespie,Wells Group,380-673-4235x616,clairemooney@rasmussen.com
6519,Shawn,Mercer,Ramsey Group,383.820.3967x3625,perezjenny@rowland.biz
6520,Michaela,Dawson,Arroyo and Sons,(224)419-6660x6970,michellekline@escobar-leach.com
6521,Isaiah,Hurst,"Leach, Delgado and Noble",182.076.8713,dyork@page-mcpherson.info
6522,Alejandra,Mcconnell,Nash-Davidson,(992)726-3158x4575,summer27@gilmore.com
6523,Harold,Kline,"Bentley, Mckee and Ford",001-536-548-7402,mark60@beasley.org
6524,Jerome,Cruz,Burke Group,001-103-754-3644,allisonscott@colon.com
6525,Mckenzie,Franco,Craig-Bright,(231)631-0649x6953,vicki87@ramsey.biz
6526,Tommy,Goodman,"Spence, Lara and Mora",593-726-1189,fleach@stevens.com
6527,Helen,Molina,Shepard and Sons,+1-065-671-4577x3102,christie74@martinez.net
6528,Glenn,Buckley,Daniel Group,913-793-8266x34203,joanhurst@morgan.info
6529,Christy,Baxter,Navarro-Nixon,(670)374-5978x699,daisychen@terry.com
6530,Krystal,Palmer,Jimenez and Sons,787-941-1436x180,audrey11@koch.com
6531,Dillon,Mcclain,Cruz-Martin,(038)620-2282,calvin21@gomez-avery.com
6532,Julie,Curry,"Lester, Ochoa and Payne",016-428-3804,trevorhawkins@reynolds.net
6533,Christy,Herrera,"Keith, Gentry and Kidd",179.965.5903x66240,ariel27@stout.com
6534,Robert,Avila,Dudley Inc,026.779.2356x17201,adamprince@middleton.com
6535,Sherry,Forbes,"Meza, Fuller and Pittman",370.358.0435x3681,jriley@fitzpatrick.net
6536,Jason,Lester,Carson Inc,5697606744,dwayne99@hogan-carter.net
6537,Julie,Cardenas,"Henson, Barry and Malone",(484)107-1458,zimmermanshirley@medina-zhang.org
6538,Amber,Nguyen,"Abbott, Sampson and Huynh",751-762-9417x80561,shelley60@ryan-rosario.com
6539,Nathan,Huerta,"Finley, Crawford and Cobb",9825285716,gcrawford@avila.org
6540,Anita,Reynolds,Clark-Fernandez,001-465-598-1456x2712,jenna20@chambers.org
6541,Paul,Dalton,"Mays, Hale and Frye",670-703-5686x209,riceisabel@rivera.net
6542,Oscar,Bernard,"Vang, Schaefer and Wolf",851-016-1308x558,xleon@ewing.com
6543,Lorraine,Franco,Cook PLC,(830)506-2373x15662,isharp@lee.com
6544,John,Eaton,"Sexton, Goodman and Lam",6225817789,odonnellselena@meadows.com
6545,Devin,Montoya,"Burnett, Leblanc and Keller",001-385-508-1034,toni01@beltran.com
6546,Aaron,Pena,"Pollard, Michael and Powell",001-177-689-2075x4203,yvettewalters@arias.net
6547,Herbert,Calderon,French and Sons,(067)562-2025,ashlee96@mccormick.com
6548,Devin,Robbins,Walker LLC,-8926,shawnmccann@ayala.org
6549,Steven,Stanley,Vaughan PLC,(642)352-4206,mejiajon@jefferson.net
6550,James,Mcknight,"Stanton, Paul and Cameron",001-737-137-4822x228,petersenterrence@charles.com
6551,Tyler,Cunningham,"Wilkerson, Dunn and Carey",082.855.3128x71163,bonnie77@anderson.org
6552,Lindsay,Bennett,Mills-Casey,001-331-082-6797,priscilla54@mclaughlin.com
6553,Marcus,Delacruz,Burnett PLC,(275)896-6813x56899,arianahayes@stein.com
6554,Rita,Smith,Salas-Roy,7886390621,jean15@lam.com
6555,Samantha,Hutchinson,Pineda Group,287-652-3479x73903,jzimmerman@morse.com
6556,Robin,Rollins,Arias LLC,+1-725-675-0546x5847,hannahpalmer@molina.net
6557,Jimmy,Abbott,Black Ltd,485.570.2703,zachary01@anderson-forbes.com
6558,Mason,Little,"Krueger, Holt and Dawson",606.819.3447x624,elliottrose@lindsey.com
6559,Ross,Farmer,Ayala-Solomon,+1-715-129-3040x18155,fkidd@medina.org
6560,Doris,Cline,Galvan-Phillips,037-792-1649x3723,lisa11@olsen-daugherty.com
6561,Regina,Malone,Villa-Rangel,(656)696-1669x7617,gsilva@quinn.biz
6562,Travis,Ali,"Cox, Macdonald and Pineda",+1-995-411-2041x86598,derrickbeltran@harrington-gill.biz
6563,Roberto,Wheeler,Thornton-Elliott,(752)908-2977x070,claire53@everett.com
6564,Sydney,Cervantes,Bolton-Hendricks,285-335-1315x27728,kmckee@norman.com
6565,Mathew,Garner,Guzman Group,-10242,duarteoscar@nunez.com
6566,Jade,Noble,Mcintyre Inc,(156)784-2167x806,stanley30@mcfarland.com
6567,Parker,Key,Roy PLC,(126)224-1085x90218,dbender@simpson.com
6568,Fernando,Petersen,"Flowers, Reynolds and Baxter",245-781-6649,joshuamathews@bruce.com
6569,Candace,Frederick,Glenn-Eaton,488-680-3896x98811,elizabethcrosby@mays-owens.com
6570,Deborah,Chang,Hicks-Small,(095)032-6123x38177,arianasandoval@shea-atkinson.info
6571,Gregory,Ewing,Tucker Group,+1-112-701-7709x3992,tamara88@valentine.biz
6572,Tara,Mueller,Byrd-Irwin,+1-964-192-9926x78222,hurstsean@wade-preston.com
6573,Tony,Dunn,Rosales and Sons,131.983.9899x411,jbeltran@simon.com
6574,Dale,Benson,Johnston LLC,183.720.6362,mathew31@steele.com
6575,Pamela,Wilkinson,Kerr Inc,319-889-9659,dominguezholly@paul.com
6576,Alexandra,Strickland,Montes-Lutz,041.904.4071,douglas08@cameron.info
6577,Janet,Mccoy,Moran-Farrell,001-768-908-5887x414,rivasjames@kelley.com
6578,Randall,Brennan,"Espinoza, Shah and Blanchard",+1-230-595-4542x607,helenrasmussen@klein-manning.com
6579,Jerome,Peterson,Ray-Cantrell,001-799-619-4368,jeremyspence@frazier-skinner.biz
6580,Luis,Lang,"Mccoy, Wang and Moss",001-088-260-1755x78482,iturner@shields.com
6581,Kristy,Stevenson,"Clements, Rasmussen and Edwards",-8869,pscott@oneal-riley.org
6582,Amber,Wiley,Manning-Velasquez,5363163611,mccormickstephen@pugh.com
6583,Melanie,Davis,Chavez PLC,300-384-2335x06145,hammondnoah@bruce-kelly.org
6584,Debra,Todd,Hogan LLC,503-201-6797,mmeyer@saunders.com
6585,Sean,Fernandez,Miles LLC,308-545-9982,morselaurie@hart.org
6586,Drew,Bonilla,Owens PLC,(840)775-9739x4361,duffymiguel@blanchard-hebert.net
6587,Matthew,Savage,"Freeman, Woods and Drake",313.864.8069,darrenduarte@boyer-freeman.com
6588,Danny,Wilkinson,"Franco, Burgess and Pena",(442)457-6281x60521,patricksandra@lang-bradford.com
6589,Rodney,Massey,Boone Inc,-10901,lindsay08@wilkerson.com
6590,Terrance,Knox,Li-Simon,(208)783-4162x65732,chaseprince@copeland.info
6591,Cesar,Wood,Lowery-Little,645-610-3843,aryan@humphrey.com
6592,Jennifer,Garner,Cannon Group,552.632.1812,cchandler@andrews.com
6593,Kristy,Sexton,"Mora, Davila and Ballard",931-540-6411x2225,savannahdowns@hood.com
6594,Bernard,Mercer,Petersen LLC,122.365.1847x081,kristinepoole@huffman.org
6595,Victor,Farrell,Ferguson-Saunders,+1-607-943-1043x08537,jennifer32@pearson.net
6596,William,Bradford,"Farley, Dunlap and Sawyer",872-803-1692x21963,coreydickson@escobar.com
6597,Nichole,Blackwell,Castro LLC,940-157-2185,blakebruce@lozano-chandler.org
6598,Kristine,Hughes,Montgomery-Kirk,(468)209-9454x9145,juarezkirsten@morrison.com
6599,Darryl,Bowen,Strickland LLC,-9268,brittanygray@kidd.biz
6600,Kristie,Carroll,Gallegos Group,(402)045-4960,bushdarlene@ali-lowery.org
6601,Sophia,Dodson,Solomon-Mcmillan,1482467265,nblanchard@holmes-lucero.com
6602,Suzanne,Adkins,Branch LLC,9511969785,carlastewart@merritt-mays.info
6603,Colton,Pennington,"Greer, Waller and Nicholson",418.143.8935,ystafford@lutz.net
6604,Keith,Johnson,Cobb-Gross,(509)184-5112,jackson88@crawford.com
6605,Katrina,Rojas,Harper PLC,990-240-7538x299,rpennington@gross-norman.info
6606,Alicia,Hester,"Kennedy, Lam and Reynolds",001-990-231-3794x7129,novakdominique@gould.com
6607,Jimmy,Preston,"Alvarez, Lee and Ali",(867)792-3073,lgibson@carpenter.com
6608,Carmen,Wiley,Barr-Sawyer,001-656-756-6618,nicole66@graham-burnett.org
6609,Latoya,Lang,Gross LLC,(431)863-8882x521,roblesselena@huber-arroyo.com
6610,Anthony,Shepherd,Powers Inc,(801)350-1785x93724,jackrobinson@arias.info
6611,Roberta,Ware,"Chaney, Wong and Ali",(780)279-0323,englishjose@oconnell.org
6612,Molly,Moreno,Arias Group,4096378199,piercecharlotte@oliver-clayton.com
6613,Peggy,Conley,Dudley and Sons,852-554-2833,pkline@morris-francis.org
6614,Kirsten,Downs,Bernard Group,(820)895-5438x87752,zavalajaclyn@summers-trujillo.com
6615,Tami,Raymond,Sparks and Sons,341339429,cvalenzuela@stafford.com
6616,Susan,Tucker,Stanton-Gray,319.562.0897x11594,velezalvin@hancock.com
6617,Kristy,Hopkins,Heath-Macias,-11520,ana45@roth.com
6618,Shaun,Maddox,Vega-Pearson,(854)495-4634,michael64@goodman.com
6619,Wesley,Hayes,"Larsen, Moon and Burton",149-890-7192x26129,kristy93@costa-vazquez.com
6620,Maria,Anthony,Castillo-Cooper,950-643-4471x657,thompsonfelicia@gibbs.net
6621,Ronald,Pennington,Potts LLC,(279)295-1295,dillon37@cruz-rosales.info
6622,Yvonne,Bryant,Bowen-Maldonado,198.338.2994,yyates@delacruz.net
6623,Martha,Paul,Murphy-Estrada,001-228-286-0841,ritaanderson@cain.com
6624,Vickie,Gamble,"Moran, Hendrix and Porter",(861)422-2092,ypoole@ruiz.com
6625,Brooke,Hammond,Cox Inc,018-024-1129x20775,martinjimenez@osborne-lowery.com
6626,Melanie,Copeland,"Oneal, Archer and Castro",635.675.3935x40355,craigwebster@patrick.com
6627,Sonia,Bishop,"Conrad, Le and Marshall",001-217-453-0016x3559,kurtchavez@mann.org
6628,Samuel,Reid,"Santos, Salinas and Kennedy",413.682.9038,georgegail@hopkins-moreno.com
6629,Joanne,Bishop,Drake-Cantu,379-317-7415x94693,ybates@schneider.com
6630,Martha,Grant,Castillo-Larson,001-051-148-2157x339,shannonbenjamin@sanders-payne.com
6631,Megan,Benitez,"Mccarthy, Chapman and Estrada",(081)008-4992x84631,blakegillespie@ashley-mccall.com
6632,Nancy,Livingston,Stark Group,444.275.2143,downsjorge@osborne.com
6633,George,Gonzales,"Bowman, Allen and Rhodes",732-028-3480x6134,staffordnatasha@shields.net
6634,Joy,Sawyer,Gould Ltd,605-277-2028,hamptonamanda@chavez-bender.com
6635,Edwin,Spence,"Skinner, Perez and May",(192)993-8692x35970,vincentkrause@fischer-brandt.com
6636,Joan,Harper,Holden Ltd,194.213.6205,qparsons@ray-flynn.com
6637,Bobby,Guerrero,Ayers-Massey,+1-253-115-8536x583,fday@levine.org
6638,Tyler,Reeves,"Leon, Ayers and Baldwin",(615)006-4199x002,vernonturner@murphy-holt.com
6639,Katrina,Barrera,"Parrish, Fitzgerald and Gibson",713.169.9384x19216,elizabeth14@zimmerman.com
6640,Jamie,Hancock,Mcmahon LLC,001-586-345-5307,sarahkirby@holt.com
6641,Dean,Ellis,Arroyo Inc,(047)381-5470x7055,qsantos@ortega.net
6642,Marisa,Wolfe,Greer-Mata,457-963-6670,ashleygates@greer.com
6643,Jasmine,Warner,Marshall LLC,3688676144,audreybird@davis.com
6644,Susan,Day,"Robinson, Stephens and Martin",224-435-2080x813,rhansen@franco.org
6645,Lee,Mcintosh,"Middleton, Gibbs and Edwards",(367)683-7905,diana33@barber-underwood.com
6646,Garrett,Mcdonald,"Atkins, Livingston and Ware",6181139377,smatthews@bowman-holden.com
6647,Tara,Trujillo,Medina and Sons,129.571.7116,bethanymarquez@vega.com
6648,Kevin,Phelps,Richmond-Lambert,1973241670,sperez@suarez.com
6649,Gene,Warren,Cortez PLC,+1-454-508-7393x587,clintonnorris@griffin.biz
6650,Katie,Roach,"Douglas, Young and Hamilton",1805641852,misty40@dixon-ford.net
6651,Ethan,Lucas,"Adkins, Sampson and Holloway",601147922,tbarajas@sparks-mullen.com
6652,Shannon,Manning,"Snow, Gilmore and Cantrell",6981322338,bobbyglover@ho.biz
6653,Shannon,Cortez,Giles-Le,(293)395-2865x2251,rhays@house.com
6654,Fred,Woodward,Taylor-Peterson,001-846-622-6902x84539,ian13@wolfe-livingston.net
6655,Joshua,Butler,"Glover, Hammond and Garner",(262)388-6312x0382,nyoung@osborn.net
6656,Allen,Shepherd,Griffith Ltd,001-708-622-4633,becky65@hess-stokes.com
6657,Christian,Carney,"Harrell, Carr and Tran",+1-560-075-2040x02447,nparsons@hernandez.com
6658,Patrick,Stanton,Gibbs-Keller,211.926.9017,schaeferfranklin@rubio.com
6659,Andrea,Klein,"Singleton, Brennan and Salazar",001-329-199-0440x476,zphillips@schroeder.com
6660,Kelly,Barber,"Alvarado, Quinn and Mercado",250.349.0686x32396,vatkinson@collier-santos.info
6661,Kurt,Gonzales,Bryan Group,(496)028-4986x1060,nsantos@rangel.info
6662,Theodore,Ramsey,Bauer Inc,(651)313-6899,bford@terrell.com
6663,Donna,Jones,"Middleton, Bowen and Herring",(228)649-9679x4756,ryanreese@hernandez-calhoun.biz
6664,Vanessa,Chandler,Vaughn-Dickerson,5704215740,wwalker@mcdonald.com
6665,Charles,Krause,Cantu-Wolf,+1-667-747-3352x909,lori84@mcgee-weber.net
6666,Dale,Harrison,Singleton-Johns,+1-213-831-5401x075,chaneynatasha@burnett-preston.com
6667,Kathy,Novak,Dominguez Group,(242)993-8122x53797,ivan16@nichols-bennett.com
6668,Melanie,Mcdaniel,"Townsend, Compton and Goodwin",828.617.2884x66695,zbridges@floyd.com
6669,Carl,Gilbert,Crosby PLC,001-456-243-8798x75376,mhays@peterson-hull.com
6670,Malik,Garrett,Daniel and Sons,(796)329-3007x958,travisayers@rojas.com
6671,Kendra,Oliver,"Sheppard, Goodman and Knapp",-1165,whitneyjonathan@gillespie-mcknight.com
6672,Kathy,Norris,Beard LLC,-2889,tracey71@lynch.com
6673,Edward,Burke,Vaughan Ltd,872.965.7485x4994,lsherman@bean.com
6674,Alex,Pace,Strong and Sons,(156)793-6917x4940,bradsolomon@bryan.org
6675,Shelia,Benton,Duran-Trujillo,707.132.5606x11444,zrosales@brennan-velazquez.info
6676,Yvonne,Nash,Fowler-Obrien,(318)242-9807x7403,dlucas@carson.biz
6677,Ronald,Mahoney,"Duran, Marshall and Moreno",923.529.7130x5310,shane87@mcbride-moore.com
6678,Meghan,Middleton,Rasmussen-Ingram,727-956-1923x2621,shane24@cantu.com
6679,Shaun,Monroe,"Church, Koch and Harrington",697.664.7663x58593,adamskarla@frazier.net
6680,Clarence,Valdez,Macias Group,092-912-6671,douglas74@mcneil.info
6681,Carol,Huang,"Hoover, Irwin and Houston",439-899-1307x4955,lucas33@vega-mcintosh.com
6682,Meredith,Brock,Cochran Inc,+1-532-920-9935x990,qpatrick@robertson.com
6683,Doris,Sawyer,"Moss, Case and Camacho",071-621-4097,tinasuarez@charles.com
6684,Don,Blackburn,Dean-Love,-8608,dmercado@byrd.biz
6685,Latasha,Peterson,Wyatt-Mendoza,-4315,claire01@stevens.com
6686,Gavin,Medina,Page Ltd,(485)968-8146,derekdalton@richard.biz
6687,Jermaine,Bell,"Dixon, Clements and Forbes",+1-488-738-0205x70007,mario69@crawford-whitaker.com
6688,Steven,Tanner,Snow-Gray,(293)527-7253x73522,unielsen@roth-branch.info
6689,Lance,Leon,Guerra-Vega,7693415398,ccarson@wallace-howell.com
6690,Marvin,Wall,Finley-Bell,359-218-3472,michaela94@house.com
6691,Isaac,Brooks,Meyers-Tapia,523-342-5112x369,kaitlyn53@yates.com
6692,Ebony,Harrison,Larsen Inc,805-916-5642x04643,thomasselena@patton.com
6693,Jill,Goodman,Underwood Group,+1-447-809-6952x1087,douglasbradley@roach.info
6694,Gary,Odonnell,"Abbott, Holder and Hoover",526.236.6696,cummingsselena@mcdonald.com
6695,Troy,Dodson,Hernandez-Caldwell,8631095209,george99@lynch.com
6696,Gregg,Ritter,Evans Inc,924.099.7533x486,jade57@sullivan.com
6697,Catherine,Huerta,Henry-Trujillo,(175)855-7201x53391,wburns@chase.com
6698,Jodi,Campos,"Armstrong, Cox and Proctor",001-599-527-5875,donovankelli@kaufman.com
6699,Stacy,Coleman,Craig and Sons,001-904-856-5618x255,margaretgallagher@novak.com
6700,Maria,Winters,Perry Ltd,531.997.2394,barnettparker@jimenez.com
6701,Melvin,Key,Oconnor and Sons,057.797.6613,luke40@holloway.info
6702,Destiny,Cabrera,Macias PLC,001-554-052-4697x25951,zpham@clayton.com
6703,Grace,Franklin,Elliott Inc,904-535-4953x683,mason29@manning.net
6704,Sheri,Greene,Hickman Inc,669-928-1307,hurstbrittany@marquez.net
6705,Frank,Winters,"Webster, Pace and Tucker",+1-106-264-8005x481,iwang@bray.com
6706,Kerri,Meyers,Vang-Shaw,001-856-091-2956x52587,myu@cox.com
6707,Gabrielle,Miranda,Ferguson-Shepherd,001-324-805-7754x04402,savannah50@hebert-galloway.com
6708,Cassandra,Mckinney,Mcintosh Ltd,9652066720,alicia91@mueller-wade.net
6709,Daniel,Simmons,"Duffy, Villarreal and Berger",367-116-7421x80810,hmolina@leblanc-harrington.com
6710,Steven,Rush,Gibson PLC,001-268-674-6368,jeff90@jensen.com
6711,Alfred,Kennedy,"Boone, Robertson and Morse",810-098-4074x823,stonebrittney@best.com
6712,Gene,Best,Ford Ltd,-5350,ctapia@travis.com
6713,Yesenia,Alexander,Gomez-Calderon,-2789,parker07@baker.com
6714,Lauren,Rasmussen,Barajas-Gonzalez,(142)379-4118x875,ldavidson@glass.net
6715,Albert,Barnett,Wood Inc,379-697-4994x90928,odonnellbob@watts.net
6716,Jeffery,Carney,Hunt Inc,682-695-6846,jaredsimon@henson.info
6717,Lee,Burch,"Cortez, Martin and Christensen",170.328.3670,jarvisalvin@bean-garcia.com
6718,Shawn,Haney,Aguilar-Blair,584-654-5737,saralara@brady.com
6719,Geoffrey,Peck,Barron-Mueller,(813)408-0152x2407,dwaynemontes@frost-delgado.com
6720,Paige,Armstrong,Wu-Hanson,001-086-005-9457,stefanie94@chung-sawyer.com
6721,Jackson,Ho,Huerta-Dillon,+1-159-746-3842x53553,sherrygolden@beck.com
6722,Alexander,George,"Alvarez, Hardy and Boyle",(580)576-4772x65826,marissa50@howell.info
6723,Sheila,Cardenas,"Bird, Gamble and Mcguire",(038)466-0435x48397,nancypetty@fletcher.com
6724,Jade,Hoover,"Robles, Horton and Banks",3233292648,hickmancameron@moreno-randolph.net
6725,Francisco,Stanley,Mclean-Armstrong,+1-419-718-3106x2737,toniavila@mendez-frye.org
6726,Alexis,Barajas,Beard-Ramirez,398.079.6111x5438,pottsricardo@sutton.biz
6727,Kristi,Mitchell,"Carr, Parsons and Weaver",053.650.9093,agilbert@abbott-patrick.org
6728,Kelsey,Strickland,Ruiz Inc,001-697-158-3924x915,cheyenneguerra@burke.com
6729,Roger,Blanchard,"Tanner, Wang and Velasquez",004-442-1871,khubbard@yoder.org
6730,Miguel,Duffy,"Vaughan, Glover and Shepherd",4568228143,hwise@lowery.info
6731,Anna,Park,Montgomery Inc,001-700-209-7838x110,edward24@fischer.biz
6732,Sherry,Hopkins,Bell-Howe,687.498.7230,orrmadison@mcdaniel.net
6733,Caitlyn,Wade,Keith PLC,(053)213-1171x32403,micheal82@lynn.com
6734,Amy,Bowen,Stuart-Mcintyre,001-141-681-3417,norman50@duncan-browning.com
6735,Monica,Bonilla,Terry-Oconnell,899.261.8169,glasskaren@francis.net
6736,Breanna,Travis,"Villegas, Rodgers and Andrews",194-080-4778,albertmullen@soto.net
6737,Dillon,Fischer,Walter Inc,3720318875,charlotte42@rojas.com
6738,Angela,Atkins,Marshall-Gaines,001-672-895-9209x6742,henrygill@bender.com
6739,Mary,Ruiz,Hendricks-Mccarty,380-567-7639x5218,judith29@maddox.com
6740,Dillon,Johnson,"Brock, Jimenez and Mosley",(631)503-2472x99128,maytanner@tanner.com
6741,Angie,Huber,"Boyer, Bennett and Kirby",960-570-1312x12031,gspears@frederick.com
6742,Shelia,Garza,Leon-Bell,+1-643-748-3369x166,morristravis@castro.com
6743,Ronnie,Frazier,Pineda-Dudley,001-309-095-3807,ernest11@joyce-yang.com
6744,Brady,Mejia,Parker LLC,7503780881,alisonmontgomery@lyons.biz
6745,Ian,Ramsey,Hickman-Cross,(055)954-9609x77967,zamoragabrielle@forbes-barber.net
6746,Blake,Carter,Mcbride and Sons,094.095.1970,juliarichardson@welch.com
6747,Mikayla,Shaw,"Sparks, Snow and Gaines",(509)852-4640,rpacheco@blanchard.info
6748,Mark,Stephenson,"Greene, Moon and Allen",427-519-7457x27731,alexandermorgan@conley-fischer.org
6749,Henry,Mack,"Gates, Beltran and Kramer",677.394.6870x4621,yangrickey@gilbert.com
6750,Antonio,Clarke,Bartlett-Howell,(054)909-5403x54225,jeffcarter@molina.biz
6751,Abigail,Mueller,Armstrong and Sons,(162)018-7142,sylviamoody@farmer.info
6752,Faith,Monroe,Lindsey LLC,004-624-7123,ifrazier@andrews.com
6753,Katherine,Shaffer,Bridges LLC,-10419,gallowayclifford@galloway.com
6754,Terri,Fleming,"Pugh, Simon and Hatfield",789.408.7831x6551,adkinsdana@abbott.com
6755,Shelby,Rocha,Harmon-Roth,910-257-6626,edwin73@daniel-kane.net
6756,Colton,Aguirre,Fitzgerald-Norman,691-673-5458x18626,fguerra@raymond.info
6757,Isabella,Foster,"Guerra, Montes and Pearson",250-017-6628x986,glenn24@ward.net
6758,Victoria,Pennington,"Mendez, Rasmussen and Burgess",175.859.0736,wolfecindy@buck.com
6759,Karl,Knight,"Lawson, Murillo and Sellers",(755)283-3944x2268,heather30@gordon-reynolds.com
6760,Allison,Atkinson,Adkins Ltd,(958)827-1468x209,brandon82@hernandez.com
6761,Wanda,Fry,Hensley-Maddox,001-498-541-5482x5780,mollywilson@hinton.biz
6762,Shari,Santiago,Reid-Gibbs,001-009-187-7301x49419,timothypayne@estes-camacho.com
6763,Jane,Shaffer,Li-Lynch,001-860-529-2500x513,douglassalas@dougherty.info
6764,Sean,Faulkner,"Young, Swanson and Aguilar",515-733-4945x347,navarroemily@briggs-mcguire.com
6765,Angela,Cooley,Frost-Pugh,(916)863-9176,sloanbryan@mccarthy-ortega.com
6766,Stefanie,Simon,"Jennings, Torres and Fry",668.181.6011,mowens@castaneda.biz
6767,Ricky,Kane,"Collier, Sanchez and Valencia",001-947-085-1450x6338,staffordshirley@zamora.org
6768,Katherine,Maddox,Hendricks LLC,844.817.5403x29668,wongeddie@wallace.biz
6769,Todd,Branch,Aguirre-Hill,183-821-8581x855,meaganmcclure@carlson.com
6770,Brandy,Wiggins,Haney-Klein,397.237.5023x50488,piercekayla@bowen.com
6771,Alicia,Dyer,"Barber, Wells and Compton",668.714.7697,briggsclayton@flores.com
6772,Collin,Lester,Cameron Group,001-754-730-6777x2479,angelingram@snow.org
6773,Jackie,Hunter,Cain Inc,+1-945-158-4594x8528,bobkirk@greene.com
6774,Franklin,Graham,"Rodriguez, Ortiz and Calhoun",001-947-841-6456x8400,ymiller@floyd-roman.com
6775,Jenna,Quinn,Castillo LLC,547.660.1202x498,stokesjoel@ryan.biz
6776,Kiara,Gates,Lam Group,234-823-5024x4575,tmaxwell@mosley.net
6777,Logan,Keith,"Potts, Levine and Ballard",388-354-6528x498,bonnieneal@henderson.com
6778,Seth,Hayes,Miles-Salas,+1-813-823-9295x86008,fmccann@ford.com
6779,Adrian,Munoz,"Alvarez, Velazquez and Bolton",(532)804-3450x49985,alex47@mckinney.com
6780,Shelia,Osborne,George-Cordova,825.866.6665,lgreene@kerr.org
6781,Kenneth,Craig,"Wall, Walter and Page",001-089-129-6082x036,melanie55@kelley.biz
6782,Lonnie,Butler,Howard PLC,(923)250-6226x441,mathewford@irwin.com
6783,Sara,Callahan,Howe Group,758.120.7684,carolineduran@singleton-ho.info
6784,Melody,Wiggins,"Lynn, Andrews and Hopkins",(521)349-4414,cameron75@montes-simmons.com
6785,Parker,Wilkerson,Walker Inc,+1-238-758-8654x7828,jknight@hudson.net
6786,Cassandra,Barnes,Cortez LLC,+1-482-413-7046x7213,lmcintyre@alexander.org
6787,Amanda,Welch,Blackwell Inc,467-832-8678x641,qavery@vincent.com
6788,Jackson,Rodgers,"Hurst, Patterson and Cooper",(258)559-7396,sbranch@welch-santana.net
6789,Tracy,Brock,Rubio-Beck,(036)692-3356x75342,rebeccasutton@olsen.com
6790,Robert,Mcdowell,Dickson-Owens,662-739-0422,francisco09@frank-mcdowell.com
6791,Mikayla,Bentley,Gaines Ltd,764.612.4957x1933,llambert@blevins-curtis.com
6792,Katherine,Aguirre,"Fox, Sherman and Love",001-083-395-7832,estark@berger-villegas.com
6793,Damon,Galvan,Huber Ltd,851-076-5096x37877,darrenlewis@santiago.com
6794,Janet,Mcintyre,Chase-Everett,(290)054-8925x4691,cowanariel@hutchinson.com
6795,Kiara,Winters,Maldonado Ltd,(248)740-5970x66105,danagaines@combs-glass.org
6796,Christine,Ho,Kelly Group,226.973.0402x413,greerconnor@livingston.com
6797,Monica,Bolton,Wagner Group,+1-288-718-4997x736,meaganharvey@hunt.org
6798,Gloria,Garza,"Snyder, Johnston and Long",445-982-7269x8280,hrojas@moreno.net
6799,Jorge,Bates,"Lowe, Fritz and Hatfield",107.771.2308,rroberts@collins.com
6800,Jody,Bowen,Bolton-Hale,(398)706-5415x013,randallwesley@santana.com
6801,Joanne,Strong,York LLC,+1-190-102-1796x910,kentdarren@chen-fields.info
6802,Latoya,Avila,Cuevas-Boyer,593.570.1320x32993,anthonyfischer@yoder.info
6803,Gregg,Holloway,"Arias, Robertson and Bruce",+1-575-844-7186x28361,nicole94@chambers.net
6804,Tyrone,Morales,Cannon PLC,673-817-4380,breannaburns@wright-mahoney.org
6805,Bethany,Weaver,Hebert Inc,011-580-0679,freemanmelody@gonzalez-hunt.org
6806,Kiara,Velez,Walter-Mccall,(537)001-8265,rollinsjulian@ritter.biz
6807,Robert,Garrison,"Lopez, Walls and Simmons",251-870-8597,julianellis@whitney-padilla.com
6808,Carly,Wheeler,Stokes Group,920-235-9919,bernardhowe@schultz.com
6809,Joyce,Parker,Walters Group,(084)061-7285x9369,albert92@morales.biz
6810,Andre,Velasquez,"Sparks, Trevino and Wu",414-781-2814x9906,kfields@faulkner.com
6811,Brandon,Bonilla,"Haley, Marsh and Anderson",131-188-7387x494,dominic54@ochoa-harrington.com
6812,Brenda,Weber,Bright Ltd,001-035-461-3753x26106,rle@cannon.biz
6813,Sue,Ward,Wilson PLC,315-433-8152x064,mallory92@payne.com
6814,Becky,Mckenzie,Brennan-Cooke,(197)423-8196x13259,robynpeck@austin.com
6815,Julie,Moore,"Raymond, Juarez and Werner",+1-397-794-8374x7296,michelle32@reese-marshall.com
6816,Logan,Lucero,Best-Compton,(995)906-2540x998,brichmond@adkins.com
6817,Leslie,Pitts,"Green, Brennan and Coleman",+1-877-729-1574x52997,kdavidson@baird-schwartz.com
6818,Stuart,Best,Dudley-Pope,(477)880-5488,stevenstoni@madden-oconnor.biz
6819,Sonia,Logan,"Higgins, Warren and Kemp",(555)904-9179,terrence99@rush-goodman.com
6820,Kirk,Woodard,Ramos-Flowers,217-540-8154x59095,tom09@small.info
6821,Dalton,Macias,"Vazquez, Paul and Harvey",001-984-254-2322x62004,trevorhanna@hurley.biz
6822,Phillip,Pace,"Jefferson, Todd and Dougherty",776-472-9494x4135,mitchellmendez@small.com
6823,Bobby,Whitehead,"Allison, Goodman and Camacho",-8620,rebekahlynch@gray.info
6824,Tina,Yates,Haas Inc,459-657-4691,jensenjeanette@reeves.com
6825,Christina,Morris,"Schneider, Mcintosh and Key",001-894-357-8906x48091,marilynsloan@duncan.com
6826,Chase,Archer,Davidson-Barton,001-917-302-1382,jay67@patel.com
6827,Ann,George,Brock Ltd,001-469-809-0412x62925,warejeff@salas.com
6828,Hunter,Huber,Merritt-Atkins,+1-999-107-6131x65363,tara21@meyers-garrison.com
6829,Stanley,Wilcox,"Davila, Koch and Decker",+1-812-977-3072x02292,hutchinsonjessica@prince.biz
6830,Jeffrey,Melton,"Copeland, Glass and Charles",457665382,durhammarilyn@merritt.com
6831,Gregg,Johnston,Irwin Ltd,001-243-591-3118x430,tcowan@sutton.com
6832,Crystal,English,"Hooper, Wilson and Peterson",001-160-047-9031x494,robertaduke@case.com
6833,Joanne,Frost,"Fisher, Jennings and Travis",(116)814-8212x017,perry27@york-burch.com
6834,Gail,Molina,Simon-Barton,245-548-4832x22703,raymondsnow@cantrell.biz
6835,Sandra,Mcintosh,Potter-Meadows,149-765-7021x0721,nallison@mcmillan.biz
6836,Nancy,Baldwin,Mcbride-Zavala,340-687-9715x989,mezakristine@knox.org
6837,Nina,Lambert,Quinn PLC,517.865.7525,fholder@cameron.net
6838,Gordon,Page,Meyers-Dawson,428.936.1587,april68@henry.org
6839,Roger,Peters,Green Group,001-230-074-4025x83006,cowanvictor@clark-jordan.info
6840,Daisy,Wall,"Coleman, Holder and Cunningham",9983233833,roberta24@luna-montoya.com
6841,Kylie,Harmon,Gaines-Stephenson,001-358-557-2875,kathrynburns@perkins.biz
6842,Darin,Lin,"May, Stanton and Goodwin",001-841-325-5694,sue20@castro.com
6843,Joan,Mejia,"Ramsey, Wilkerson and Cooper",022.253.4820x42626,friedmansummer@burns-chen.com
6844,Jaclyn,Davidson,Browning-Jenkins,539-298-6571x4540,mistyritter@cross.info
6845,Edgar,Wade,Faulkner and Sons,035.234.0494,tomjarvis@calderon.com
6846,Kerry,Mckinney,"Poole, Montes and Wu",(924)262-9279x99388,darrell55@bradley-simmons.com
6847,Molly,Beck,Ray Inc,231-385-7521x6416,kelliereese@love.info
6848,Mathew,Fields,Kane-Hanson,001-689-491-8569x626,mcconnellshirley@beasley-caldwell.com
6849,Kirk,Le,Downs-Boone,986.831.0613x3159,garrett72@miller.biz
6850,Rachael,Bonilla,"Richards, Baird and Keith",927.325.7860,karinablair@esparza.com
6851,Kendra,Aguilar,"Contreras, Robles and Lara",197.041.6321,keymelvin@morse-ramsey.net
6852,Bryan,Arroyo,Chung PLC,323-597-9163,dramsey@ramos.com
6853,Zachary,Wilcox,"Olson, Wiggins and Nolan",+1-143-567-7361x94046,alicegomez@mahoney.com
6854,Glenda,Irwin,Hartman Group,533-155-7888,jenniferharmon@schultz.biz
6855,Nancy,Kelley,Griffin Ltd,341-250-5312,ocox@figueroa.com
6856,Cheyenne,Knight,Harper PLC,3945869122,gonzalesjonathan@wyatt.net
6857,Barry,Oneal,"Boyle, Reynolds and Fowler",(822)576-6871x655,meghanhill@huff-robertson.net
6858,Brendan,Carter,Heath-Barrera,001-253-528-4483x6741,reidbilly@fleming-fischer.com
6859,Cody,Miles,"Oconnell, Willis and Cortez",(023)214-9747x52158,ebonyharmon@kemp.com
6860,Francis,Gibbs,Wolf-Moore,044-607-0584x570,theresahickman@mclean.com
6861,Tricia,Meyers,Brooks Group,7131496881,ashleycharles@blackwell.com
6862,Christian,Oconnor,"Hawkins, Mathews and Gregory",+1-842-072-7982x5276,alvin35@bright-benitez.com
6863,Adam,Rose,Hunt-Acosta,835.884.1985x2582,kylie90@berger.info
6864,Robin,Fowler,"Schroeder, Key and Meyer",323-203-2274,dennishaas@sparks.com
6865,Bethany,Navarro,Chan Inc,(700)308-0722,hodom@oconnor-welch.com
6866,Brian,Underwood,"Mercer, Romero and Tyler",718-019-2510x4148,francesmartinez@tate-arias.org
6867,Shelby,Rosario,Griffith PLC,(894)149-4310x5224,abbottbrandy@sparks.net
6868,Tim,Klein,Harvey LLC,193.362.3151,sdavidson@garrett-briggs.com
6869,Ethan,Grimes,"Zhang, Carlson and Collier",(495)499-9824x646,larataylor@oconnell.org
6870,Eugene,Dennis,Juarez-Sheppard,247.914.5009,jackie14@stevenson-chaney.biz
6871,Katrina,Wu,Ho-Harvey,(170)727-0987x057,ischwartz@blackwell.net
6872,Francis,Cain,Owen PLC,257-046-7681,maddenlatoya@dyer-krueger.com
6873,Holly,Finley,Ellison-Hutchinson,+1-582-086-3133x755,wrowland@leon.biz
6874,Kaitlin,Parsons,Beck-Watkins,781.606.8803,doughertysally@randall.org
6875,Natalie,Barry,Montgomery-Woodward,5753169571,frylaurie@thornton-roman.info
6876,Bob,Underwood,Jarvis-Espinoza,+1-588-574-3302x87331,blakezhang@pollard.info
6877,Wayne,Wright,"Oconnor, Lynn and Kelly",001-379-217-6685,bibarra@proctor-melendez.net
6878,Alexandria,Mcguire,Bass-Cervantes,770-441-8838,becky20@bentley.com
6879,Samuel,Mccormick,"Reed, Phelps and Gray",+1-794-566-3044x91163,bonnie24@perkins.com
6880,Vincent,Mcmahon,Russo Inc,975-968-7033,carlcompton@sparks.net
6881,Cristina,Ellis,"Barron, Ayala and Hicks",653.027.2134x2981,watkinsbreanna@eaton.org
6882,Shaun,Travis,Suarez-Cruz,-2396,geraldmichael@santos.biz
6883,Leonard,Garner,"Holt, Galloway and Gomez",111.299.2893x79264,frostjasmin@benson.com
6884,Mandy,Roberts,Levy-Shepard,053-757-0709,candicechan@salazar.biz
6885,Reginald,Juarez,Proctor LLC,001-466-247-8049,allenkent@gregory.com
6886,Ebony,Padilla,Hinton and Sons,(323)643-1891x2890,wilsonshari@beck.biz
6887,Clifford,Atkinson,Khan Ltd,578.766.3997x453,garzaricky@ortega.com
6888,Philip,Bennett,Sims-Bishop,156.510.9933x270,aherman@cline.com
6889,Julia,Gutierrez,Daniels PLC,001-495-059-6297,isabelvelasquez@cunningham.com
6890,Paige,Jennings,Estrada PLC,2101115458,omarblanchard@wood-cabrera.com
6891,Lynn,Arroyo,"Herring, Arroyo and Ashley",992-775-4658x4598,kevinmullins@levine.biz
6892,Ross,Cross,Scott and Sons,+1-440-680-0239x558,holtfrank@hughes-newman.com
6893,Caroline,Blackwell,Rangel-Curry,592-549-0967x51402,bondapril@richardson.com
6894,Lee,Glenn,Levy PLC,825.540.6318x10917,jaclyn71@wright.org
6895,Randy,Mckinney,Miller-Arroyo,+1-934-183-8889x03523,oarcher@conway.com
6896,Krystal,Doyle,Espinoza Group,001-609-158-9714x4692,summer50@shaffer.org
6897,Crystal,Alvarez,"Proctor, Kline and Villanueva",685-554-9714x22821,latoya67@horne.org
6898,Diana,Gardner,Cortez-Solomon,805-281-8333x839,timothy92@mullins.com
6899,Ebony,Rich,Stevens LLC,925-780-9614,allenhartman@cain.com
6900,Lindsay,Chaney,Moran-Barry,413.554.9065x5264,jackandrade@cunningham.com
6901,Patty,Li,"Webster, Hess and Clarke",001-112-654-9388x49279,barry47@blackburn.net
6902,Denise,Sawyer,Lyons LLC,001-565-991-9313x05394,kerri33@gates.com
6903,Harry,Beard,Cooper LLC,001-702-634-2868x45177,max08@ortiz-allen.com
6904,Karina,West,"Long, Carpenter and Cantu",001-351-938-5703x131,jshaw@rocha.info
6905,Troy,Cantrell,"Marsh, Brock and Bernard",715-869-5155x6883,chart@kim.info
6906,Summer,Schroeder,"Hebert, Curry and Figueroa",+1-759-893-9156x6299,rowejulia@simmons.info
6907,Tanner,Chavez,Pierce-Greer,(910)716-6178,garciaparker@nolan-stevens.net
6908,Phillip,Cook,Grimes-Pollard,001-113-287-2114x8829,veronica66@lawson-mack.org
6909,Don,Roman,Walsh and Sons,119.700.7391x50051,glenadams@whitaker.com
6910,Briana,Sparks,"Walker, Blanchard and Combs",610-757-2217x04373,qgentry@morrow.org
6911,Christina,Gallagher,Bullock Ltd,(083)324-5348,umarshall@miranda-camacho.com
6912,Jerry,Calderon,Powell Inc,001-616-468-4871,sheryl48@king.com
6913,Charles,Ibarra,Carlson PLC,267-186-8475,melinda06@meyer.info
6914,Dale,Lamb,"Glass, Chan and Daugherty",852.344.2897x99870,franklin20@cox-stokes.org
6915,Aaron,Ortiz,"Gill, Roman and Blair",489-652-6564x3529,jenniferleon@santos-atkinson.biz
6916,Michael,Ramos,"Duffy, Moss and Best",(676)617-2714x4461,briggsjerome@vaughan.biz
6917,Bob,Meyer,"Beck, Horne and Oneill",-4443,uho@bryan-zuniga.com
6918,Kathy,Stanley,Carney Inc,(068)581-4018,jocelyn52@velez.info
6919,Renee,Chapman,"Russo, Buckley and Lang",513.769.7162x69405,meghanroy@murphy-bennett.com
6920,Hayden,Copeland,Morton-Leblanc,(482)330-8934,sonyameyer@montoya-nichols.info
6921,Patty,Ramirez,Quinn Group,+1-937-639-7652x1822,kristopherolsen@huynh.com
6922,Debra,Carrillo,"Monroe, Olsen and Arellano",001-980-482-5055x3124,qknight@giles-eaton.com
6923,Bailey,Castaneda,Wallace LLC,253-578-8603,yhatfield@shea.net
6924,Deanna,Schaefer,"Cooper, Carrillo and Kim",(006)974-3444x1024,prestonpace@cardenas-mckay.biz
6925,Adrian,Joseph,Travis PLC,9577561599,krasmussen@yu.info
6926,Tracey,Levine,Ferguson Ltd,(535)842-7173,dwayne08@dennis.org
6927,Francis,Mitchell,Freeman PLC,(300)326-6978x460,hubbardsonia@bartlett.com
6928,Duane,Farley,Brennan-Johnson,001-251-402-2117,dwatts@norman.info
6929,Yolanda,Greer,"Dudley, Hines and Barker",-2337,felicia48@wall.com
6930,Mark,Garza,Gibson-Santos,(509)881-5963x191,eric18@harding.com
6931,Monique,Rios,"Gallagher, Heath and Fitzgerald",324-328-2835x1368,beardpaula@kirk.com
6932,Jenna,Mcclure,Galvan-Rosales,001-631-149-6657,kingerik@yang.info
6933,Lee,Mayer,Zhang-Conley,001-549-358-4184x84280,steven50@cowan.com
6934,Gabriel,Booth,"Cabrera, Francis and Parrish",938.813.4909x42394,sonyalyons@branch.org
6935,Diana,Stein,Higgins Group,001-594-009-6153x58013,maxwellcolton@petty-zamora.com
6936,Jasmin,Murray,Oconnell and Sons,477-615-4596x99764,scottdawn@acevedo.biz
6937,Laurie,Hanna,Hanna Group,+1-333-398-8573x29781,harperdarin@hart.com
6938,Roy,Mathis,"Huff, Carr and Moore",792-131-2685x51573,felicia09@hayden.com
6939,Patricia,Hahn,Bradshaw PLC,001-116-433-2743x0163,maureen54@fernandez.com
6940,Francisco,Crawford,Henry Group,5156253308,arthur41@mckay.org
6941,Kristine,Berger,Oneal Ltd,+1-634-771-6071x966,ileblanc@swanson.com
6942,Jacob,Davies,Rosario-Rocha,001-300-853-8254,joy55@bradley.org
6943,Garrett,Estrada,"Crosby, Moses and Best",015.049.5163x181,ernest31@moore.com
6944,Jeffery,Moon,Howard-Cantrell,001-535-739-3581,trevorchristian@rowland.com
6945,Kelsey,Mullins,Mosley-Kennedy,084-311-5017,trevinobreanna@murphy.com
6946,Jaime,Benton,Dodson Inc,+1-995-784-6309x404,mcdonaldralph@lara-conner.com
6947,Marisa,Evans,Bernard PLC,+1-733-643-9100x7470,doris78@gross.com
6948,Lauren,Ingram,Bird Ltd,001-895-793-9015,stacy08@gentry-neal.com
6949,Thomas,Obrien,Lowery-Ray,+1-987-848-8735x7465,cantrelldwayne@meyer-richardson.com
6950,Sabrina,Mcgee,Cantu Inc,2533371218,ibryant@becker.biz
6951,Bob,Bonilla,Sawyer-Acevedo,+1-954-175-5823x340,opalmer@cooke.net
6952,Danny,Hill,Fitzpatrick-Ward,606.710.3134x07413,ktucker@peterson.com
6953,Mandy,Green,"Carroll, Hogan and Contreras",888-605-6272,villaelaine@oneill-hicks.com
6954,Eddie,Boyd,Giles Inc,(948)866-0209x2630,hbean@wheeler.org
6955,Joel,Krause,"Walters, Braun and Guerra",140-145-0174,clintonbest@patrick-rogers.com
6956,Morgan,Cameron,Hardin Inc,+1-700-989-5957x601,jared62@pollard-grant.org
6957,Alexis,Mora,Salinas Group,485-921-1451x08028,wgalloway@berry.com
6958,Roger,Haney,"Wilkerson, Anthony and Hatfield",(337)094-5325x2413,kathleen90@vaughn.com
6959,Trevor,Alvarado,Joseph-Ashley,834-628-0048x119,nicolas81@maddox.com
6960,Bruce,Meyers,Olson-Parsons,905184444,phamjaime@schultz.com
6961,Alexandria,Ramsey,Sullivan and Sons,787-755-0943,jsimon@cox-carpenter.net
6962,Angela,Thompson,Levine PLC,(979)524-6033x295,zoe67@arellano-stokes.com
6963,Gary,Arnold,Brewer-Mejia,104.435.6152x36190,linstacey@benjamin-dorsey.com
6964,Janice,Mata,Levy-Ballard,001-627-656-8523x126,rodney41@wall-noble.biz
6965,Chelsea,Curry,Cobb-James,146-532-7057,garzatasha@christian.com
6966,Sheryl,Johns,Barber Inc,+1-821-978-7374x074,christine16@houston.com
6967,Vickie,Marks,"Cooley, Horton and Woodard",+1-399-447-8820x90749,stanleyomar@wolf.com
6968,Misty,Moody,Michael-Mcguire,828-525-2286x453,ediaz@pruitt.com
6969,Dustin,Vega,Lutz-Mcconnell,754-525-9152x2253,alyssa93@caldwell-burch.com
6970,Sherry,Cunningham,Robinson-Santiago,697-331-8771x135,fwall@hancock.org
6971,Nathaniel,Gordon,Kerr-Williams,(352)821-9786x76120,kristen16@spencer-oconnor.com
6972,Malik,Sullivan,Donaldson and Sons,(926)659-8757,danielle18@francis.com
6973,Jillian,Conrad,"Chase, Hebert and Ewing",+1-013-887-7611x8004,blaircody@wiggins.com
6974,Pam,Phelps,"Skinner, Fields and Chase",327.184.9150,mfisher@krueger.com
6975,Collin,Meyers,Bishop PLC,171.384.1426x9576,tannermathews@hutchinson.org
6976,Ebony,Villarreal,"Boyle, English and Ramirez",116-165-3140x579,sherry54@velasquez-russell.com
6977,Tanya,Peters,Brock and Sons,+1-907-371-1962x6132,jillian40@patel-banks.com
6978,Julie,Park,"Garcia, Sparks and Quinn",001-762-430-4210x04715,oscar83@sherman.com
6979,Michael,Beasley,Schroeder LLC,001-629-907-7727x336,jeanettemarshall@gay-haney.info
6980,Jimmy,Mckenzie,Chase PLC,-9949,brandy45@everett.info
6981,Travis,Duffy,"Chen, Shea and King",134.270.0119x570,pearsonalexandra@mcfarland-frye.biz
6982,Leah,Yu,"French, Riley and Lee",+1-039-248-2513x8095,rbates@webster-mcintyre.com
6983,Shelley,Sampson,"Allison, Leonard and Dixon",729-946-1520,qerickson@dickson.com
6984,Mariah,Alexander,Ochoa-Stokes,098.228.3878,carolyn61@preston.net
6985,Tracie,Clayton,Case LLC,(999)569-0601,andrewerickson@hurst.com
6986,Stephen,Farmer,Woodard-Salas,677.912.7740,lewisallison@fields.net
6987,Latoya,Santana,"Simpson, Allen and Bennett",488145436,keith78@lynch-goodman.org
6988,Jake,Luna,"Gordon, Thomas and Dyer",+1-064-940-3352x92364,yucole@mcintosh.biz
6989,Elizabeth,Mooney,"Herrera, Bruce and Erickson",637-785-8393x5847,jeffreylopez@vincent-mitchell.com
6990,Bruce,Leon,Barrett and Sons,001-794-362-5318x2499,javierbowen@leach-ray.info
6991,Veronica,Prince,"Bennett, Allison and Brandt",521-877-7221x7293,doughertyterry@bender.info
6992,Tristan,Wood,"Soto, Proctor and Berg",(192)233-8039x77124,ugardner@berry.com
6993,Emily,Salas,Duncan and Sons,457.779.8231,petersonnichole@travis-morrison.biz
6994,Jay,Frey,Case PLC,+1-647-044-6168x0479,ritteramber@sparks-west.net
6995,Jesse,Downs,Curry Inc,199.473.8253,eshields@kim-mcintyre.biz
6996,Brandon,Schmidt,Bullock-Burns,(625)451-1974,nwheeler@moss.net
6997,Tracie,Wright,Cardenas PLC,001-953-761-1211,ginaprice@gardner-ruiz.net
6998,Shelia,Daniels,"Ritter, Levy and Schmitt",001-427-693-1096x76506,alyssastanley@holden.com
6999,Darryl,Sandoval,Kramer-Sanford,392.885.4953,wshea@lawson-parker.com
7000,David,Mosley,"Rush, Stone and Burton",529.256.7196x9217,thaas@chan-jones.com
7001,Valerie,Blair,"Reeves, Hernandez and Goodwin",2387750009,hinesanita@gonzalez-gill.com
7002,Kaylee,Schaefer,Herrera-Vance,478-244-3635x5750,caroline46@stone.com
7003,Jack,Ryan,Nash-Rowe,756-246-4023x92312,shanehumphrey@newton.com
7004,Ethan,Rodgers,David-Holden,136.006.3734,daltonjulie@wolfe-figueroa.com
7005,Maxwell,Kidd,Huffman-Lynn,736-203-8124x4364,gileselijah@arnold.com
7006,Sally,Bowman,"Hensley, Warren and Wolf",4088522344,gibbsdarius@stanton.net
7007,Alex,Barrett,"Rivera, Holmes and Carey",+1-292-874-6013x76596,xmorales@munoz.com
7008,Madeline,Barnes,Orozco Inc,006.539.0727,emilyschwartz@levy.com
7009,Mitchell,Donovan,Dougherty-Yates,+1-640-524-9357x901,suarezjaclyn@cochran.com
7010,Sandy,Delgado,Pennington Inc,+1-562-318-0154x5624,mindy57@yu.com
7011,Edgar,Richmond,Moore-Frye,651-908-4625x377,qgarrett@edwards-webb.com
7012,Rebecca,Mayer,Oconnor LLC,001-508-405-2380x611,vangronald@chang.org
7013,Jack,Oneal,"Odonnell, Gilbert and Galloway",001-555-979-2140x594,nfarmer@savage.com
7014,Dakota,Maynard,Prince PLC,001-261-733-3483x6691,caleb33@huerta-moss.biz
7015,Jane,Landry,"Barry, Duffy and Madden",(787)487-6630x6190,dan71@mcclure-salas.info
7016,Jeff,Henson,"Glenn, Macias and Shannon",001-833-902-2467x49521,uhamilton@sawyer-cardenas.com
7017,Keith,Lambert,Castaneda-Freeman,001-355-850-7699x094,robin38@rollins.com
7018,Alan,Frank,Rosales-Solomon,(579)299-1628,madeline97@osborn-tyler.com
7019,Howard,Atkins,"Lin, Mosley and Day",001-639-951-2835x81119,vbenitez@huff.org
7020,Timothy,Le,Robbins-Benjamin,190-292-5739,romantaylor@benjamin.biz
7021,Hayden,Valentine,"Contreras, Morrison and Morrow",310.970.4879x68012,tracy77@english.org
7022,Kylie,Moran,House LLC,+1-414-174-2290x7628,ppollard@cox.info
7023,Melinda,Kelly,Dennis-Richardson,001-134-209-1820x0690,ypotter@hobbs.com
7024,Michele,Porter,Hays-Powers,001-967-140-4027x6240,apriltran@sexton-herrera.org
7025,Toni,Solomon,Rowe-Sellers,(624)393-0138x891,billyowens@mcdowell.com
7026,Wesley,Joseph,Barker Inc,346.483.5547x1464,melissahanson@simmons-hodges.com
7027,Autumn,Johns,Perry and Sons,961.444.4234x818,haroldruiz@baxter.com
7028,Darryl,Hale,Chaney and Sons,016-205-9767x87669,yrice@chan.com
7029,Ashlee,Parks,"Castro, Calhoun and Frey",279-959-3973x9439,abigailhahn@boone.org
7030,Parker,Buck,Mullen-Hodges,919-562-7423x1895,chase32@rivers-shah.com
7031,Tristan,Gomez,Luna Group,331.827.7748x244,lhahn@johnson-chambers.info
7032,Ivan,Lee,"Benton, Huynh and English",601.798.1663x82257,masonchapman@richard-miller.com
7033,Heidi,Black,"Luna, Rowland and Mcintosh",+1-142-621-6762x33260,ginamiller@sexton-johnson.com
7034,Melody,Kirby,"Harper, Bailey and Santana",+1-697-055-3677x1126,pattyhodge@howe-dunn.com
7035,Cristian,Collins,Clayton Group,+1-869-820-0527x42505,marthamercer@summers-brennan.com
7036,Sheri,Tran,Davis-Krueger,+1-590-339-2155x50570,edwin38@chen-vasquez.biz
7037,Kari,Lane,Mathis Ltd,001-293-351-1425,tim02@gilmore-fleming.com
7038,Marc,Mcdonald,Turner-Summers,+1-211-669-7970x877,ariasmia@bonilla-payne.info
7039,Loretta,Padilla,Holland-Lane,161.166.0330,kathryn44@vaughan.com
7040,Bob,Austin,"Calderon, Zavala and Harmon",001-374-444-9239x847,charlottebenitez@donovan.biz
7041,Crystal,Pope,"Rojas, Hughes and Hancock",528.721.0567x046,vincentthornton@key.org
7042,Lauren,Sweeney,Pugh-Sloan,001-378-454-4274x9668,miguel49@ferguson.com
7043,Douglas,Beasley,"Matthews, Camacho and Holmes",782-389-6234x4087,nlittle@good.com
7044,Yesenia,Lynn,Callahan Ltd,005.428.8714x1665,birwin@dudley-phillips.com
7045,Nicole,Hicks,Juarez-Eaton,387.012.2204x387,christie55@ramsey.com
7046,Riley,Castaneda,"Barnett, Chase and Clay",9971917689,wmcconnell@johnson-macdonald.info
7047,Bryce,Lara,Carlson and Sons,(871)437-5366,gina58@wagner-gomez.com
7048,Walter,Rangel,Ferrell-Mcclure,-1674,bondtoni@haley-wong.biz
7049,Jodi,Love,Booth-French,(428)664-4219x2043,kimgolden@porter.com
7050,Erin,Patterson,Carr Inc,+1-457-903-5438x0399,steinariana@kane-gonzales.com
7051,Sabrina,Stein,Oconnor-Wheeler,110.483.9449x445,guy24@mullins.com
7052,Jill,Branch,Heath-Pearson,399.826.9583x30860,clarkcathy@booth-barker.com
7053,Kirsten,Pollard,"Sharp, Castillo and Curry",+1-389-353-9715x9585,richmondrick@armstrong.com
7054,George,Terrell,"Brandt, Torres and Stein",(879)372-8159,curtisshepard@wiggins.com
7055,Tom,Little,Castaneda-Torres,014-562-6889,micheal76@adams.org
7056,Jeffrey,Peck,"Alvarez, Rice and Abbott",(297)034-3016x625,elizabeth32@rose-bullock.com
7057,Jon,Mcclure,"Mullins, Haas and Carrillo",979.195.0641,vincentwinters@benton.com
7058,Guy,Bowers,Bennett Group,(449)492-4660,washingtonruben@hayes-peck.com
7059,Gregory,Mcbride,Joseph Inc,(321)894-9871x0621,williamsonyvette@hayes-simpson.com
7060,Misty,Strickland,Lin Inc,254.934.8712x60950,blackburnkristopher@blackburn.biz
7061,Shannon,Spencer,Phillips-Turner,907889177,kurtvelazquez@koch.org
7062,Marilyn,Pearson,"Sweeney, Miller and Booker",705.503.6017x8827,sgarza@hughes-bowers.com
7063,Alice,Clark,Harrison LLC,227-885-3262,wareaaron@shaffer.com
7064,Hailey,Yu,Lawrence and Sons,+1-954-487-6577x1498,hickmangrant@joseph.org
7065,Bryan,Marks,Rollins Inc,+1-419-654-2728x74629,patriciamckee@peck-martinez.org
7066,Tom,Decker,"Duffy, Mitchell and Jimenez",631.584.2509,brianna84@blake-fowler.biz
7067,Riley,Wong,Reed-Whitehead,+1-549-399-7368x97225,claireromero@tran.com
7068,Warren,Pittman,"Morgan, Sandoval and Irwin",+1-841-152-7050x20247,alisonbrady@carson.com
7069,Betty,Golden,Ramirez Ltd,+1-634-664-0363x70216,alexmatthews@hudson-dougherty.net
7070,Mia,Whitaker,Arellano-Shah,923-445-4501x402,hinesvernon@gonzales.org
7071,Wyatt,Long,Bauer-Lane,709.769.1540x511,holdendustin@allen.com
7072,Roberta,Boone,"Mendoza, Cardenas and Austin",+1-379-002-3615x9828,mathewnorris@snyder.info
7073,Franklin,Conner,"Gould, Vincent and Huff",747.853.9176x44490,tamara82@khan.net
7074,Mark,Carter,"Marks, Braun and Cohen",001-092-286-2391x8307,isabelcarr@chavez.org
7075,Wayne,Gray,Macdonald-Nixon,-3250,jessica55@harvey-reeves.org
7076,Javier,Collins,"Walls, Bird and Cameron",(102)099-1300x05300,carpenterpenny@schmitt-skinner.com
7077,Todd,Valdez,Cochran-Moon,(642)208-7661,qwilliamson@lozano.com
7078,Gerald,Fleming,"Martinez, Walker and Gould",001-886-190-8548x335,meganmacias@doyle.net
7079,Spencer,Guerra,Stanton Inc,417-457-0682,bairdmikayla@roberson.biz
7080,Annette,Cohen,Heath LLC,+1-257-203-7392x55421,carol21@cobb.com
7081,Kaitlin,Gilbert,"Wise, Hopkins and Key",691-412-3229,bradshawdeanna@jimenez.com
7082,Priscilla,Galloway,Buck-Schmitt,(779)548-8896x96637,fjames@forbes.com
7083,Jill,Vaughn,Gentry LLC,9039482155,maddenmeredith@knox.org
7084,Marissa,Robbins,"Franco, Gross and Ayala",001-112-477-2281,beardandres@lee-bartlett.info
7085,Benjamin,Harrington,Waller-Terrell,(750)781-8770,adonovan@buckley.org
7086,Denise,Ramsey,Baker-Young,-9980,marcturner@harper-sampson.com
7087,Adriana,Bender,Hubbard-Mann,001-151-781-6175x041,hillgabriela@shepard-vang.com
7088,Austin,Duke,Mercer PLC,175-571-0868x461,sarah41@duran.com
7089,Kellie,Dawson,Lopez-Acevedo,643.708.9607,brittany29@jones-burton.com
7090,Miranda,Hodges,Solomon LLC,545.298.4243,chelsey96@hahn.biz
7091,Mathew,Franklin,Carrillo-Daniel,(119)882-3338x84765,ydickerson@gentry-brock.com
7092,Luis,Jefferson,"Maldonado, Fitzgerald and Hendricks",(004)029-1431,brettmarks@tate.net
7093,Anita,Gaines,Jacobs Group,302.435.8829,claytonstephenson@gates.com
7094,Fernando,Calderon,Lowe and Sons,-1296,smccann@lawrence-george.com
7095,Alejandro,Cooley,Mahoney Group,-9104,lydiarichards@velez.info
7096,Michaela,Steele,"Shelton, Murphy and Villarreal",001-811-892-2409x839,alisonterrell@jenkins.com
7097,Devin,Grimes,"Cherry, Huffman and Mathews",7222115730,mathisjudy@small.com
7098,Traci,Erickson,"Spears, Meadows and Lam",(176)537-6983,evelynwebster@greer.com
7099,Roy,Doyle,"Harper, Lane and Silva",2252233535,kanevictor@mclean-black.com
7100,Steve,Ashley,Washington-Mejia,(607)586-7753,tristancollins@donovan.com
7101,Annette,Munoz,Moss Group,(707)447-6198,tmckee@hobbs.net
7102,Vicki,Pacheco,"Kirk, Vega and Lester",012-471-5355,joann09@faulkner.com
7103,Terrence,Ellison,Irwin Ltd,+1-377-268-9393x19984,sarah65@preston.com
7104,Yvonne,Gentry,"Parrish, Greene and Valentine",+1-145-993-7712x3125,kerritrujillo@brewer.com
7105,Bonnie,Beltran,Davila-Price,-3250,virginiacox@compton-pineda.com
7106,Nancy,Becker,Massey-Avery,(689)921-2307,robinsondestiny@wood-bolton.org
7107,Fred,Bush,Hess-Holloway,566-911-9168,kbridges@meadows-turner.net
7108,Johnathan,Acevedo,Richardson PLC,8550090400,chandlerbeth@madden.info
7109,Jeffery,Cardenas,"Ramirez, Berger and Simpson",001-562-430-5216x099,mchaney@landry.net
7110,Caroline,Dunlap,"Bailey, Anderson and Porter",(656)891-0080x410,sonia95@bartlett-macias.net
7111,Krista,Wagner,"Mckee, Mayer and Norton",434-855-6498x9122,nroberson@yang.com
7112,Tiffany,Bass,Brewer-Obrien,331-716-9416x957,preston28@simon.net
7113,Cathy,Rivers,Clarke-Trevino,(480)412-0451x7728,mmoon@washington.com
7114,Corey,Ritter,"Davila, Gomez and Jarvis",001-887-121-9789x06672,danielssandy@mejia.com
7115,Dalton,Montgomery,Sellers-Rich,+1-755-838-4960x21124,noah45@petersen-herrera.info
7116,Ebony,Franklin,Novak-Woodward,(644)366-4492x4516,shannon15@hull-richards.com
7117,April,Kline,Thompson-Barber,192-294-4222x986,natalie84@gibson-kent.biz
7118,Helen,Mcintyre,"Love, Gardner and Price",(397)062-2064x9327,alec34@andersen.com
7119,Brenda,Douglas,Dickerson-Ford,-7437,reynoldssusan@fleming-buckley.net
7120,Ruben,Parrish,Cuevas-Ali,001-367-204-7593,omardelacruz@clayton.com
7121,Shannon,Hobbs,"Baird, Flynn and Watkins",-2242,bgarrison@alvarado-bowers.net
7122,Misty,Mullen,"Reynolds, Mullins and Stuart",-8270,christieperez@long-briggs.net
7123,Charlotte,Watkins,"Patterson, Ayala and Lowe",001-029-282-8237,elainecox@lowe.com
7124,Reginald,Sweeney,Lucas Ltd,+1-299-484-2918x124,marshdakota@norman-hebert.com
7125,Bill,Conner,"Odom, Serrano and Gregory",1071527957,dawnponce@jacobs.com
7126,Brady,Morris,Church Group,001-804-189-6214x32790,newing@dawson.com
7127,Bernard,Wilkinson,"Adams, Castaneda and Stevenson",001-754-409-2316,clarkebradley@orozco-willis.com
7128,Guy,Hodges,"Larsen, Cherry and Roy",4599674551,dpadilla@levy-leonard.info
7129,Connie,Blankenship,"Holder, Ford and Wallace",008.483.8471,reesejoy@barry.net
7130,Francis,Esparza,Chang-Mcguire,(257)822-5470,costacassidy@dunn.info
7131,Mike,Lambert,"Vasquez, Rodgers and Carrillo",001-691-165-9065,austinbautista@hickman-garner.com
7132,Deborah,Roth,Shaw-Burnett,001-824-221-7748x61238,tanyamalone@mccormick.net
7133,Bridget,Choi,"Dyer, Armstrong and Pearson",+1-327-045-5317x62624,bautistacaitlyn@wood-newman.com
7134,Raymond,Riley,"Richards, Bullock and Steele",804.811.3305,courtneyliu@vega.com
7135,Mackenzie,Summers,Wilkins LLC,-4421,selenashields@hopkins-proctor.com
7136,Monica,Steele,Thompson-Reeves,613-767-0557x968,shelby99@kline.com
7137,Joe,Ortega,"Madden, Howard and Moody",+1-772-660-0095x4623,humphreyalbert@harrell.com
7138,Norma,Mullins,Rollins Group,964.841.2758x3351,jhaynes@salas.com
7139,Diana,Hunter,"Johnson, Cochran and Decker",674.388.4963x2695,mindy36@moss.com
7140,Adrian,Munoz,Benitez-Browning,(382)056-6608x881,leonard63@romero.biz
7141,Devin,Tucker,Blankenship and Sons,001-064-826-4431x8978,leroy88@byrd-clayton.com
7142,Kurt,Mcfarland,Pugh-Holden,068.324.2011x82140,hopkinsconnie@oneal.com
7143,Cesar,Collins,Powers Ltd,001-280-326-6253x786,cmora@abbott.com
7144,Clifford,Beard,Giles and Sons,(202)100-4149x30343,richmondcole@walters-walls.info
7145,Johnathan,Waters,Villarreal Ltd,948-548-6737x545,gerald94@cline-juarez.com
7146,Alicia,Rich,Ingram-Richardson,330-246-1481,tyronebaird@griffin-barrera.com
7147,Michaela,Ware,"Rivera, Glover and Escobar",009.561.9920x382,ihouston@warren-trujillo.com
7148,Eduardo,Foster,"Cortez, Stewart and Weeks",(578)156-5322x9588,sonia05@barker.info
7149,Kristina,Andrade,Mooney-Braun,001-476-620-0143x943,englishstephanie@cole.info
7150,Dennis,Collier,Klein LLC,4709380101,desiree18@gregory-rivas.info
7151,Dylan,Smith,Vasquez-Bernard,+1-879-250-2708x028,zswanson@cantrell-gonzales.net
7152,Isaiah,Delacruz,Malone-Mathis,001-002-879-6028x6328,mercedespreston@sutton.com
7153,Andre,Carney,Figueroa-Galloway,(913)260-8838,rebekahphillips@conrad.com
7154,Deborah,Bolton,"Cardenas, Mcknight and Mitchell",001-408-376-7398x926,cole11@gallagher.com
7155,Jillian,Winters,Bradshaw LLC,8146703813,benjaminpitts@haas.com
7156,Keith,Willis,"Calderon, Villanueva and Dixon",001-457-755-0456x36239,vjames@mcguire.com
7157,Jack,Leon,Mcbride LLC,6809752975,caitlynguzman@farmer.com
7158,Abigail,Cannon,"Wheeler, Roy and Dillon",998-838-1558x1043,kbarnes@mccarty.com
7159,Shelly,Frederick,Roy LLC,8393338488,sally53@valdez.com
7160,Darlene,Schaefer,Powers-Hartman,001-058-976-2993,terristeele@lowe-chen.com
7161,Eduardo,Pollard,Mccullough-Eaton,072-510-5439x866,albertkramer@cameron.org
7162,Clarence,Osborne,Guerrero-Phillips,+1-552-515-9075x923,sallymelendez@estrada.net
7163,Karen,Valentine,"Garza, Hines and Bright",001-482-073-1230x67155,farleygabrielle@bauer.com
7164,Tony,Floyd,Ramos-Michael,+1-131-367-9790x55336,tiffanymcgrath@kemp-mendoza.info
7165,Cole,Munoz,Norris LLC,216.125.1071,pconner@combs.com
7166,Tara,Holland,"Cain, Hart and Rasmussen",925.679.7928,ymerritt@bryant.com
7167,Leslie,Norris,Maynard-Cooke,001-980-647-4181x913,bailey65@dunn-carter.com
7168,Terrance,Alvarado,Hogan Group,8486066100,phillip29@rivers-rasmussen.com
7169,Nina,Woods,Avery-Pacheco,666.686.5884,vargasadrienne@baird-simon.org
7170,Katelyn,Sutton,"Norton, Valdez and Burch",068-816-5008,rebecca30@moran-george.com
7171,Jaclyn,Short,Hutchinson Group,969-209-6592,jbarron@bradford.com
7172,Kellie,Golden,"Johnson, Byrd and Wilkerson",(873)617-6107x8721,landryevan@shannon.net
7173,Troy,Mueller,"Meadows, Pruitt and Powell",533-472-0887x81797,qstafford@vasquez.com
7174,Deborah,Bush,Webb LLC,(716)311-5808,gstafford@kline-shepard.com
7175,Brooke,Spencer,"Carson, Hutchinson and Hickman",531.564.4470x949,pjacobs@ellison.com
7176,Tristan,Garza,"Bauer, Santana and Hunter",001-983-463-5007x799,xwaters@holden.com
7177,Vanessa,Barker,"Hunter, Dickerson and Stout",455.570.9832,wdaniels@walsh.com
7178,Carol,Velez,Barrera LLC,548-343-3775x3501,brendan91@shea-bond.com
7179,Adriana,Mckenzie,"Humphrey, Bradford and Cooley",764-438-7914x3609,sergiomccullough@hart.com
7180,Daryl,Cross,Carney and Sons,(793)766-8763x525,mossclaire@wright-wallace.biz
7181,Alvin,Ibarra,Dyer Group,527.775.0393x5666,hollowaykristie@camacho.com
7182,Rachel,Singh,"Horton, Curry and Chung",631-511-5101x27245,ipetty@navarro-little.com
7183,Sherri,Gallagher,"Ingram, Gordon and Bauer",001-929-905-0784x8118,paige93@atkinson-michael.com
7184,John,Warren,Costa-Shea,001-405-110-6416,pruittkendra@thornton.biz
7185,Jenna,Gill,"Morgan, Hubbard and Frank",351-716-7821x522,jasmin32@wallace-hawkins.com
7186,Andre,Benitez,Jenkins and Sons,057.819.2015x6701,matthewhowell@dodson-fitzpatrick.com
7187,Jackie,Gamble,"Bruce, Harper and Shelton",888-502-5416x717,ericprice@andrade.com
7188,Paul,Green,Hendricks-Barton,001-402-803-2983x9503,vicki28@shea.net
7189,Troy,Leblanc,Russo LLC,255-568-7014x00471,swansonpeter@luna.com
7190,Kristopher,Donovan,Mcdaniel-Allen,(081)152-2488,brandon14@maxwell.com
7191,Benjamin,Booth,"Gill, Everett and Beard",740-621-2074x46964,stephenrowe@cantrell.info
7192,Bridget,Branch,"Daugherty, Howell and Poole",201.050.4291x408,julianmorse@castaneda-juarez.net
7193,Sabrina,Johns,"Liu, Jennings and Church",624.499.8640,mahoneydillon@owens.com
7194,Daisy,Chung,"Golden, Ibarra and Mendez",001-676-094-1335x407,gary95@leach-watkins.com
7195,Kristine,Mason,"Beltran, Stark and Wolfe",+1-865-153-8376x6969,zacosta@mccall.com
7196,Gwendolyn,Pratt,Cuevas and Sons,+1-888-902-4628x7731,harryhodge@hall-owen.com
7197,Victor,Vaughn,Mcpherson-Byrd,429.776.2543,pollardjasmin@cooke.com
7198,Jerome,Hernandez,Moreno LLC,+1-854-348-2422x127,gina88@cowan-howell.com
7199,Eugene,Hood,"Murillo, Valenzuela and Decker",942.387.2315,wilkinsondonald@chase-odom.com
7200,Regina,Monroe,"Fleming, Petty and Cohen",+1-981-750-1950x56843,jordan64@hines-chandler.net
7201,Marisa,Bowman,Guzman and Sons,(150)212-0745,maureenblankenship@mcintyre.com
7202,Katie,Davis,Downs-Baxter,(389)862-1831x78208,joanna12@watson-serrano.biz
7203,Ariel,Ritter,Potts-Wiggins,001-705-601-2127x28403,stanleyhansen@chambers.net
7204,Alisha,Leblanc,Baxter Inc,131-484-7916x76075,strongalexandra@bowers-schroeder.com
7205,Evan,Rivas,Quinn-Underwood,(116)990-7376,bholloway@lin-wallace.net
7206,Miranda,Shea,"Richmond, Garrison and Williamson",(356)147-3215,chancarl@walters.com
7207,Cody,Grant,"Liu, Moody and Holden",(987)951-7845x11831,dana13@serrano-bird.com
7208,Allen,Bowman,Shelton-Patton,621.836.5745,lydiachoi@fitzpatrick.biz
7209,Sherry,Kent,"Craig, Herrera and Benton",699.766.2169x702,egill@payne.com
7210,Darren,Stevens,Rojas-George,129.124.4184x4604,stacie43@vaughan-hinton.net
7211,Erik,Hanson,"Cisneros, Merritt and Arnold",(829)731-8205x30667,morrowdon@hutchinson.net
7212,Gavin,Boyd,Burnett Group,073.393.4676x8887,richmondsteven@robinson.biz
7213,Meredith,Hall,Mckay Inc,001-509-371-7918x55768,fstuart@clarke-rios.com
7214,Kristie,Trevino,"Rodgers, Blackburn and House",(326)193-5548,swashington@barnes-perkins.net
7215,Parker,Wiley,Mcdonald-Blake,758.576.1186,reginald41@jacobson.info
7216,Wesley,Trujillo,Adams and Sons,699.483.6571x355,apearson@carson-schmitt.com
7217,Judith,Delacruz,"Adams, Bishop and Gentry",338.005.5311x716,mikayla80@mcguire.com
7218,Sally,Rodriguez,"Carroll, Johns and Dominguez",971.202.5127x050,leonbarton@wiley-sandoval.com
7219,Cassie,Trujillo,"Barrera, Kline and Shea",001-167-961-5481x1609,bobby65@pratt.com
7220,Lydia,Abbott,Chandler-Long,740.931.8971,mterry@fletcher-allison.com
7221,Fred,Benjamin,"Bauer, Cowan and Beltran",(074)120-2792x3249,hectoryoder@liu.com
7222,Jade,Esparza,Herring-Mahoney,001-909-367-3286x1469,castillobrianna@gallagher.com
7223,Heidi,Harper,Underwood LLC,+1-189-516-1899x90474,rferguson@benton-christensen.com
7224,Clayton,Rhodes,Hudson-Hurley,360-771-8613,isabella19@mayo.com
7225,Jose,Little,"Madden, Frazier and Stone",322.017.3409x61066,michaelamoyer@duran.info
7226,Nathaniel,Sloan,Wang-Spencer,001-524-670-3579x564,brent21@koch.org
7227,Kristin,Valdez,"Callahan, Wilson and Chandler",111-983-4084x2452,rubenrocha@yang.info
7228,Marilyn,Davis,Spears-Calderon,604-067-1322x2771,jeanbell@cantu-booker.com
7229,Vickie,Ross,Li Ltd,365.465.8775,debbie85@cole.biz
7230,Lawrence,Parrish,"Bartlett, Mendoza and Holland",+1-157-084-7432x1070,elliottjesse@solis.com
7231,Brandy,Mcgee,"Roth, Murphy and Estrada",108.582.0557x31475,victoria10@cohen.com
7232,Lynn,Juarez,Blevins-Hill,578.295.4229x285,stewartnancy@franco-reyes.biz
7233,Tammy,Mcdonald,Campos PLC,237.638.8196,franklin19@ross.com
7234,Billy,Stuart,Dodson-Baird,(644)771-8029x2158,landrymario@vance.com
7235,Hannah,Martinez,"Shepard, Vega and Trevino",303-823-3332,daisypoole@rhodes.com
7236,Gina,Gibson,Trevino Ltd,(104)723-4889,sandy36@mclean.com
7237,Johnny,Lucero,Soto LLC,001-597-072-7981x8443,emilygaines@hoover-rich.com
7238,Bianca,Hays,Serrano Inc,(578)892-2301,yblackburn@wilkins-travis.com
7239,Loretta,Gillespie,Santiago-Wang,+1-016-334-6653x4524,enovak@thornton.com
7240,Grant,Lutz,Townsend Group,058-395-7815x5047,lorrainehill@paul.info
7241,Julian,Peck,Wall Ltd,976-829-4721,wkramer@mejia.net
7242,Megan,Robinson,Mills Inc,575.089.1288,dcrawford@cisneros-daniels.org
7243,Marisa,Mckenzie,House Ltd,+1-904-876-9111x364,adrienne97@abbott-good.com
7244,Tommy,Hall,Kramer-Nash,(144)048-4023,zhowell@orozco.com
7245,Steve,Anthony,"Perez, Fleming and Greene",565-278-2725x796,mindy49@kirk.com
7246,Rodney,Montoya,"Oconnell, Lowery and Hardin",(993)041-5889,bakerbenjamin@levy.info
7247,Angelica,Beck,Velazquez-Lawson,001-560-395-1863x3749,raymonddestiny@banks-benitez.com
7248,Lydia,Mooney,"Frederick, Dennis and House",+1-840-111-7641x2556,katelyn27@sosa.com
7249,Johnny,Gibbs,Mooney PLC,(922)213-0228x3570,careymargaret@logan.com
7250,Peggy,Blankenship,Greer and Sons,493-459-3330x7742,erinjoseph@tran.biz
7251,Ann,Mcclure,"Whitehead, Duke and Graham",198-730-3631,jaclynsnow@olsen.biz
7252,Melvin,Jenkins,"Mccarty, Browning and Mclaughlin",001-740-236-4310x0088,marisanewman@drake.com
7253,Wyatt,Villegas,Hanson Ltd,+1-289-389-5304x7147,lutzclinton@livingston.com
7254,Kent,Lucas,Potter-Murphy,708-746-6809,victor30@solis.info
7255,Tracie,Werner,Horton PLC,(946)918-0346x779,ericksondave@taylor-bond.com
7256,Alec,Mayo,"Wade, Stuart and Charles",140-002-3731x05445,lsingleton@hubbard.com
7257,Makayla,Galloway,Snyder Ltd,(349)712-7562,sherrera@wise-warner.net
7258,Diana,Duran,Barry Inc,135.963.5086x115,jorgehess@key-fitzpatrick.org
7259,Sue,Blackburn,"Ballard, Holden and Wang",001-537-462-7135,saunderssue@montoya.com
7260,Penny,Farrell,Juarez-Levine,490-388-8228x3811,saustin@buck-jefferson.biz
7261,Vanessa,Pierce,Simmons-Pierce,017-364-4186x351,andresvasquez@rowe.com
7262,Arthur,Stokes,Boyer and Sons,001-981-864-7055x101,clayton77@gilmore.com
7263,Rick,Schroeder,Kim-Galloway,(915)920-8541x597,shelia91@frye-arellano.org
7264,Ronnie,Bryant,Ali-Coffey,288.848.5745x9536,sarah35@combs-krause.com
7265,Tonya,Figueroa,"Schultz, Wilson and Collins",040-734-1331x554,priscillali@adams.com
7266,Nancy,Maxwell,Rodgers-Barrera,(057)970-4674x338,tdickson@gay.com
7267,Molly,Nguyen,Mcdaniel-Briggs,097-147-8720x751,carrillomckenzie@kline.info
7268,Cody,Krueger,"Day, Galvan and Juarez",581.887.1294,kirkmoyer@deleon.info
7269,Caroline,Villarreal,Bridges-Merritt,(314)860-7919x3018,curtisrowland@lambert.net
7270,Kelli,Mccann,Gordon PLC,332.640.4453x584,loridiaz@cook.com
7271,Devin,Austin,Wang and Sons,293-700-9640,smithfrank@benitez.net
7272,Peggy,Stein,"Mathis, Dennis and Franco",(445)620-7998x502,prestonjustin@mcintyre.info
7273,Carol,Thornton,"Mack, Harding and Combs",346.461.7261x2102,calvin02@morrison.net
7274,Mackenzie,Harrington,"Fritz, Valdez and Nixon",509-370-5178x95198,bethanyweaver@vasquez.info
7275,Regina,Mccall,"Meyer, Kemp and Gonzalez",(355)917-9942x4787,shawna23@patel-branch.com
7276,Erika,Horn,"Barry, Robles and Mcdonald",145-215-2886,april97@sloan-fuller.com
7277,Brady,Jenkins,Oconnor-Bowen,(924)974-8863x4750,rangelclaudia@lawrence.com
7278,Kristy,Horton,"Morton, Kerr and Berry",(841)474-5389x362,joshuapetersen@joyce-riggs.com
7279,Makayla,Warner,"Gomez, Fletcher and Conrad",051-800-5172,drew86@oliver.com
7280,Elaine,Bridges,Brewer-Rollins,(733)549-8633,sawyercindy@weaver.info
7281,Hayley,Mueller,"Herring, Thompson and Burton",+1-238-912-7961x552,ohampton@roberts.com
7282,Misty,Osborne,Monroe-Brooks,001-225-315-0004,camachobrandi@horne.com
7283,Ian,Butler,Chambers-Quinn,6769347145,idavies@ayala.com
7284,Ellen,Mcintosh,"Schroeder, Ramirez and Parker",001-443-067-2044x65930,mullinstyrone@henry-weber.com
7285,Kurt,Schneider,Morton-Swanson,871-651-6029,bestmarcia@carrillo-mccarty.com
7286,Evelyn,Edwards,Sullivan Ltd,967-573-7667x0329,greg20@nicholson.biz
7287,Robert,Edwards,"Bradley, Fields and Choi",821-390-0091,bianca29@barker-hansen.com
7288,Malik,Stout,Torres-Estrada,084.706.1065x005,desiree23@cole.com
7289,Cheryl,Ray,"Fitzgerald, Simon and Rocha",(544)714-9849x6526,jessicasingh@moreno.org
7290,Brent,Ponce,"Cannon, Riggs and Parsons",001-036-890-8672x2325,scastro@collins.com
7291,Isabel,Moody,Wilson LLC,519-332-2607x56948,holdercasey@park-goodwin.com
7292,Helen,Weiss,"Sweeney, Newman and Guerra",+1-545-223-7038x98874,lancemayer@webster.info
7293,Shelia,Adams,Chase Ltd,788-426-4348,villagabriella@petersen.com
7294,Caitlyn,Mccarty,"Gonzales, Mann and Fernandez",011.787.0580x31630,shannon72@mahoney-stark.com
7295,Tyrone,Cobb,Valenzuela and Sons,098.812.6668,rhahn@jones.net
7296,Glenda,Frederick,"Payne, Valenzuela and Bryant",445.265.9031,freydon@newton.com
7297,Jimmy,Bridges,Acosta-Marshall,011-937-0083x486,edward53@kemp.com
7298,Sandy,Short,Shaw Ltd,450-920-8949x042,dodsonkatie@boyer.com
7299,Olivia,Waller,Schroeder-Hinton,+1-365-987-5141x427,brentparker@fisher.com
7300,Victor,Clayton,James-Phelps,+1-821-397-5906x16426,rebekah14@mcdaniel.com
7301,Aaron,Spencer,Cochran Inc,-8146,marc79@dyer.net
7302,Pam,Gutierrez,Wolf-Trevino,2179735748,strongjamie@rodgers.biz
7303,Alice,Diaz,Odom-Mejia,872-741-9897,nrichardson@blair.biz
7304,Frank,Daniel,Arias-Stanley,488-233-1146x7821,sho@johnson.org
7305,Jackson,Stafford,"Gilbert, Webb and Franklin",091-190-7733,eblack@deleon.info
7306,Michele,Silva,"Kidd, Oconnell and Fitzgerald",243.313.3600x499,andrew70@davis.com
7307,Patrick,Mathis,Howard PLC,-9502,gracemoore@holden.com
7308,Nina,Morse,Cline-Sherman,307-401-5578x70474,liuabigail@buck.com
7309,Chris,Li,Paul Inc,+1-427-722-4724x29221,odawson@hardy.info
7310,Kevin,Oconnell,Keller-Gallagher,+1-417-155-5387x450,neil42@mcdonald.com
7311,Renee,Vega,Schmitt-Figueroa,167.975.3556,sheri94@terrell.net
7312,Sarah,Tyler,"Singleton, Vaughn and Espinoza",001-608-606-2939x01198,lyonssheila@mcknight.com
7313,Tabitha,Cameron,Carney LLC,038-520-5566x947,justinmccormick@spence.info
7314,Andre,Ray,Anthony-Mercado,094.167.7605,wberger@pope.com
7315,Elizabeth,Wiggins,"Duke, Logan and Craig",674-984-2963,kristacarey@cain.com
7316,Julian,Sawyer,Wheeler LLC,001-901-075-8072,gene24@mcclain.org
7317,Carly,Garner,Hancock-Mcdaniel,(589)959-4035x15581,carrieyang@glover.net
7318,Latoya,Bailey,Yang and Sons,062-685-2032,pwilkins@blankenship.com
7319,Ana,Sloan,Sanford Group,001-488-066-9530x6511,fconway@costa.com
7320,Cassie,Collins,"West, Rubio and Dennis",426.751.0693x460,shepherdmartin@gould-stephenson.com
7321,Desiree,Crane,"Johnson, Choi and Hinton",055-864-2672x243,diamondpatterson@hardy-terrell.com
7322,Andres,Reid,Campos and Sons,906.396.0856x04265,jonathanedwards@kemp-werner.com
7323,April,Pennington,"Espinoza, Dodson and Mack",006.638.3335x919,wblevins@ashley.info
7324,Darren,Vincent,"Heath, Blankenship and Fuentes",001-168-490-1965x38063,abigailhubbard@simon.com
7325,Stefanie,Blevins,"Hickman, Mcintyre and Hodge",123-040-5924,velazquezhector@dodson.com
7326,Briana,Charles,Barajas PLC,123.044.1400,randall44@trevino.org
7327,Ronald,Williams,"Wade, Vasquez and Tyler",2571569384,xparker@neal-cisneros.com
7328,Stacy,Travis,"Ward, Lin and Kim",-7069,norrispriscilla@patrick.org
7329,Melissa,Murillo,"Gardner, Russell and Booker",191.735.5168x5937,jonathon25@ramsey.net
7330,Meredith,Fowler,Martinez-Davenport,368.003.6401,operry@green.org
7331,Shawna,Winters,Matthews Group,001-870-372-3317,fskinner@boyer.info
7332,Shelia,Terry,Briggs Inc,115-529-4046x804,herrerajerry@yang.com
7333,Andre,Blackburn,Harrison Ltd,(416)544-1619x84358,jeremyswanson@cook-casey.org
7334,Chelsey,Pollard,"Shaffer, Rhodes and Romero",001-609-170-4002x14892,jacob28@jacobs.com
7335,Parker,Greene,Cameron Inc,-872,sandersjaime@benson.net
7336,Makayla,Reilly,Lee Group,001-246-211-6088x62199,yroman@mason.info
7337,Susan,Harrell,Hernandez-Harrington,9130386707,michele58@grant.biz
7338,Mckenzie,Farmer,"Williamson, Mcintosh and Grimes",239.350.3151,dchavez@mckay.org
7339,Frank,Bruce,Nolan-Gallegos,622.949.5024,johnathan64@bradshaw-nelson.com
7340,Wyatt,Mccann,"Harmon, Benitez and Walker",(573)461-7817,grantbrenda@gardner-orr.com
7341,Jasmin,Frank,"Horne, Hebert and Michael",-1162,frances48@hines.info
7342,Marilyn,Chen,Morton-Sampson,980.756.5889,brendaandersen@spence-galvan.com
7343,Cheryl,Meza,Thomas-Perry,(971)398-3742,alexamiddleton@golden.org
7344,Savannah,Rollins,"Hanson, Bass and Guerrero",001-138-661-3646x41540,craigkhan@bradshaw-macdonald.com
7345,Colton,Durham,"Morton, Cantu and Conley",(330)649-8299x019,traciethompson@patterson.biz
7346,Adriana,Spencer,Hardin Group,-7976,wmorton@wells.com
7347,Jacob,Suarez,Tran-Golden,949-679-7145x85758,tbright@roman-rich.biz
7348,Glen,Herrera,"Clements, Morrison and Wright",189-066-6270x893,jackhale@lyons.com
7349,Johnny,Singleton,"Howell, Walker and Warren",-7990,jillholmes@barnett-mcknight.info
7350,Kevin,Allison,Cain-Yu,+1-000-466-1886x9604,megan30@clayton.com
7351,Javier,Davila,York-Duran,+1-397-864-4290x17232,fgreene@mayo.com
7352,Miranda,Oneill,Mcgrath Inc,314.791.6200,mossmandy@davis-crane.com
7353,Jody,Buck,Haas-Ritter,741.874.6342x57821,olawson@holt.com
7354,Angelica,Williamson,Marshall PLC,001-995-009-3217x844,donnasosa@obrien-mcpherson.com
7355,Devin,Duarte,Guerrero Inc,883.265.4444x4503,harrymccarthy@bentley-bird.com
7356,Bryce,Hunter,"Mclaughlin, Bush and Russo",+1-207-361-3173x57607,gailmoon@randolph.com
7357,Jenna,Mccall,David-Schmitt,514.944.7179x907,sgray@stanton-peters.com
7358,Amy,Arellano,Cervantes and Sons,6299810481,ralph21@braun.org
7359,Tyler,Riggs,Bray and Sons,785.213.6240x17365,joannenash@hurst-leon.com
7360,Ricky,Hahn,"Barker, Paul and Walsh",(079)146-9140,montgomeryclinton@shea.com
7361,Melanie,Horton,Carlson Group,(618)316-4078,igriffin@small.net
7362,Sabrina,Wall,Hayes PLC,891-953-8289x64208,laura05@guzman.org
7363,Ruben,Goodwin,"Murray, Byrd and Vega",290.284.3793,melindarobertson@dodson.info
7364,Sean,Salas,May-Dodson,445.231.7411x93693,wharmon@mckay.info
7365,Susan,Meadows,Bender-Armstrong,808.762.3742,hdouglas@hull.com
7366,Leslie,Pineda,Patel Ltd,032.305.8922x70389,jennifermiller@keller-galloway.info
7367,Kirk,Juarez,"Anderson, Curry and Ruiz",001-006-467-6232,carpenterwhitney@caldwell.com
7368,Gloria,Mccann,Kelley-Riggs,306.863.0936,dominiccameron@downs-boone.net
7369,Alexander,Whitehead,Miller-Wang,052-679-2374x480,ryanmosley@brewer.com
7370,Mathew,Robbins,Fry and Sons,310-214-8785,muellercarl@wagner.com
7371,Damon,Reeves,Bryant PLC,(173)197-2970x388,john91@marshall-zhang.com
7372,Cathy,Mckee,Bryan LLC,838.329.9665x637,ogould@brown.com
7373,Christie,Townsend,Ryan-Underwood,350-687-1416x49706,huffjacqueline@cross.net
7374,Norman,Larsen,"Powell, Rios and Bass",(360)866-0179x944,gregorykristi@kline-scott.com
7375,Gavin,Colon,"Weeks, Barajas and Mack",977-216-9515,chris81@nunez.biz
7376,Clayton,Dean,"Terry, Woodward and Weaver",(522)845-3975x716,brookebauer@chavez.info
7377,Edwin,Roberson,"Chandler, Ewing and Holt",8984931458,alivingston@salas.com
7378,Hayden,Wilkerson,"Martinez, Brewer and Pruitt",3664218814,sheliaglenn@davila.com
7379,Jesus,Walsh,"Rowland, Michael and Case",933-795-5466,jeffersonselena@meyers.com
7380,Jenna,Webster,"Berger, Lewis and Small",485-735-6231,belinda97@lopez-shaffer.net
7381,Darren,Nolan,Lambert-Dennis,001-743-228-6430x4517,cristian03@hopkins.biz
7382,Samantha,Irwin,Mckee Group,-1776,tonywilson@nash.com
7383,Tammie,Good,"Jordan, Bradshaw and Barber",001-626-577-9248x0032,chaselarsen@holland.info
7384,Martin,Cohen,Ritter-Valdez,844.503.4785x9516,terrencehaynes@lowe.org
7385,Mike,Galvan,"Horton, Shepherd and Rosario",001-043-811-9450x035,penny64@buchanan-sutton.com
7386,Philip,Calderon,Beck-Raymond,(818)071-0150x788,ethanmorton@love.com
7387,Marcia,Shannon,Mcgrath-Graham,(308)859-2900,jaclynespinoza@park-hopkins.org
7388,Mandy,Soto,Carey-Morgan,001-622-694-2181x120,dwayne39@bell-stein.biz
7389,April,Hull,"Mann, Miranda and Livingston",142-453-2469,smithstephanie@campbell.com
7390,Kayla,Martinez,Dodson-Proctor,550.736.0226x730,drasmussen@hamilton.net
7391,Jonathan,Barrera,Edwards-Burgess,+1-388-093-2322x1456,brenda81@lambert.info
7392,Meghan,Spence,"Mcbride, Barnes and Horton",(003)857-6952,ronaldacosta@lewis.com
7393,Mindy,Mcintyre,Soto-Boone,391-218-3785,lauriequinn@schneider-byrd.com
7394,Alice,Flynn,"Sandoval, Riley and Blair",+1-418-528-0742x805,darylhogan@morrison.com
7395,Stephanie,Roy,Solomon Ltd,(358)896-2140,timvelez@matthews-rhodes.com
7396,Mckenzie,Gibson,"Estes, Mendez and Owen",352.836.6973,vortega@mccarty.net
7397,Wanda,Booth,"Campos, Roth and Braun",597.460.9569x518,elaine01@williams-wood.com
7398,Wayne,Benitez,"Murphy, Walls and Baxter",125.734.7896x4632,lpotts@blankenship.com
7399,Leroy,Reid,"Gillespie, Rogers and Conway",+1-754-706-3743x771,terricurtis@murray.biz
7400,Brandon,Guzman,Lawrence-Mcknight,448-539-0044x038,qherring@banks.info
7401,Colton,Kemp,"Villarreal, Yang and Chan",748-750-9461x909,kristi19@compton-malone.com
7402,Melanie,Morton,Rosales-Anthony,453.390.4600,vicki66@raymond.net
7403,Max,Martin,"Nunez, Phelps and Gross",+1-240-523-8852x504,tiffanyfrey@pierce.biz
7404,Mallory,Lambert,"Le, Escobar and Church",+1-882-387-1857x44986,andradedarlene@nguyen.com
7405,Cesar,Parks,Sandoval-Caldwell,(639)612-9351,vrubio@wilcox.info
7406,Lynn,Long,"Ayala, Salas and House",(193)080-6358,powellalfred@francis.info
7407,Mason,Lucero,Pennington and Sons,283-253-3270x9619,kathleen96@sullivan-stevens.net
7408,Tabitha,May,Mendoza-Norris,200-986-4808,hgriffith@duran.org
7409,Tiffany,Deleon,Rollins Inc,971.530.5187x096,nvelasquez@powers.biz
7410,Hayden,Roy,Phillips Ltd,268-311-5781x92045,wmccarthy@mann.org
7411,Christy,Dalton,Diaz Group,(065)391-0121x4428,zclarke@clements.net
7412,Nicole,Paul,Wilkinson-Oconnor,008-548-7862x4363,bryanjordan@schmidt-browning.com
7413,Janice,Mccall,Terry-Mayo,(926)067-2619x2922,adrienne69@ali-meza.com
7414,Brianna,Horn,Archer Inc,(133)569-2914x9380,bblackburn@lowery.net
7415,Sharon,Snow,Parker-Bonilla,(634)638-2635,wilkinsontasha@schneider-thomas.com
7416,Destiny,Vasquez,"Barry, Weeks and Blevins",001-066-520-4802,kathleenwilcox@trujillo.net
7417,Allison,Winters,Lucero-Parks,+1-405-027-0302x666,qmiles@baxter.info
7418,Frederick,Kelly,Huerta-Hardy,-6569,collinsbrianna@nielsen.com
7419,Sylvia,Roberts,"Hoffman, Robinson and Wade",057-875-1917x1989,katrinaharmon@rollins.com
7420,Jorge,Maddox,Hodge LLC,(820)794-9460,adrienneescobar@gardner.com
7421,Ross,Valentine,"Dunlap, Hicks and Rogers",001-074-691-9670x179,rhonda66@green.com
7422,Tonya,Greer,"Gilmore, Berg and Parrish",048.835.2415,braunholly@sherman-santiago.com
7423,Dale,Rios,Bryan-Wright,242.583.7862x19676,karina57@ballard-cowan.com
7424,Hunter,Hinton,"Galloway, Hancock and Davila",+1-596-344-7702x7655,owensbethany@mercer-browning.net
7425,Robin,Dunlap,Porter-Boyle,001-023-988-0725x41614,ddudley@norton.org
7426,Darrell,Barajas,Montoya-Petty,(929)829-8517x75439,fbridges@waters.com
7427,Regina,Hurley,Garrison Ltd,+1-390-155-0221x328,yeseniareese@rodriguez.com
7428,Thomas,Rogers,Wood Inc,823.944.6122,xmorales@flores.net
7429,Jeremy,Frey,Ellis and Sons,467-591-3498,bautistajeremiah@oneill.com
7430,Brenda,Nolan,Mathews-Mann,7169261377,hendricksglenn@pena.com
7431,Tammie,Figueroa,"Carter, Horne and Mcmillan",001-011-914-6334x7620,ofry@rivera-norton.com
7432,Cody,Tate,"Drake, Harvey and Lindsey",-2786,preynolds@bailey.com
7433,Billy,English,Pineda-Griffith,001-584-801-7804x5582,fwilkinson@patrick.com
7434,Jeffrey,Gates,Robertson Group,(588)496-5618x83262,lawrenceashlee@pham.com
7435,Anna,Perkins,"Oconnell, Price and Cowan",2931998636,gabrielaparker@montoya.net
7436,Pam,Thomas,Cochran Ltd,552-411-7282x10995,bryanbeverly@atkins-cordova.com
7437,Gwendolyn,Bowen,Pierce PLC,692-409-9374x3223,njenkins@frazier.biz
7438,Victoria,Webb,Carey-Bradley,2116856255,mckenzie00@giles.biz
7439,Philip,Munoz,Price and Sons,+1-925-891-7882x8286,sally60@velasquez.com
7440,Glenn,Pennington,Mcintosh Ltd,-8203,omathis@andrade.net
7441,Shawn,Spence,"Leon, Duarte and Pacheco",301-920-9572,elijahshepard@gregory-mcknight.com
7442,Whitney,Neal,Flynn Inc,219.950.3125,gonzalezmarco@moody-madden.org
7443,Lee,Welch,"White, Bradley and Byrd",001-342-555-9782,rcrane@bradley-hancock.com
7444,Julie,Rose,"Noble, Valencia and Cannon",196-737-2030x8798,tatesheena@griffin.org
7445,David,Grimes,Avila-Horn,(810)454-3784,calvin55@duffy.com
7446,Henry,Miranda,"Cameron, Williamson and Price",+1-456-415-7502x5762,jvilla@moody.com
7447,Carmen,Clements,Arellano Ltd,001-113-823-9078x064,urojas@strong.com
7448,Roger,Brock,Buck LLC,+1-695-744-6323x735,terrihodges@braun.com
7449,Raymond,Stein,Logan LLC,-4135,julia20@blackburn-buckley.com
7450,Gary,Pollard,Richards-Sosa,2312035566,billysantos@dawson.net
7451,Martha,Larsen,Wall Group,940-838-6567x568,dclark@krause.com
7452,Traci,Wilkinson,Wheeler Inc,(308)183-4059x2005,katelyn33@haynes-conner.info
7453,Laura,Salinas,Humphrey-Avila,+1-649-950-8796x3368,kristen45@richard.com
7454,Roy,Blanchard,"Zhang, Schneider and Gill",001-018-367-5078x6102,pamela28@yang-rowland.info
7455,Candice,Gates,Larson Group,9373059634,alyssa65@key.com
7456,Sharon,Goodman,Richardson-Lutz,636.143.1739x11872,kaufmaneric@olsen.com
7457,Neil,Delgado,"Mathis, Bruce and Braun",512-630-2244x29031,stacyduncan@boyer.com
7458,Lorraine,Watkins,Wright-Stevenson,001-981-256-8845x4980,alvin42@oneal-pittman.com
7459,Joann,Mckee,Mooney-Schroeder,(612)252-4788,tyronepeterson@parks.net
7460,Colleen,Durham,Mckee-Sexton,865284599,phillipsyvonne@wiggins.net
7461,Alejandro,Hopkins,"Gomez, Bartlett and Melton",30550666,rivaskenneth@whitaker-blevins.com
7462,Selena,Wolf,Ramsey Group,-5553,garrettmelvin@schmidt-oconnell.info
7463,Madeline,Lawson,"Rowland, Calderon and Davis",081-145-4613x473,foleyallen@chase-sellers.com
7464,Christina,Carpenter,"Melendez, Charles and Choi",722.924.4386x89008,clinton04@jordan-hernandez.com
7465,Richard,Stark,"Kane, Solis and Becker",140-119-1035x4211,harringtonjose@cabrera-myers.com
7466,Noah,Pitts,Mendez Inc,399.945.2464,lydia84@villanueva.com
7467,Eric,Cross,"Yang, Walsh and Schneider",384.964.9714,brendan71@harrell.com
7468,Cheryl,Carrillo,Woodard Inc,7570991407,jeanettehurley@camacho.org
7469,Makayla,Wang,"Lucero, Wu and Mcclain",-11019,marshallisabel@li-porter.com
7470,Debbie,Ashley,"Summers, Serrano and Best",(159)127-5290,bianca48@davenport.com
7471,Roberta,Lyons,Ward Group,1215914756,kkeith@mccann.net
7472,Tommy,Allison,Dennis-Velazquez,3301969225,udean@parker.biz
7473,Glenda,Ibarra,Morrison Ltd,755.248.4276,yoderkaitlyn@simon-hays.biz
7474,Gail,Washington,Fitzgerald-Dudley,794.255.2146x62892,lorraine91@benton-steele.com
7475,Brittany,Patel,Rhodes-Mathews,410-526-1374x502,gwendolyn27@duran.org
7476,Edward,Townsend,"Mccoy, Bass and Yu",001-998-926-3118x757,dustin11@stout-landry.org
7477,Christie,Ponce,"Archer, Potter and Everett",423-360-5534x871,karimann@blake.com
7478,Cheyenne,Acevedo,Barr-Russo,001-795-120-9211,krichard@maldonado.com
7479,Mandy,Zavala,Bruce-Barr,001-342-835-7302,eduardoestrada@peck-kelly.com
7480,Katherine,Gutierrez,Wallace LLC,001-637-206-1290x94155,theresadominguez@travis-rich.biz
7481,Charles,Carr,Hodges Ltd,481-014-2165,donovantony@steele.info
7482,Carrie,Kennedy,Contreras-Terrell,001-299-514-4799x28450,mallory97@ray-dillon.com
7483,Haley,Livingston,Jennings-Duffy,001-174-100-4853x135,lvillegas@pope.com
7484,Jasmine,Collier,"George, Dean and Andersen",001-468-075-1572x41960,hjacobson@bowman.info
7485,Xavier,Deleon,"Townsend, Glover and Shea",044.182.8287x758,holly56@macdonald-jensen.com
7486,Tracey,Cordova,"Solis, Barton and Hanna",001-944-099-8613x071,alvinrobbins@ray.net
7487,Karina,Mccann,"Whitehead, Sanford and Arroyo",460-485-9622,cathygrimes@benton.org
7488,Earl,Parrish,Rocha Group,510-908-4956x46473,nicholas95@mcfarland-stewart.com
7489,Jermaine,Mcintyre,Massey-Spencer,1560282113,rknapp@hayes.com
7490,Lawrence,Logan,Ward-Velasquez,368-518-1407x9572,vbridges@camacho-tanner.biz
7491,Kathy,Perez,"Jacobs, Andrade and Burton",001-719-685-9164x25826,cynthiagalloway@bonilla.com
7492,Natasha,Gay,Bean-Maddox,5416794416,gonzalezcaitlin@west.com
7493,Marisa,Grimes,Hanna Group,+1-018-046-8431x155,ferrellanita@weeks.org
7494,Donna,Donaldson,Ramsey Group,690.474.3421,powellkarl@craig.com
7495,Colleen,Mcguire,Barnes-Brown,123.651.1333x387,snowjanet@butler.org
7496,Gary,Rosales,Benton and Sons,917.320.6416x09929,alicehumphrey@kramer-frye.net
7497,Sheila,Small,Vargas-Cobb,302-918-0698,fsellers@copeland.com
7498,Danielle,Dalton,Lowery Inc,+1-186-640-7461x79764,hayley33@bishop-riddle.com
7499,Erica,Kramer,Copeland and Sons,421.765.5116,lynn66@holloway.net
7500,Jeremy,Marsh,Lyons LLC,431.664.0930,terry65@ferguson.com
7501,Dave,Landry,Koch-Cochran,-3897,jchurch@stanley.biz
7502,Shirley,French,Palmer-Hines,001-346-805-8479,mollyoliver@thompson-molina.net
7503,Chelsea,Mcguire,"Shah, Mcpherson and Shaw",001-780-078-8637x7339,zcaldwell@reeves-sheppard.com
7504,Melvin,Gibson,Whitaker-Brewer,775.701.5643x92755,harrellisaiah@chen-donaldson.com
7505,Martha,Bush,Weaver Ltd,589-139-2372x06877,erodriguez@mosley.info
7506,Amber,Mercado,"Hubbard, Choi and Sexton",001-413-805-6599,ernestwebster@paul.com
7507,Jonathan,Fitzpatrick,Forbes LLC,+1-641-920-1366x749,marshallelaine@drake-rasmussen.com
7508,Alexa,Le,"Watson, Mcneil and Cummings",(989)650-4294,emccarthy@buck.net
7509,Cory,Acevedo,"Meyers, Walters and Santiago",(099)740-5194x1244,jermaine72@hoffman.net
7510,Hunter,Lozano,"Mccall, Farmer and Hall",628.809.1243x794,kirsten56@shields.biz
7511,Keith,King,"Turner, Huang and Kemp",193.825.1497x1650,rbradshaw@edwards.com
7512,Drew,Chandler,Chaney-Osborn,+1-725-219-9535x5009,mckenzievance@kelly.com
7513,Sheila,Dalton,"Kirk, Flores and Osborn",939-081-5246,dyerdillon@bridges.info
7514,Mckenzie,Gray,"Lozano, Bridges and Mclaughlin",475.513.7567x838,sparksshawn@haley.com
7515,Ashley,Tyler,Calhoun Inc,001-950-701-2057x47608,paula93@hodges.biz
7516,Sydney,Kidd,Mason Inc,658124958,jessica18@hendrix-woodward.com
7517,Stefanie,Dixon,Hayes PLC,6942792539,kramerguy@jones.org
7518,Clarence,Leon,"Lindsey, Mckenzie and Brandt",(761)356-8355,annette07@burch-villegas.com
7519,Tamara,Hanson,"Harris, Pace and Barber",(230)487-8197x2633,oyu@potter.com
7520,Madison,Jefferson,Ellis Group,967-823-3344x1692,vcowan@lindsey.com
7521,Daisy,Townsend,Duke PLC,2233961689,fredcalderon@bernard.com
7522,Rita,Durham,"Odom, Nicholson and Esparza",001-703-638-8353x4532,jmahoney@skinner.com
7523,Dean,Waters,Travis-Barr,187.193.4813x8772,tomshah@conley-hogan.com
7524,Daryl,Bishop,"Hale, Wright and Howell",(060)115-9600x51228,brittany02@blevins.info
7525,Kristie,Adkins,"Fuentes, Ritter and Salas",001-845-179-3700x90030,howard93@giles-clayton.net
7526,Dylan,Juarez,Weiss LLC,001-544-247-4131x0330,danhaney@dudley.com
7527,Andre,Ellison,Savage and Sons,-10470,yhuffman@dunn.com
7528,Marissa,Hampton,Heath and Sons,194-972-5925,howardhaley@figueroa.com
7529,Wanda,Rivas,Norton-Barajas,9286527031,larahailey@key-davidson.org
7530,Nina,Leon,"Mann, Romero and Chen",(499)984-9141x91329,whitney73@stout.biz
7531,Mallory,Williamson,"Bryan, Roach and Webster",526.913.8945x292,mcintoshmonica@mora.com
7532,Jessica,Ruiz,Bright-Wilkinson,276.516.5070,petersongene@hutchinson-hale.biz
7533,Savannah,Frazier,"Ellison, Gordon and Nixon",+1-964-841-5083x99888,angela43@jensen.info
7534,Lindsay,Guerrero,Landry-Schmidt,+1-711-856-7390x0171,basskatrina@grimes.com
7535,Dwayne,Rosario,"Conway, Summers and Norman",+1-899-624-8792x4430,cdrake@velazquez-deleon.com
7536,Carla,Hays,Higgins Ltd,158.535.0644x208,allisoncobb@neal.com
7537,Alice,Hale,Thomas-Harding,628.816.4969,alecmills@villegas.com
7538,Lydia,Burns,Callahan-Oliver,-1660,grahamstefanie@blevins.com
7539,Phillip,Guerra,Fuentes Group,(182)505-3290,nandersen@norris.com
7540,Mike,Rubio,Brock Group,(835)564-3503x832,jodylopez@arroyo.com
7541,Toni,Jordan,"Mcclure, Koch and Quinn",778.305.1511x8996,adrianashort@villarreal.com
7542,Jackie,Chavez,Mckay-Joseph,001-687-122-1183x8306,manuelgallegos@ruiz.info
7543,Brooke,Clay,Burnett-Melendez,(519)140-4581x594,cmeza@hoover.org
7544,Marc,Weaver,Fernandez-Bernard,845.148.1904x718,aritter@stuart.com
7545,Stephen,Conrad,Harrison-Jennings,592-863-1015,chelsey99@conway.com
7546,Bonnie,Perkins,Sutton-Choi,001-906-473-5978x03292,shaunhenson@parrish.com
7547,Cassandra,Fuentes,Casey PLC,+1-153-182-6660x8845,sandy56@pham.com
7548,Emma,Harrison,Hanson LLC,+1-740-384-3217x631,aaronray@murphy.com
7549,Phyllis,Potts,"Donaldson, Stevenson and Fletcher",154-877-2097,billyfuller@cline-lloyd.biz
7550,William,Sampson,"Schmitt, Jacobs and Barron",001-641-329-1893x518,iallison@spencer-vang.info
7551,Heidi,Lopez,"Vance, Baxter and Norton",896.119.7172x4521,spenceryvonne@levy.com
7552,Cristian,Conrad,Fritz-Hancock,503.169.2944x532,heatherchung@mathews.com
7553,Alfred,Ferguson,"Shepherd, Franklin and Buchanan",(478)808-7409,garciavirginia@ramsey.com
7554,Samantha,Maldonado,"Khan, Dominguez and Davis",047.475.1619x963,cheath@ray-thornton.net
7555,Jaclyn,Lin,Sexton-Valenzuela,001-759-920-2951x31287,freid@sherman.info
7556,Brandy,Fitzgerald,Khan-Robertson,113.240.8994,mcgeenicholas@russell.biz
7557,Mary,Shaffer,"Schneider, Farrell and Roberson",(848)579-2936x321,goldenseth@shah.com
7558,Henry,Ray,Atkins PLC,(695)983-6339,elizabethtanner@walker.org
7559,Derek,Weaver,Glass PLC,(303)511-5921,swallace@owens-bruce.com
7560,Karen,Blake,Bridges-Roth,811.587.6618x186,clarkmario@rosario.com
7561,Isabel,Lindsey,Wang Inc,5016493808,rita35@richmond.org
7562,Vernon,Wade,Randall-Bass,178.990.0899x26708,sallymatthews@stanley.net
7563,Kristie,Black,Booth-Matthews,705-262-4238,boltonsteven@ibarra-ho.com
7564,Kyle,Mills,Elliott-Becker,001-831-990-2887x7156,stephaniebarker@franklin-horne.com
7565,Thomas,Koch,Kemp-Owens,475.793.8024x272,simonbailey@escobar.com
7566,Debra,Cherry,"Hughes, Erickson and Berger",(682)107-9483x1789,wwood@lozano-roberts.com
7567,Diane,Rivas,Duffy Ltd,001-388-744-7046x9352,travismaurice@calhoun.info
7568,Gabrielle,Davidson,"Joyce, Hayes and Massey",+1-963-620-0240x64014,carpenterbilly@drake-leonard.biz
7569,Nina,Snow,"Avila, Hanson and Aguirre",001-158-655-4939,buckabigail@quinn.com
7570,Angela,Tapia,"Harris, Petersen and Shields",410-072-7713x457,nnavarro@sawyer.com
7571,Jenna,Valencia,"Hawkins, Hebert and Shea",+1-308-366-6759x8776,fchapman@wilcox.com
7572,Paul,Stewart,Holden and Sons,015-089-1056x69014,uquinn@bullock.com
7573,Thomas,Marsh,Roth LLC,+1-864-269-7968x1794,arroyophilip@fleming.info
7574,Kristine,Rich,"Sawyer, Buck and Maldonado",163.334.8783,sheilafaulkner@haynes.com
7575,Bonnie,Conway,"Stout, Stout and Cardenas",(990)202-6921x3380,makaylanichols@potts.com
7576,Susan,Nunez,"Huerta, Mays and Mcmahon",+1-369-665-4580x99823,angelica76@hayes.com
7577,Joanne,Church,Rodriguez-Aguilar,102.704.8346x1502,gordon26@conway.org
7578,Lorraine,Good,Blackwell-May,(803)901-3435,brandy90@stokes.com
7579,Kellie,Carr,Pitts Ltd,001-060-302-4416x6526,nina32@atkins.com
7580,Kiara,Ponce,Harvey PLC,+1-995-009-7103x426,dillon42@hickman.org
7581,Sonya,Small,"Coffey, Oconnell and Higgins",+1-004-040-9857x708,liugavin@ballard-lyons.com
7582,Maxwell,Rush,Lyons-Young,350-584-1902x237,garrett79@griffith-holmes.info
7583,Bridget,Wilkerson,"Rodriguez, Davis and Burns",787-604-9083x9886,nmoyer@allison-dean.com
7584,Veronica,Hurst,"Pennington, Nash and Torres",502-001-2753,chasecox@wallace.com
7585,Gabriel,Hoffman,Gregory-Peterson,+1-499-809-9061x890,katelynreynolds@stafford.com
7586,Jasmine,Hudson,Sanders Ltd,(159)427-5010,sheenareynolds@aguilar.info
7587,Nathaniel,Molina,Ingram LLC,001-165-434-3525,robert88@boyd.biz
7588,Billy,Choi,"Hudson, Escobar and Hale",(813)201-0450x650,coffeyrachael@townsend-boyle.com
7589,Lance,Espinoza,Hernandez-Howe,850-311-9611,cesarcole@barajas.com
7590,Mia,Ward,Duran-Bowers,(784)661-9989x751,pcolon@patton.com
7591,Matthew,Rowe,Lam-Livingston,243.539.7180x2289,jason91@jackson-sanders.org
7592,Lauren,Boyle,Braun-Turner,1217939731,marcus79@stanley.info
7593,Daisy,Morton,Holder-Sweeney,925-046-6713x395,rayray@mcclure.com
7594,Daryl,Blackburn,Mayo-Dudley,464.989.5672x42735,raymondkent@quinn.net
7595,Diamond,Burton,Stone-Waters,(004)111-3109x04787,vramirez@rush.com
7596,Drew,Harper,"Franco, Horne and Price",(139)166-8736x218,shelia47@landry.org
7597,Patrick,Black,"Saunders, Krause and Carter",268-285-4970x91040,helen14@hutchinson-horne.info
7598,Francisco,Morales,Barnett-Sharp,550.140.3873x31060,lschultz@palmer.org
7599,Chase,Wallace,"Donovan, Bender and Cabrera",815-703-4522,smckay@jensen.com
7600,Kaylee,Coffey,Norman-Mckay,001-841-759-8175x653,miabates@schaefer-kemp.org
7601,Jennifer,Patterson,Mueller-Caldwell,662-844-8935,gwendolyn11@whitehead-erickson.com
7602,Sally,Harper,"Rodriguez, Decker and Huffman",-10879,leroy37@sutton.com
7603,Cole,Kaiser,Goodwin Group,+1-774-746-1316x48475,krystalsims@hancock-berger.com
7604,Clayton,Rush,Durham-Christian,589-362-5647x498,hmorales@dyer-todd.org
7605,Margaret,Martin,"Johns, Pittman and Spencer",494-137-3613,amber22@navarro.net
7606,Caitlyn,Andrade,"Kirby, Stein and Molina",120-015-0284x368,pconner@shaffer.com
7607,Martha,Underwood,"Nichols, Bailey and Whitehead",(795)502-5949x33310,ramirezmadison@logan.com
7608,Colton,King,Hoffman-Christensen,+1-245-997-6803x0904,jbryant@kirk-schmitt.net
7609,Jaime,Randall,Woods and Sons,(517)731-6404,tami60@stanley.com
7610,Miguel,Bruce,Weaver-Cain,826-807-0954x089,benjamin38@jordan-meyers.com
7611,Charles,Ibarra,"Buck, Travis and Kent",587-944-5718,calhounalejandra@silva.com
7612,Ross,Pham,Gentry-Soto,001-339-302-4307x5895,woodardjoe@keller.org
7613,Gina,Pitts,"Parks, Bonilla and Baird",+1-829-445-3636x1423,casey10@delacruz.com
7614,Joseph,Mckenzie,Little-Fernandez,001-908-443-9554x08377,brockjoanne@merritt-gamble.biz
7615,Ann,Choi,Robinson PLC,263.114.7795,veronicabender@norman-goodwin.com
7616,Sonia,Velez,"Myers, Mcknight and Ross",+1-195-695-9309x872,biancadoyle@oliver.biz
7617,Isabella,May,Rasmussen and Sons,+1-849-552-5027x0401,davisjaime@harrell-avery.org
7618,Suzanne,Kaiser,"Zamora, Mooney and Scott",117-023-0153x71359,merrittcalvin@gallegos.com
7619,Shelly,Collier,Gray-Golden,+1-912-978-6043x154,lucerobobby@brooks.com
7620,Miguel,Walter,Fry Ltd,+1-034-326-9194x883,littlemichael@villanueva.com
7621,Ian,Dyer,Wilkerson-Payne,001-754-485-1465x8758,bharding@wright.net
7622,Terrance,Goodman,Parker and Sons,563.759.3966,renee56@valentine-salazar.biz
7623,Greg,Schaefer,"Patterson, Horton and Booth",(067)294-3803x5822,abigailmcgee@bishop.com
7624,Joanne,Bell,Bowman-Le,(813)511-9184x98713,qgallegos@dodson.info
7625,Jon,Weeks,Singleton Inc,494-534-5320x87809,cindy98@evans.com
7626,Meghan,Macias,Hanson Ltd,+1-481-098-3812x14889,dhumphrey@stanton-rowland.com
7627,Cassidy,Cole,"Stevens, Harrison and Hurst",671.590.7446,andrefrancis@romero.com
7628,Kristin,Schmidt,Richards-Cox,717-000-8643x4726,tasha62@morse.com
7629,Harry,Matthews,Barr and Sons,(929)626-2155,lindsay81@carney.com
7630,Angela,Reilly,"Horn, Bowen and Simmons",(043)296-0737,burchlaurie@barber.biz
7631,Angela,Crawford,Bray-Wells,(303)873-3384x0115,ymarquez@santiago-mayer.com
7632,Jonathan,Coffey,"Gaines, Waters and Davidson",-6060,plamb@goodman.com
7633,Kurt,Lambert,"Beasley, Salazar and Massey",(563)828-9930x62975,kristinehayes@walls-nichols.com
7634,Gerald,Wilkins,Schneider-Vaughn,+1-304-579-2865x9595,karen57@archer.info
7635,Emily,Sharp,Anderson Inc,898.240.8662,iwatkins@sanchez.com
7636,Rodney,Koch,Turner-Parker,001-402-136-3477x1850,mortontricia@orozco-gibbs.com
7637,Patricia,Ball,"Hansen, Lane and Flores",(166)865-8415,kimrobyn@carroll-nixon.net
7638,Andres,Burnett,"Mcclure, Jacobson and Spence",322.316.4153,rowlandhector@franklin.info
7639,Susan,York,Lutz PLC,484-792-5095x069,sparksmarcia@rodgers.com
7640,Donna,Noble,"Cruz, Nolan and Peters",914-300-0573x0255,lharper@jensen.com
7641,Connor,Conley,Matthews Inc,652-680-0839x464,mccoysally@jenkins.com
7642,Yolanda,Barron,Zavala LLC,001-723-411-0994x761,mayssarah@orr-huber.net
7643,Amber,Schaefer,Preston Group,847-709-9847x948,madeline47@browning.com
7644,Abigail,Douglas,Evans PLC,397487452,cindyfranco@wyatt.com
7645,Jonathan,Bartlett,Fernandez Ltd,(371)410-3639,nkennedy@stark.info
7646,Russell,Delgado,"Haney, Christensen and Burke",+1-414-829-6459x62048,santanacassie@johns-casey.biz
7647,Helen,Shaffer,Dickson-Mata,(127)762-5204x1171,rmeyers@cooper.com
7648,Daryl,Booker,"Buck, Alexander and Bond",+1-449-294-9516x1186,soniasexton@smith-frank.net
7649,Melissa,Guerra,Kidd LLC,(350)312-4599x0312,vmay@moyer.biz
7650,Wayne,Russell,"Mora, Mosley and Richmond",001-896-687-3746x60989,laceykaiser@simon.com
7651,Shawn,Carr,"Holden, Price and Kramer",637-666-5935,kdorsey@solis.com
7652,Max,Arellano,Kemp Ltd,(840)795-4440,pamelaparsons@huff.com
7653,Cory,Buckley,Lowe PLC,568.494.9181x96635,cervantesbrooke@davenport-chen.com
7654,Eric,Michael,"Shannon, Huber and Rasmussen",(190)135-3639,connor93@coleman.com
7655,Theresa,Fischer,Riley-Blake,964-908-3840,jake53@khan-mckenzie.com
7656,Chelsey,Turner,"Proctor, Burch and Ibarra",(558)608-0093,rollinskathryn@holmes.com
7657,Stephen,Lara,"Rosales, Summers and Diaz",+1-500-291-7522x264,welchdale@henry-kim.com
7658,Deborah,Greene,"Maddox, Strickland and Vang",(630)528-6348x737,alec90@potter.com
7659,Billy,Petty,Drake and Sons,001-676-095-5117x0946,ucoffey@wall.net
7660,Carol,Owens,"Hardy, Greene and Sloan",001-960-645-1285x98644,makayla68@murillo.com
7661,Darren,Haney,Solomon Group,+1-748-225-6066x4791,cummingsrobyn@patterson.org
7662,Manuel,Frederick,Moody Group,821-167-0107,ucarey@braun.biz
7663,Dawn,Ferrell,"Perkins, Bean and Schmitt",(455)533-2585,oscar56@tran.biz
7664,Tracie,Vance,Wilkerson Group,915-291-2317,clarence20@morse-johnson.com
7665,Carmen,Mullins,"Moreno, Valencia and Ellis",001-053-714-6157,autumn02@gillespie.net
7666,Ralph,Hanson,Hayden-Cuevas,678.453.5671x52764,ethan70@hendricks.com
7667,Caitlyn,Cordova,"Marsh, Mullen and Garner",(183)870-5120x262,gfrederick@bray.net
7668,Ariana,Kerr,Carney Inc,+1-278-343-3039x3432,oneillbelinda@hodges.com
7669,Savannah,Dunlap,"Wall, Mcconnell and Dominguez",9745122284,mperry@howell-woodward.com
7670,Katherine,Bond,"Cochran, Strickland and Hobbs",001-309-984-6582x495,charlesbryant@vaughn-osborne.org
7671,Franklin,Todd,Cisneros-Estes,188.036.4306x79546,blam@ross.com
7672,Joann,Beltran,Landry PLC,+1-683-177-4527x864,gallagherroger@hardin.com
7673,Nathaniel,Cline,Cobb-Chapman,001-409-497-0979x7262,jacksontiffany@levy.biz
7674,Steven,Alvarez,Rhodes Group,912957663,allenclaudia@harper.com
7675,Kristen,Phelps,"Gray, Vance and Randall",(108)034-3857x87681,deannaaguirre@andrews.com
7676,Jill,Duffy,Matthews-May,870-316-3631,claudiamullen@golden-dorsey.com
7677,Becky,Bullock,Massey Inc,001-920-757-4752,reyesshelby@cantu.biz
7678,Bryan,Fowler,Reese PLC,124-270-7759,chapmannoah@mayer-terry.com
7679,Chelsea,Dickerson,"Hardin, Page and Holmes",687-767-0321,conwaycandace@daugherty-copeland.com
7680,David,Key,"Woods, Gaines and Garrett",001-931-759-8369x599,keithcandace@ramos.com
7681,Ross,Zimmerman,Dickson-Thompson,304-826-2097x5386,chelsea02@sharp-flynn.net
7682,Hannah,Chan,"Chavez, Pope and Johnston",(863)508-9339x9986,bowmanglen@rasmussen.com
7683,Alexander,Reese,"Ewing, Flynn and Hinton",+1-078-953-8185x0282,salasclaire@moses-shaw.net
7684,Mallory,Spencer,Haas Inc,+1-090-247-0277x39232,gmoore@lin.com
7685,Darin,Doyle,Doyle Group,488-356-1920x68190,xgamble@morton-manning.com
7686,Denise,Rodriguez,Medina and Sons,039-036-0378x535,selena30@harmon-shelton.biz
7687,Jeremy,Atkins,David-Morrow,591-483-2347,katiegiles@pruitt-johnston.info
7688,Stanley,Pena,"Conway, Rosario and Palmer",140-715-0859x2660,carl25@gregory.net
7689,Sabrina,Macias,Carroll Ltd,492-513-0805,goulddevon@ayers.com
7690,Mike,Acevedo,Cervantes Ltd,1979969166,pmanning@shannon-brown.com
7691,Dean,Lynch,Jefferson Group,482.466.8022x74240,alishabarker@conley.com
7692,Alexander,Cantrell,"Holt, Smith and Sawyer",788-406-2822x8320,terrellalexis@mcguire.biz
7693,Nathaniel,Morales,Poole Ltd,001-127-020-1953x2863,dhodge@hunter-haley.biz
7694,Christina,Burnett,Nelson Ltd,001-518-747-3403,knappmike@francis-mora.com
7695,Candace,Branch,Pennington-Fowler,084.029.1579x60052,gdiaz@pena.com
7696,Edwin,Wang,Mcknight LLC,379-077-6024x411,dsheppard@mcintyre.info
7697,Lorraine,Greer,"Becker, Pruitt and Mullen",310.088.8923x5660,hailey04@singh.org
7698,Marissa,Osborne,"Montes, Porter and Blankenship",+1-748-073-8058x180,kgonzalez@morse-greene.com
7699,Melody,Pittman,"Vaughn, Good and Bradley",543-266-9593,mariavalenzuela@sanchez.com
7700,Beth,Tucker,Sanchez LLC,+1-099-202-4539x0682,tyler02@mckee-reese.com
7701,Karla,Williamson,Nash-Randall,6320459118,tony97@carson.biz
7702,Jean,Hood,"Walter, Dominguez and Dudley",(669)020-6995,pruittlydia@warren-bush.info
7703,Summer,Key,"Matthews, Ramirez and Everett",566-811-9709,gordondaugherty@wyatt-lowery.com
7704,Wayne,Mckee,"Trevino, Mccarthy and Kaiser",405.662.3445x2877,kochmatthew@torres.com
7705,Sherry,Sharp,Holder-Kelley,001-175-566-5999x523,bcrawford@larson.info
7706,Jenna,Ward,Knapp-Lucero,001-375-246-9830x9031,kyle23@brooks.com
7707,Deborah,Cannon,Kerr-Gross,(199)031-6824,gvance@lin.com
7708,Mitchell,Todd,Ryan Group,(868)706-6893x920,daryl81@delgado-nielsen.com
7709,Ariana,Curry,Shepherd-Duncan,(545)438-3920x1182,cwarner@huber.com
7710,Jodi,Vega,"Pope, Mccormick and Potts",080-665-9736x9961,moodybrent@todd-blair.net
7711,Diana,Callahan,Schroeder and Sons,+1-732-537-1204x41274,alexamoreno@stark.org
7712,Kaitlyn,Webster,"Lawrence, Camacho and Herring",001-246-652-6955,willie54@stephens.net
7713,Beth,Mclean,"Mullen, Dominguez and Walsh",001-805-197-9254x709,ygilbert@cameron.com
7714,Evelyn,Reid,Barry-Pena,9348712674,bfranklin@kent-gates.com
7715,Ann,Parks,"Caldwell, Aguirre and Larsen",959-652-2615x1097,camposarthur@english-craig.net
7716,William,Knox,Perez Inc,182.722.1578x393,eho@gross.com
7717,Sabrina,Diaz,"Jackson, Chapman and Grant",(617)224-7244x527,cheyennewolf@cline.com
7718,Courtney,Ingram,Phillips-Oliver,028.777.2909,powellcassandra@mckee-andrews.com
7719,John,Joyce,Frazier Ltd,+1-146-877-4016x633,juanmorales@berry-patterson.org
7720,Parker,Rubio,Ball and Sons,914.408.3720x96639,macksean@valentine.com
7721,Anthony,Mccormick,"Huber, Cummings and Ponce",509-025-0514,jeanne81@pitts.com
7722,Gregory,Sosa,"Berry, Gonzales and Dougherty",-5704,heidikaiser@stark-shelton.net
7723,Monique,Holden,"Cuevas, Patton and Myers",800.735.9558x988,cassidy08@riggs.com
7724,Sarah,Jackson,"Banks, Luna and Ross",(050)474-7217,sophia83@mcneil.com
7725,Maurice,Boyer,"Mullins, Good and May",+1-955-299-4599x676,patricklogan@pope.biz
7726,Harry,Newton,Herring Ltd,(685)767-8271,steven58@casey-galloway.info
7727,Kerry,Holland,"Hahn, Navarro and Burns",346-197-3482x69796,jdurham@short.com
7728,Debbie,Conrad,Bartlett Inc,275.855.8366,qbooker@hays.org
7729,Tammie,Peterson,Lamb Ltd,(732)832-6458x43282,dodsonkirk@clarke.org
7730,Cesar,Cain,Dickson-Buck,973.267.7800x8200,ryanjamie@stokes.com
7731,Julian,Pace,Pineda Group,767.295.6618x599,fordkari@rodgers.com
7732,Cristina,Boyer,Carey-Coleman,001-164-067-5117,valeriecervantes@gibson.com
7733,Leroy,Bernard,Short and Sons,419-084-1803,qkelley@bernard.biz
7734,Heather,Cannon,Mcmahon-Levy,302-815-0543x937,bmorgan@pratt-acevedo.com
7735,Patty,Carter,Diaz LLC,839.637.0402x267,hmoyer@holland.biz
7736,Tom,Dunlap,Shields LLC,7208666214,terrancewilliamson@arroyo.info
7737,Frederick,Melendez,"Hoffman, Key and Burnett",4302383138,mistytran@hopkins.biz
7738,Tyler,Carey,Key Group,531-787-4331,vobrien@allen.biz
7739,Caitlin,Morton,Fuentes-Pham,001-763-670-2093x03258,ysmall@caldwell.com
7740,Martin,Brandt,"Kramer, Mcneil and Decker",889.135.9005x4928,marisa30@scott-pacheco.org
7741,Jill,Stafford,Parsons-Gray,3715830478,brucevalenzuela@colon-mullen.biz
7742,Marco,Pineda,Sanders Inc,267.679.3907x33073,sharptanner@hawkins.org
7743,Barry,Guerrero,Bishop PLC,033-139-8722,samantha16@rosario.org
7744,Darlene,Goodman,Calhoun-Mathews,(105)742-3745,joshua52@ballard.com
7745,Virginia,Lucas,"Reed, Chambers and Cabrera",001-360-732-0760x06006,edwardkelly@lang.org
7746,Mikayla,Walls,Everett-Jennings,848.164.0265,bellarthur@hamilton.info
7747,Victoria,Cole,"Mcneil, Mcintyre and Mason",+1-142-555-0942x1265,snielsen@andrade.org
7748,Lauren,Arias,"Ball, Santiago and Larsen",052.002.8746x688,aguilarerik@rodgers.com
7749,James,Hines,"Ramsey, Barr and Dawson",989-616-0860,raymond98@oconnell.info
7750,Carrie,Crane,Jarvis-Lam,(855)869-6289x74084,judithholloway@carey.com
7751,Albert,Trujillo,Copeland Ltd,387.344.1422x069,oconnellshawna@boyer.com
7752,Tommy,Buchanan,Raymond-Berg,(383)091-2378x28734,megan67@vargas-macias.com
7753,Shelley,Oneill,Mcneil-Bernard,983.609.4923x526,patty05@boyd.org
7754,Bill,Barron,"Rogers, Crawford and Greer",+1-681-172-2840x30739,tcarrillo@james.info
7755,Kaitlin,Black,Bullock Group,001-733-412-8002x458,dillonjoyce@key.org
7756,Douglas,Mitchell,Myers-Montoya,-3606,rileymanuel@chen.com
7757,Garrett,Floyd,"Harrison, Small and Snyder",(996)818-0121x1097,caseydougherty@velazquez.com
7758,Gilbert,Pace,Hess-Wong,+1-584-342-9474x441,christie21@jarvis-kirby.com
7759,Marc,Bowen,Knapp PLC,+1-205-069-9186x7709,pellis@hodge-wood.org
7760,Mikayla,Garner,Wong-Alvarez,+1-201-468-3941x09239,xschultz@gillespie.net
7761,Nathaniel,Parker,Elliott-Moyer,743-336-2430x756,gavinstokes@horton.com
7762,Caitlin,Mason,"Hanson, Medina and Monroe",001-364-342-6085x59890,stuartbridges@shelton.org
7763,Raven,Hanson,"Hawkins, Figueroa and Parker",654-941-4998x345,boydariel@hardy.com
7764,Ricky,Pineda,Yu LLC,165.792.2309x258,judyfletcher@tapia-lang.org
7765,April,Jacobson,Maynard Inc,-3185,jodimadden@downs-russo.net
7766,Henry,Bauer,Farley-Rogers,001-455-828-4252x31864,amyzuniga@davies.com
7767,Lorraine,Edwards,"Harmon, Roberts and Mcguire",001-859-829-0219,harmonsarah@zavala-solis.com
7768,Jo,Glover,Harding Inc,001-200-388-4858x47936,jmay@spencer.com
7769,Chris,Duran,"Duarte, Cordova and Cruz",392.092.2334,annette85@hahn-knox.com
7770,Nichole,Edwards,Jensen-Castro,001-164-958-9638x8121,kevindunlap@logan.com
7771,Tanner,Christian,Glenn-Michael,(274)536-5954x172,bruce15@pena.com
7772,Bridget,Sawyer,"Hines, Roth and Valentine",926.421.6895,zoe92@olsen.info
7773,Kimberly,Cobb,Hendrix Group,+1-355-025-9548x77542,mariahhowell@sharp-martin.com
7774,Sheena,Knox,Herman LLC,026.263.3719,mccalleric@castro.info
7775,Dominique,Ferrell,"Roberts, Moss and Crosby",842-950-3087x051,wardcharlene@becker-cortez.com
7776,Roy,Moss,Preston-Pollard,279.229.1514x1467,camposshaun@dickson-fleming.org
7777,Sharon,Conway,"Webb, Norman and Hartman",001-696-779-6740x68656,daughertykelly@tran.com
7778,George,Mason,"Blanchard, Gibbs and Franco",+1-433-517-8394x7079,rmcfarland@good.com
7779,Destiny,Welch,Vance PLC,838-908-3531x533,alejandrahurley@novak.com
7780,Rita,Haley,Stevens-Newman,+1-675-332-6189x997,dsullivan@compton.com
7781,Kyle,Dougherty,Cardenas PLC,001-661-863-9962x6445,ericazimmerman@hahn.net
7782,Miranda,Weeks,"Pace, Ware and Bowers",158-433-8911x935,cheyennehamilton@salas.com
7783,Helen,Stuart,Pace Inc,-9445,marisamorales@graham.com
7784,Shelby,Martin,Rhodes Inc,+1-290-098-9706x9990,tvalencia@day-patel.com
7785,Jamie,Houston,"Reid, Keller and Ellis",001-523-482-9298,spencestuart@richard-alvarado.org
7786,Frederick,Waters,"Horn, Harding and Gentry",9908330589,mercadoautumn@cobb.com
7787,Hayden,Serrano,"Ingram, Hale and Taylor",594-037-6063,gerald39@hoffman.com
7788,Raven,Frederick,Leonard-Guzman,(371)234-4316x873,jamiemaynard@velazquez-mcclure.net
7789,Bruce,Phelps,Foster-Mccann,841-510-9683x49631,craigrasmussen@kelly.info
7790,Autumn,Mathews,Sweeney Inc,702.358.1584x30767,jjohns@rice.com
7791,Ruben,Strickland,"Montgomery, Duffy and Daniels",860-123-0052,lorettalarson@wilkinson.com
7792,Eduardo,Mayo,Orr Ltd,769.552.4639,hectorpeters@larson-cross.info
7793,Harold,Saunders,"Hudson, Barnett and Tyler",(176)310-0645,lucaspace@morton-kirby.biz
7794,Dawn,Sharp,Ayers Ltd,+1-872-478-4247x65823,ohughes@herrera.com
7795,Lori,Shannon,Pennington PLC,448.056.3605x543,kruegerdan@morgan.net
7796,Yesenia,Stark,"Maxwell, Finley and Wiley",001-359-261-3440x194,chelsealyons@edwards.com
7797,Anita,Campos,Shannon PLC,001-623-754-5192x8471,kibarra@coleman-summers.com
7798,Collin,Anderson,Ryan LLC,6906995557,rhonda09@gould.biz
7799,Mia,Leblanc,Alvarado-Hooper,001-615-515-6787x098,sheliajacobson@schmidt-vega.info
7800,Isaac,Mckenzie,"Velazquez, Sherman and Montes",5664898293,mlynch@fuentes.info
7801,Wyatt,Clay,Moore-Rush,992.458.3122x5861,yvonnechapman@oliver.net
7802,Nichole,Lynn,Schmitt-Gallagher,-6988,kelleyjared@kline-velasquez.info
7803,Helen,Mcintosh,Foley LLC,3389357836,jasmin16@dixon.net
7804,Charles,Mclean,Benton Ltd,030.399.3854x81439,harrypearson@collier.info
7805,Cathy,Padilla,Preston Inc,+1-162-728-9669x7583,brucecassandra@glover-drake.com
7806,Meredith,Poole,"Bean, Mathews and Snyder",335.530.1828x2229,sweaver@faulkner-lloyd.org
7807,Marilyn,Bruce,Luna Ltd,576-902-8941x685,jerry23@cantrell.info
7808,Candice,Anderson,Rogers-Lloyd,347.349.6732,ebartlett@rosario-mercado.com
7809,Lisa,Bright,"Parsons, Montoya and Rojas",575.400.3481x6848,benitezfernando@nunez-castro.com
7810,Lee,Galvan,Sanchez-Sweeney,443.975.4010x66134,mckayjim@baker-mahoney.com
7811,Christie,Marks,"Gaines, Yang and Ayers",001-773-176-1298x38673,ndelgado@joyce.com
7812,Samuel,Salinas,"Dyer, Rodgers and Mathis",004.215.7392,marco20@galloway-rose.com
7813,Carol,Ingram,Yates Group,356.363.5836x24021,carsonjoshua@irwin.com
7814,Carmen,Larsen,Shaw Group,052.938.8835x7536,sophia34@choi.com
7815,Rita,Hampton,Harvey Inc,057.544.9290,valenzuelacassidy@combs.com
7816,Meagan,Montgomery,Lucas-Leblanc,752-172-1577,newmansylvia@newman.com
7817,Louis,Walsh,Bowman-Fowler,572.950.1763,cvega@donovan.com
7818,Lee,Miller,"Zimmerman, Liu and Barr",001-018-063-2139x59685,jake45@chaney-rivera.net
7819,Leon,Hayes,Howe-Reilly,001-610-157-8212,townsendcole@olsen-daniels.com
7820,Kaylee,Conley,Cardenas-Mann,145-051-3545x21593,colleenmcclain@duarte.com
7821,Amy,Bowers,"Mora, Bond and Shaffer",001-245-129-5429x092,fgriffith@farrell-saunders.com
7822,Robyn,Combs,Conley Group,6664906401,tonya38@acosta.com
7823,Mercedes,Thompson,Underwood-Gaines,(235)129-6652,ymelendez@mcgee.biz
7824,Sierra,Clark,Dennis-Sexton,6054150247,bakeramber@greer-flowers.com
7825,Evan,Mitchell,Herrera-Zuniga,+1-485-783-4375x229,jocelynlucero@mcbride-watson.org
7826,Antonio,Allen,Camacho-Hansen,(603)115-5206,mwiley@rosario-rodriguez.info
7827,Summer,Oconnell,"Chung, Camacho and Chandler",907-816-8254x745,tmorse@frost-harrington.com
7828,Brady,Faulkner,Phillips-Hogan,(244)961-8739,lorrainerichardson@padilla.com
7829,Anna,Melton,Lowe-Hays,005-286-6210,mayerkristie@castaneda.com
7830,Brenda,Morales,Cohen Group,(378)863-4744,damonsingleton@maynard.info
7831,Cristina,Woods,Morales LLC,7985164709,rhuff@reyes-mcintosh.info
7832,Veronica,Kim,"Gates, Ingram and Scott",805-904-3661x36477,roy03@kemp.biz
7833,Jay,Ferrell,Porter-Koch,001-647-389-9947x355,caldwelltanya@mcguire.com
7834,Anne,Stout,"Gibbs, Hines and Morales",(657)431-3223x501,duranlonnie@duffy.net
7835,Jon,Patterson,Holmes-Clark,7963103118,jasmine32@foley.com
7836,Brandi,Rush,Hampton Inc,584.244.8567x393,smoses@hunt-sanchez.com
7837,Katelyn,Santiago,Rose LLC,362-544-5667x931,huffmanashley@cole.com
7838,Theodore,Todd,"Shields, Estes and Klein",(474)192-0956,carlylogan@estes-cole.org
7839,Kurt,Fox,Klein-May,447.926.0390x91071,mdorsey@shea-dyer.com
7840,Danny,Murillo,"Potter, Beck and Galloway",645.615.0878x3449,yeseniawhitney@villanueva.org
7841,Eddie,Owens,"Shaffer, Sullivan and Heath",(725)882-1168x9141,singletonjeffrey@klein.info
7842,Terry,Mueller,Downs-Vance,+1-671-148-4910x9099,ychandler@spencer.info
7843,Debbie,Stephenson,Nielsen-Payne,503.931.2946x3593,cherryteresa@skinner-lutz.com
7844,Casey,May,Huerta Group,200-136-5181x58215,huntertasha@li.com
7845,Jeremy,Cunningham,Mcdonald-Ortiz,082-547-8036x60655,yvonne57@lawrence-lawson.org
7846,Olivia,Everett,"Bradford, Bowen and Vincent",558.481.6694x5064,herbertmichael@khan.com
7847,Gwendolyn,Cabrera,Mills Group,544.286.9626x49968,nathaniel72@copeland-reynolds.com
7848,Levi,Townsend,Blevins-Yu,+1-675-796-0499x4927,cguzman@cooke.com
7849,Brad,Hardin,Maynard PLC,1363667477,tristan37@sanchez-gray.org
7850,Brittney,Norris,Valentine-Carey,673.756.4742,djames@macias.com
7851,Jon,Bernard,Gibson PLC,-5556,iferrell@castaneda.com
7852,Malik,Mathis,Stevenson-Lawson,943.061.0276,katelynroberson@chung.com
7853,Morgan,Mata,Neal-Singleton,001-187-862-6443,eduardodiaz@boyer.biz
7854,Jeffrey,Yang,Nielsen Inc,149.093.9278x194,nstark@boyer-dunn.com
7855,Darryl,Werner,Ayala-Delgado,690-783-1453x132,charlesblevins@newton-perry.com
7856,Leslie,Andrade,"Sloan, Bowers and Livingston",+1-419-669-8338x94732,haydenhector@burgess.com
7857,Natasha,Dunlap,Perez-Sellers,(848)258-5771x9153,pgrant@briggs.com
7858,Jason,Bradley,Wall-Jennings,728-074-5313x4195,yguzman@ingram.com
7859,Lydia,Valentine,Cain and Sons,320-007-3120x834,hrogers@washington.com
7860,Katie,Warner,"Bennett, Riddle and Goodwin",001-580-195-2004,nicholas51@chang-rivers.net
7861,Susan,Mcclure,Forbes Inc,785.552.5785,mandyyoung@finley.org
7862,Melvin,Salinas,"Wells, Joseph and Harrington",(529)507-4635x2806,dli@delgado.com
7863,Brittney,Davis,Mcgrath-Aguirre,1375840913,thompsonjackie@stark.com
7864,Jonathan,Atkins,Zuniga-Lynch,(070)902-6164,alicevelasquez@pena-parker.biz
7865,Mallory,Frank,Randall-Solomon,408.778.4048,chandlerangie@mathews.info
7866,Tristan,Pineda,Miranda-Leblanc,210-173-7224x7534,debraescobar@lutz-lester.com
7867,Elijah,Fleming,"Spence, Mccormick and Jacobs",682-867-3865,tristansherman@wang.com
7868,Dave,Peck,"Pearson, Garner and Good",001-382-859-5941,dyersandy@baird-odonnell.com
7869,Vanessa,Pugh,"Obrien, Garrison and Collier",001-824-749-6566x29034,sabrina32@huff-schroeder.net
7870,Sherry,Mitchell,Vance Ltd,+1-303-952-9934x8850,eddie50@huff-juarez.com
7871,Eddie,Haas,Velasquez LLC,001-866-412-8580x868,sandersgarrett@mcmillan.com
7872,Andrew,Walter,"Ellison, Fox and Carney",624-211-5643,forbescourtney@zhang.com
7873,Tracie,Sampson,Oconnell-Morse,789.936.6553,beanmathew@mccormick.com
7874,Zoe,Cochran,Harrington Ltd,308.604.9871,leonardcalhoun@edwards.biz
7875,Luke,Vaughan,"Knox, Glover and Weber",+1-210-508-7139x12060,cathycoffey@shah.com
7876,Kristina,Walsh,Doyle Group,781-727-6092x78851,adrianlyons@lowe-greene.com
7877,Margaret,Mcclure,Barr-Proctor,993-776-0515x741,qlivingston@shaw-mccormick.org
7878,Aimee,Fischer,Powers Inc,5200934585,chelsea51@cordova.com
7879,Leonard,Solis,Huang-Todd,001-008-456-7921,bridgesnina@michael.org
7880,Mario,Long,"Davenport, Khan and Gibbs",001-587-138-6452x93203,vhubbard@summers.com
7881,Jeremiah,Brock,"Hart, Bates and Sanders",001-741-915-9694x19681,sally78@curry.net
7882,Kylie,Hale,"Wallace, Brock and Ayala",(978)671-6472,zoeroman@mills.com
7883,Stephanie,Preston,Gonzalez-Farmer,001-624-487-5218x657,cesar59@harrison.info
7884,Gordon,Townsend,"Hunt, Suarez and Morton",001-375-182-8083x576,bcisneros@snyder.com
7885,Geoffrey,Landry,Pace LLC,937-421-0377,martin55@bautista.com
7886,Billy,Vaughn,Whitaker-Fuller,303-712-1631x4442,victoriamack@chavez-montoya.net
7887,Meghan,Proctor,Wyatt-Fields,+1-608-142-2795x14429,shahkathryn@garza-acosta.com
7888,Joyce,Casey,"Macdonald, Morrison and Benson",+1-623-166-6759x59017,guerrerojanice@johnston-nolan.info
7889,Don,Johnston,Higgins PLC,+1-597-656-6329x0326,owu@craig.biz
7890,Gary,Santana,Pearson PLC,860-815-6862,beverly42@reyes.info
7891,Monica,Small,"Bailey, Roth and Mcneil",135-079-5003x9160,knelson@cortez.com
7892,Malik,Maxwell,Lane-House,001-921-201-8374,yyork@mcdowell.com
7893,Michael,Stephenson,Wong-Avery,(950)505-9595x83530,mike79@lynn.com
7894,Gabriella,Ramsey,Powell PLC,+1-127-978-7134x6546,madison31@cohen-haney.biz
7895,Dominic,Levine,"Escobar, Horne and Mckay",-6322,lsosa@pruitt-dickson.com
7896,Lucas,Merritt,Clements-Melton,711-552-1308x3280,mcintoshnicole@todd-spears.org
7897,Kristina,Maddox,Mcpherson PLC,822-567-7729x5545,vtaylor@boyle.com
7898,Kirsten,Bauer,Sherman Group,416.523.2453x6783,mcdowellchristy@conner-tate.com
7899,Katelyn,Fry,Gibson-Allison,+1-238-310-5770x52572,fduncan@curry.com
7900,Tony,Friedman,"Montgomery, Ayala and Leblanc",702.868.8589x3476,leslie70@white.org
7901,Calvin,Casey,Rogers PLC,+1-145-803-2986x264,lgarner@knapp.biz
7902,Bryan,Jimenez,Zamora Group,384.571.6037x33885,qbean@sharp.com
7903,Jessica,Hancock,Shelton LLC,001-053-911-8687x078,andrestate@velez-foster.com
7904,Carly,Andrews,Hendricks PLC,085.322.4605x459,tuckerlynn@cuevas-russo.info
7905,Mariah,Hughes,"Booth, Hunter and Rubio",291-023-3739x1083,sherriyang@marshall-yates.net
7906,Vanessa,Carpenter,"Conrad, Glenn and Gutierrez",(780)516-7181,tzimmerman@mendoza-sampson.org
7907,Terry,Hood,Hardin-Howe,(298)432-4841x57397,savannah00@lane.biz
7908,Roger,Benton,Bishop Ltd,4716497758,heathlatasha@ritter.com
7909,Jacqueline,Weiss,"Burgess, Casey and Mayer",+1-747-318-6624x481,tinastokes@ellison.com
7910,Steve,Winters,Casey-Mooney,-9499,annetterobles@benjamin.com
7911,Kristina,Woodard,"Foster, Nunez and Wallace",001-467-368-8765x021,bmaddox@moreno.com
7912,Sarah,Chaney,"Gross, Tran and Chang",+1-115-554-6345x011,rdunlap@parker-webb.net
7913,Wyatt,Suarez,Caldwell-Gross,+1-291-535-5580x95402,curtis38@roberson.net
7914,Belinda,Trevino,"Reynolds, Brady and Hopkins",(831)512-8451x421,archermargaret@horn.com
7915,Jane,Allen,Meyer-Frost,757-676-4484,hperez@woodard.info
7916,Lucas,Odonnell,Case LLC,227-311-3830x0831,victor90@choi.com
7917,Earl,Cochran,"Blevins, Villarreal and Hartman",001-609-859-1582x25977,zrichards@cooke.com
7918,Harold,Jensen,Navarro PLC,001-370-331-1504x5993,mario03@mayer.org
7919,Angie,Compton,"Trujillo, Rodgers and Cherry",652-020-8449x7850,petercortez@kent-lynn.com
7920,Warren,Carpenter,Thompson-Wagner,001-137-136-9762,alvarezmaxwell@pineda-edwards.com
7921,Andrea,Koch,Cordova-Dillon,(520)201-7880,tom01@harper-roth.com
7922,Shane,Leach,Johns-Gardner,752-967-9051x2042,kirkmoses@gilbert-gallagher.net
7923,Victoria,Ray,Padilla Inc,(233)456-6657,marshalljenna@gates.net
7924,Shelly,Rogers,Stanley Ltd,269.355.0963x58953,orrmindy@bowen.com
7925,Briana,Salas,Waller-Mora,182.189.1811,dorothybates@chan-valdez.net
7926,Stephanie,Orr,May-Cooke,(746)891-6090,jenkinssuzanne@blanchard-crosby.com
7927,Oscar,Trujillo,"Moore, Hebert and Bridges",045.705.4539x6968,uvega@mcdaniel.com
7928,Ricky,Ferrell,Todd-Powell,8626993595,kristiortiz@yoder-wilkerson.com
7929,Brandon,Roach,"Green, Carpenter and Dudley",583.552.9419,larry23@lozano-whitney.net
7930,Mackenzie,Singleton,"Griffin, Mccarty and Carr",001-363-132-2360x874,lorirosario@price.com
7931,Brandi,Stone,"Mccall, Rosario and Walter",(180)845-5385,glassjocelyn@sparks.com
7932,Bridget,Carpenter,"Collier, Novak and Monroe",404-593-8120x5650,mconrad@lamb.com
7933,John,Stevens,Lamb and Sons,995-697-6044,kendramayo@evans.info
7934,Debra,Curtis,"Gordon, Ramsey and Duke",(285)009-3286x1348,kellycoffey@fitzpatrick.com
7935,Alec,Ortiz,Shields LLC,8108681628,cheyenne75@spence.com
7936,Oscar,Henson,"Jackson, Wilkerson and Morris",771-918-4317x5497,raguilar@friedman.com
7937,Larry,Powell,"Hancock, Barker and Arroyo",385.365.9380,barnettgilbert@howell.com
7938,Carol,Hayden,"Gould, Yates and Lutz",(633)635-4355x243,greid@prince.com
7939,Jared,Mahoney,Blackburn-Vaughn,374-159-3193x694,paulneil@rodgers.com
7940,Terri,Campos,"Chen, Villa and Yang",236-001-6277,xmcintyre@ward.com
7941,Riley,Hays,"Pearson, Moreno and Allen",(822)635-3041,aliciaguerrero@meza.com
7942,Mitchell,Baxter,Casey-Dodson,(829)401-4007x7375,julianmorris@berger.com
7943,Levi,David,Fitzpatrick LLC,(716)893-9743x797,amberwood@petersen.org
7944,Angie,Stanley,Lucero Ltd,611-927-2651x693,bobchambers@mendoza.com
7945,Claudia,Howard,Carlson Ltd,643.549.6632,jerry98@camacho-nash.com
7946,Alan,Mooney,Mcdaniel Inc,-4625,vgoodman@galvan.biz
7947,Noah,Ayers,Travis Ltd,445.451.1346x665,nielsenguy@burke.org
7948,Logan,Ingram,Tyler Group,8959530078,ecordova@davila.net
7949,Gabriel,Mcclain,Holden Group,001-107-132-3139x069,adriana69@escobar.com
7950,Christie,Cohen,Bright-Thornton,307.303.8839,darryl99@park-hicks.com
7951,Denise,Levine,"Mcguire, Berg and Weaver",337.423.4019x9407,foleycarla@hill.org
7952,Larry,Anthony,Perkins Ltd,001-417-983-4841,karlathomas@hess.com
7953,Steven,Leach,Strickland-Downs,001-599-008-6037x97007,terrence23@carr.com
7954,Jim,Davis,Ramos-Horn,969.077.5877x8106,atkinsontracie@mcdaniel.net
7955,Patrick,Barker,"Bray, Gardner and Calhoun",+1-206-552-5475x91474,vmurphy@reed.com
7956,Judith,Hess,Williams LLC,001-710-314-4012x7406,calvinnewman@villarreal.biz
7957,Claudia,Kirk,"Parker, Pacheco and Jenkins",123.402.0858,ctrevino@roach.com
7958,Stacy,Coleman,Cortez Group,+1-118-382-9725x6741,alexbaxter@glass.com
7959,Ralph,Dougherty,Luna PLC,790.463.1260x1371,natalie38@vang-obrien.com
7960,Toni,Hester,Gonzales-Arias,001-580-863-3359x4420,rowlandsandy@schwartz.com
7961,Billy,Everett,Weber Ltd,001-604-266-9430x6237,brownmichelle@zuniga-cross.com
7962,Jacob,Ochoa,Mosley-Potter,001-746-039-3585,kim44@jefferson.com
7963,Jason,Huff,"Cummings, Bean and Payne",789.366.1402x5699,jordanglenda@ryan.biz
7964,Chelsea,Hurley,"Singleton, Willis and Livingston",663-760-0818x8067,caroline92@morrison-duke.com
7965,Anthony,David,Crawford and Sons,(469)625-1918x48912,stuartbelinda@osborn-salinas.com
7966,Eileen,Rollins,English and Sons,745-225-1517,erikschaefer@estes-hill.com
7967,Casey,Johns,"Craig, Tate and Chandler",(740)970-1898,tross@le-proctor.com
7968,Adam,Thompson,Obrien Ltd,001-273-434-5500,max16@kim.com
7969,Jessica,Diaz,Williamson-Woodward,520-446-7020x164,nluna@gilmore.com
7970,Joseph,West,"Short, Brooks and Shelton",068-840-3136,osellers@goodman.com
7971,Willie,Valenzuela,"Ware, Ferrell and Morrow",001-631-825-9383x621,carsonmolly@spears.com
7972,Lynn,Vazquez,Ingram-Johnston,001-036-887-3388x31593,nmeza@beltran.info
7973,Melvin,Reynolds,Gillespie-Kemp,708-957-2994x79146,hmurray@fisher.com
7974,Brenda,Ross,Gallegos-Wong,+1-871-367-6760x9335,martinmercer@anderson.com
7975,Kristie,Holder,"Becker, Mendez and Hudson",001-066-251-0277x2791,lucasmelendez@daniels.net
7976,Paige,Hobbs,Valdez Group,+1-192-498-7362x89206,arivas@manning.com
7977,Ellen,Leach,Mueller PLC,688.830.0429,shaunbass@shields-swanson.biz
7978,Ross,Horne,"Morales, Bishop and Martin",562.020.4092x964,spearsisaac@king.com
7979,Isabella,Diaz,Mcfarland-Quinn,355.123.3766x4125,roberto82@chang-rose.biz
7980,Clifford,Marquez,"Salas, Murray and Rollins",740.632.9733x827,bnoble@miller.com
7981,Roberto,Clayton,Rhodes-Craig,(734)732-9916x9336,dphelps@lucas.com
7982,Melinda,Fields,Vang-Ochoa,034-808-3993x2357,cody03@webster-vance.com
7983,Molly,Mcdaniel,"Morales, Mcintyre and Keller",9077980153,ballardclinton@massey-schroeder.com
7984,Paul,Dillon,"Garrett, Barr and Kaufman",+1-938-097-7032x369,stuartpreston@gilbert-soto.com
7985,Mario,Carpenter,Gray Group,001-076-663-9152,victoria77@malone.info
7986,Levi,Coleman,"Cordova, Rollins and Henderson",054.312.3945,claire48@campos.com
7987,Natasha,Kidd,Hill-Hendricks,852-220-0484,patelshannon@wyatt.info
7988,Julie,Peck,"Wolfe, Lane and Garrison",555-133-0499x250,kirkleonard@serrano.com
7989,Collin,English,Moody Inc,6687464191,sdickson@dunn.info
7990,Johnathan,Odonnell,Jefferson PLC,001-676-555-7333x2805,kimberlygoodwin@james.com
7991,Mathew,Stafford,Atkinson Ltd,228.353.1048,yguerra@sheppard-hardin.com
7992,Denise,Browning,"Davies, Gould and Barker",606.156.8226,rvalencia@jensen.info
7993,Alyssa,Warner,Bridges-Rangel,972-677-1840x5444,tashasantana@butler-booth.com
7994,Sherri,Navarro,"Raymond, Daugherty and Vargas",-8415,laurie90@schroeder-terry.com
7995,Scott,Pugh,Craig Inc,112-112-4640,jli@boyer.com
7996,Karla,Huang,Daugherty LLC,220-457-7567x55730,catherinerocha@frederick-cannon.com
7997,Bridget,Bonilla,Oconnell-Lucero,001-647-322-6470x47723,nwhitaker@carney.com
7998,Sally,Crosby,Doyle LLC,(180)048-2579,drobles@haynes.net
7999,Randall,Weeks,Carrillo-Hurst,008-682-9292x7238,yriggs@pugh-larson.com
8000,Kyle,Bishop,"Bean, Gallagher and Copeland",427.032.7948,tina54@alvarado.biz
8001,Corey,Flores,Austin-Powers,001-396-745-4138x530,beverlyclements@gray.com
8002,Alvin,Weber,Becker Inc,(808)664-8690,ramosclifford@cummings-powers.com
8003,Melissa,Avila,"Meadows, Phelps and Santos",480-033-7870x035,seth34@cline-odonnell.com
8004,Lance,Hutchinson,"Mcknight, Mann and Foley",062.697.9120,shepardalejandro@kaufman.com
8005,Penny,Hayden,"Wallace, Brown and Norton",402-309-7946x4651,sergiojames@christensen-cohen.com
8006,Lydia,Mckay,Rocha-York,7010284717,landrycheryl@montgomery-curtis.com
8007,Sherry,Glover,Collier Ltd,-4701,yphillips@patrick.com
8008,Regina,Mosley,"Chen, Myers and Davidson",783.997.4297x90582,angelamcintyre@sherman.info
8009,Cristian,Church,"Buchanan, Gray and Bullock",783-272-1068x0219,branchbryce@rosario.com
8010,Jerome,Mullins,Walters Ltd,195-367-3647,ivanhouse@horn.com
8011,Katelyn,Petty,Wilkerson LLC,(660)836-6543x183,tracigoodwin@reynolds.com
8012,Teresa,Zimmerman,"Cantrell, Curry and Farley",818-906-3836x614,kcastillo@patrick-craig.com
8013,Melvin,Payne,"Bridges, Holt and Mcdonald",+1-116-179-2969x05408,martha05@larsen.com
8014,Peggy,Brady,"Cruz, Lam and Day",001-578-243-9473x47586,farmerdominique@ball.net
8015,Marissa,Avery,Andersen-Foster,001-092-859-2906x1319,gavin01@arellano.com
8016,Johnny,Cohen,"Cantu, Conley and Henry",001-183-282-1974x4523,marisablankenship@logan.biz
8017,Alyssa,English,Guzman-Travis,+1-171-081-2247x7416,cristina01@douglas.net
8018,Bob,Middleton,Sparks Inc,001-020-830-0511x49983,deanjenna@lin.com
8019,Katelyn,Donaldson,Brooks and Sons,(370)360-8249x23330,sylvia93@david.com
8020,Billy,Wise,"Reid, Mullins and Dickson",440.887.1376,frankbutler@gross.info
8021,Earl,Porter,"Leblanc, Proctor and Davenport",+1-633-569-7880x3824,monroestanley@callahan.com
8022,Ray,Mccann,Solis-Ayala,001-075-145-1194x761,lance41@moyer.com
8023,Stacie,Ball,Dunn-Ellison,037.081.2034x300,nwerner@moon.com
8024,Gina,Rios,Skinner LLC,+1-995-821-2394x5733,glenn12@mccoy.com
8025,Victor,Buchanan,Peck Inc,001-033-781-7493x2678,hannah11@prince-ho.com
8026,Stacie,Cunningham,Washington-Lynn,112.991.1808x11810,nparks@santana-villanueva.org
8027,Kathleen,Fowler,Cochran-Walter,252-370-8780x299,bobby16@massey.com
8028,Shelby,Schultz,Gardner-Jacobs,001-320-891-2077x9884,jaime94@alvarado.net
8029,Sierra,Barron,Vazquez Inc,001-739-972-7867x686,paulmeza@randolph-glenn.com
8030,Isabel,Humphrey,Vance-Ford,089-851-2862x322,curtisalexandra@vasquez.com
8031,Melissa,Fry,"Bradford, Stevens and Mathis",674-161-5214x7434,sean72@harrington-snow.info
8032,Julian,Baird,"Mcmahon, Joyce and Schneider",6812072274,loriayers@mcgee.com
8033,Ruben,Campbell,"Parsons, Howard and Hamilton",+1-269-216-5764x5145,sbradford@burke-velez.net
8034,Christine,Lara,Hamilton-Cabrera,000-808-5128x9914,destiny54@bullock-travis.com
8035,Kristin,Wise,"Schaefer, Bird and Jackson",577-337-8501,brandy21@parker-lindsey.com
8036,Kristopher,Odonnell,Lara-Villarreal,(636)093-4912x338,zdrake@meza-haas.com
8037,Chelsey,Cummings,"Sellers, Trevino and Baxter",382-553-2084,jaime97@ramos-davis.com
8038,Adam,Dorsey,Robinson-Schwartz,468-408-4767x977,garrettjoseph@jackson-mullen.com
8039,Martha,Walker,"Calhoun, Vance and Pineda",348.383.7123,westnicolas@lowery.com
8040,Ralph,Beasley,Aguilar LLC,709460009,kerrytate@olson.info
8041,Veronica,Bates,Miller Ltd,+1-136-469-1476x88686,hunterabigail@singh.com
8042,Katherine,Weaver,Barnett-Blackburn,024.864.8424x80179,poolekerri@johnston.com
8043,Cheyenne,Daniels,Cobb LLC,001-055-528-2814x366,cunninghamgabrielle@scott-norman.biz
8044,Jacob,Morgan,Harvey-Harding,(732)163-4949x16873,anthonyjose@campbell-levy.com
8045,Cheyenne,Estes,Dyer-Hayes,001-719-961-7063x96172,oknight@howard.com
8046,Tony,Sosa,Lane-Raymond,001-518-908-4787x57097,benjaminariana@farmer.com
8047,Chris,Calderon,Salazar-Joseph,240.870.6912x2907,jaclynbenjamin@preston.com
8048,Karen,Fuentes,Mack-Weaver,+1-782-421-7657x0331,terrenceacevedo@obrien.com
8049,Christopher,Kline,"Wyatt, Lane and Odom",(058)994-3402x58412,zbuchanan@chaney-may.com
8050,Chad,Warner,Nielsen Ltd,571.134.2378x5942,bsnow@mccormick.biz
8051,Karl,Braun,Benson-Everett,552.080.6560,zchurch@schmidt.net
8052,Parker,Rocha,Vang LLC,001-734-621-6219x00253,bill23@robinson.org
8053,Mandy,Cortez,"Wood, Garner and Sandoval",556-007-2782,pughjeffery@bauer.com
8054,Jim,Arellano,Mcgrath Inc,6272692847,jkaufman@holt.com
8055,Justin,Nguyen,Frederick-Schroeder,886.989.8895x1299,brian10@garcia.com
8056,Grace,Hull,"Paul, Murray and Morgan",(539)023-6000x7869,monica15@vance-padilla.info
8057,Christopher,Vargas,Carroll Group,+1-215-615-1149x864,butlermariah@christian.net
8058,Trevor,Horne,"Weber, Orozco and Esparza",(020)440-8138x6597,zoeholt@crosby-barker.biz
8059,Derek,Warren,Garcia-Brandt,1073146041,darlenewalls@cantu.com
8060,Glen,Payne,"Reyes, Cobb and Newton",953-535-4339x2890,christie61@phillips.info
8061,Darin,Odom,Lewis Ltd,+1-911-894-7923x0142,prowe@mosley-foster.net
8062,Diamond,Fry,Monroe-Garrison,(584)165-8796,steveorr@hoover-morales.com
8063,Vernon,Daugherty,"Chapman, Phelps and Whitaker",923-092-5499x88724,heidifrost@andrews.com
8064,Holly,Avery,"Moyer, Donaldson and Vincent",(918)569-3321x4425,pbass@li.com
8065,William,Fitzgerald,Wu LLC,720.396.1252,ariana70@reid.net
8066,Shirley,Wood,Davies Ltd,(352)704-4222x7592,jmcbride@hansen.com
8067,Alexandria,Hunter,"Norris, Gardner and Schultz",+1-407-227-3453x4521,michaela49@higgins-sampson.info
8068,Rebecca,Fowler,"Walton, Salas and Rosales",184-815-5397,ihouston@long-skinner.info
8069,Wendy,Cuevas,Jenkins-Hines,001-037-799-4220x513,ronald31@warren.net
8070,Angie,Parsons,"Mcclain, Chang and Byrd",+1-840-731-6303x591,baxtertricia@hull.com
8071,Susan,Strickland,Barrett-Beltran,386-413-2051,rushsheena@brady-luna.com
8072,Jack,Dawson,Houston PLC,+1-015-167-4824x918,kaylapark@monroe-orozco.net
8073,Preston,Hodges,Macdonald LLC,+1-449-473-0553x83370,tatederrick@cohen.net
8074,Aimee,James,Ho LLC,+1-627-076-1124x4754,alexandra14@mitchell-hernandez.com
8075,Alfred,Lynn,Meyer PLC,094-448-9347x1663,darren35@cardenas-byrd.com
8076,Beverly,Hunter,Cooper-Jennings,001-073-574-8178,margaret16@blevins.com
8077,Martin,Kelley,"Hawkins, Underwood and Weaver",942-749-3894,jerome17@farmer-rubio.info
8078,Nicolas,Deleon,Cain-Beard,550.994.3817x6180,wareanna@ortega.biz
8079,Tina,Marquez,Skinner Group,518.278.3796,ntapia@dunlap.com
8080,Daisy,Richard,Buck-Boone,(238)777-8238x102,bestamanda@norton.biz
8081,Hailey,Nicholson,Rhodes-Valentine,867-936-9866x189,craigronnie@greene.org
8082,Bailey,Ross,"Mayer, Lane and Simpson",001-010-315-7738x63148,qoneal@dickerson-chaney.org
8083,Ana,Yu,"Winters, Holmes and Jones",125.010.8339,mcguirelee@lowery.biz
8084,Bonnie,Stark,"Taylor, Horne and Weeks",733.015.0162x7074,uchavez@li.org
8085,Raymond,Frederick,Graham PLC,242-121-6628x054,richardbrent@simpson-abbott.com
8086,Jim,Hensley,Merritt-Moses,(783)623-3942x9497,darrellpatterson@becker.biz
8087,Collin,Gonzalez,Davies Ltd,6532387674,wsampson@blevins.com
8088,Joanne,Mcpherson,Chase-Delacruz,-7609,devonrosales@odom-haley.com
8089,Rick,Quinn,Fitzpatrick-Lin,9218247163,levygary@johnston.com
8090,Rebekah,Frost,Whitehead-Duffy,(032)423-5362x86738,lhenry@huber.com
8091,Sara,Stone,Newton-Donaldson,340.011.9630x02127,gavinschneider@heath.com
8092,Betty,Beck,Crosby LLC,959-250-6860,deanmiguel@larsen.info
8093,Xavier,Lawson,Weaver-Odom,(846)504-6020x33164,april17@marshall.com
8094,Leslie,Woodard,"Archer, Woodward and Campbell",7615170620,mroth@travis.info
8095,Edward,Chaney,"Long, Collier and Kent",206-189-7709x6895,tzamora@greer.com
8096,Terri,Riddle,Church-Spencer,1021860971,billy78@oneal-horton.com
8097,Rebecca,Macias,"Lynn, Sweeney and Parker",001-040-462-4494x1428,wkirby@nash.com
8098,Sarah,Sandoval,"Higgins, Rice and Eaton",411-978-1815,staffordkristen@hardin.biz
8099,Deanna,Church,"Short, Stephens and Wood",(335)160-2603x0589,omarhodge@ortega-mendoza.org
8100,Charles,Booth,Rosales-Wilkinson,+1-724-596-6007x6424,pachecosteve@marshall-keith.info
8101,Gilbert,Freeman,Ross PLC,(424)094-2029,millerlauren@flynn-bean.com
8102,Marvin,Guerra,"Marsh, Salinas and Bray",+1-599-127-3060x830,catherine67@matthews-lucero.com
8103,Hayley,Ward,Bradley-Marks,(803)895-5209x51454,juanweaver@terry.info
8104,Monique,Richmond,Massey LLC,(272)551-4925x839,deannaserrano@gould-elliott.com
8105,Ebony,Nicholson,Koch-Poole,749-788-0219,ybean@pittman.org
8106,Spencer,Short,Avila and Sons,(395)587-5477x1755,nichole25@melendez.com
8107,Duane,Mayer,Mora Inc,-7904,briannastevenson@griffith-richard.com
8108,Taylor,Fox,Lamb and Sons,(792)354-0236x2638,mackenziesparks@jimenez-terrell.biz
8109,Ernest,Mccarty,Vazquez PLC,+1-071-993-0245x91839,chelseylloyd@anderson-beltran.info
8110,Lucas,Ryan,Burke Inc,122-563-1073x607,michellecontreras@chase-flowers.info
8111,Nicolas,Hicks,"Shaffer, Haynes and Farley",640-906-7355,ubaldwin@sosa.com
8112,Darrell,Irwin,"Andrews, Hunt and Snow",(642)756-1033x43938,ologan@berry.org
8113,Karina,Russo,"Clayton, Silva and Knapp",001-899-461-4139x668,gregduke@mckinney.com
8114,Dale,Kirby,"Espinoza, Ponce and Richard",+1-093-295-8532x77550,nwest@levine.com
8115,Olivia,Floyd,Haney Ltd,553.083.1802x20856,osharp@dickerson.com
8116,Guy,Mora,Rosales and Sons,(133)395-3565x80090,jwelch@ibarra.info
8117,Parker,Rosario,Wright Ltd,001-553-404-9744x46748,lamholly@stanley-mckay.com
8118,Joel,Conley,Richards-Saunders,982.423.5836x695,ninaortega@guzman.com
8119,Earl,Davidson,Archer LLC,154-654-1842,leonreid@robles-hartman.com
8120,Wyatt,Santana,"Mathews, Rice and Harmon",500-825-5584,mlucas@lester.com
8121,Catherine,Barrett,Lara Ltd,423.266.1108,latashaharding@frost.com
8122,Tamara,Rios,Randolph-Arnold,(344)727-1430,campbellkristy@carter.com
8123,Marcus,Pugh,"Stevens, Vega and Pacheco",6580895975,schmidtjason@mejia-randall.com
8124,Diamond,Mcneil,Benton-Craig,650-598-5901,ballholly@wilson.com
8125,Mason,Sims,Sims Inc,001-635-283-6392x573,juliarasmussen@callahan.biz
8126,Nicholas,Parrish,Silva-Valencia,892.819.0830,prich@woods-french.com
8127,Ray,Lynn,"Russell, Drake and Chung",879.938.8706x029,zhale@horton-jimenez.com
8128,Bernard,Daniels,Rich Ltd,001-655-982-0775x0458,rodriguezalejandro@hubbard-oneal.biz
8129,Caleb,Malone,Mendez-Hicks,-9602,pooleoscar@maddox-waters.info
8130,Marissa,Roberts,"Rivera, Cabrera and Meyer",+1-984-442-0921x7473,ebonymathis@small.net
8131,Denise,Lamb,Mcneil LLC,400.869.2149x618,julian92@coffey-munoz.org
8132,Kristin,Crosby,Ray-Newman,001-508-104-0224x2123,alisonpotts@lamb.com
8133,Devin,Conway,Mccann-Brady,982626832,edwindawson@blanchard.com
8134,Jimmy,Johns,Warner-Mcgee,001-489-975-5132x47520,dwood@jimenez.com
8135,Jeanette,Bryant,Walsh PLC,621-902-3902x370,isoto@allen-simmons.com
8136,Bryce,Phelps,"Huffman, Ayala and Raymond",262.348.0158x036,dennisdalton@dyer-savage.com
8137,Sylvia,Hansen,Molina LLC,9693572360,nixonbrian@patton-hancock.com
8138,Adriana,Chapman,Henson PLC,001-906-602-8333x020,leon80@casey.com
8139,Jean,Harrison,Rocha-Young,386.303.0497x8712,gbautista@mckay.com
8140,Dylan,Martinez,"Levy, Simpson and Bennett",888-259-5825x0429,lboyer@coleman.com
8141,Justin,Dawson,"Holden, Stanton and Jennings",(284)911-3640,kyle04@mcknight.biz
8142,Jessica,Brennan,"Houston, Bender and Lara",(257)881-0460x7036,peter11@meyers-huber.com
8143,Julia,Stone,Solis Group,(777)954-3562x282,chelsey56@cisneros.biz
8144,Jim,Long,Burnett and Sons,025.090.3481x50942,kari33@raymond.com
8145,Olivia,Carter,Carlson-Williams,333.953.9619x7319,bryantasha@kent-nash.net
8146,Penny,Camacho,Ford-Logan,001-062-873-6673x92369,joehansen@brandt-mcdaniel.info
8147,Gregory,Mitchell,Mercado-Rivas,001-675-333-8549x671,zwaters@conley.com
8148,Dylan,Rush,Valdez Group,001-706-626-1657x6763,nsantos@weiss-christensen.com
8149,Daniel,Frye,Carson-Weber,(378)185-0220x6923,jeremiah69@murphy.info
8150,Frances,Ray,Boyd LLC,502.519.6316x597,adrianamarks@mahoney.com
8151,Fred,Dunlap,"Strickland, Edwards and Chambers",(703)764-8701,erin07@cherry.biz
8152,Kristen,Gilmore,"Wyatt, Oconnor and Caldwell",(353)053-5976,desiree54@rosales-obrien.com
8153,Ross,Peck,Burns Group,+1-003-905-9095x825,marilyn27@calderon.biz
8154,Kerry,Archer,Case and Sons,(170)852-5993x163,raymonddunlap@murray.net
8155,Darryl,Howe,"Drake, Bond and Bradshaw",946-944-6992x9108,hollybarron@montoya-powers.org
8156,Gregg,Patton,"Berg, Maldonado and Silva",(450)999-6600,elizabeth16@kerr.com
8157,Sue,Hensley,Hull Group,(207)997-0813x03877,mckeeross@daugherty.org
8158,Bob,Sutton,Daniel LLC,152-637-5512,chenson@price-reed.net
8159,Jonathon,Werner,"Lopez, Horne and Leblanc",+1-739-846-5147x74532,campbellbridget@pierce.com
8160,Lydia,Foley,Martin Group,(612)398-8719x62655,larsenherbert@navarro.com
8161,Johnathan,Mcintyre,Yu Group,279.846.8573x90891,nbonilla@cantrell.org
8162,Marc,Wilkins,Floyd-Glenn,(823)109-6994x82395,adriana96@middleton.info
8163,Erika,Jones,Rubio-Nicholson,(910)395-5290,jamiehodge@jimenez.com
8164,Dana,Carney,Ho-Sparks,001-669-345-3077x26625,frank65@bullock.org
8165,Blake,Crosby,"Diaz, Donovan and Avila",777-348-3082x845,julie68@tapia-parsons.org
8166,Lindsay,Ponce,Frye Ltd,067.859.2809x830,stephenmathis@macias.com
8167,Amy,Castaneda,Dodson-Ruiz,+1-982-563-0959x71239,robersonnatalie@estes-gould.com
8168,Haley,Carey,Martin LLC,001-711-145-7984x46705,foxernest@barnes.biz
8169,Jeanne,Baldwin,"Zuniga, Vasquez and Wagner",438.966.1907,haley74@liu-bowman.com
8170,Javier,Bradley,Rojas LLC,+1-522-702-6660x997,mharper@clayton.com
8171,Douglas,Bennett,Hatfield Group,3783301320,ericamorales@ball-arias.com
8172,Samuel,Landry,"Mccormick, Lynch and Herman",001-258-006-6179x54396,xavier88@weiss-newman.com
8173,Carol,Aguilar,Church Group,-3499,morrisashley@rich.com
8174,Rickey,Tapia,"Moses, Thornton and Howell",(382)038-8247x9838,ofreeman@herring-rosales.com
8175,Bryce,Jacobs,Conner Group,001-118-333-7665x1077,vhiggins@garner.com
8176,Jon,Villarreal,Lyons-Rivera,760421768,armstrongjody@monroe.com
8177,Michele,Franco,Mills LLC,001-237-425-7567x516,madisonmadden@holloway.com
8178,Javier,Pugh,"Goodwin, Parrish and Huff",+1-340-936-1428x8937,alextodd@barron.com
8179,Jamie,Vaughan,"Clark, Horn and Buchanan",001-376-074-1501,vvasquez@newman.com
8180,Tami,Vang,"Washington, Baker and Fletcher",001-476-444-6196x9382,jaywood@vang.com
8181,Rebecca,Garner,Watts-Braun,524.772.9867x640,andres04@wilcox.com
8182,Dorothy,Craig,Madden-Snyder,(849)090-3081x329,jlester@butler-beasley.com
8183,Lori,Durham,"Figueroa, Wells and Kaiser",001-745-302-2954x964,cynthiamckay@mcclure-booker.com
8184,Kirsten,Carney,Frank Inc,+1-338-013-5872x058,hansonariel@morgan.com
8185,Aaron,Tucker,"Trujillo, Kemp and Perkins",774-817-3017,sherri62@everett-sellers.com
8186,Loretta,Hardy,Haas-Glenn,556.270.3200,pamboyle@munoz.org
8187,Vickie,Zimmerman,Wilkinson and Sons,017.154.6214,sue86@austin.net
8188,Dave,Williams,"Marshall, Dodson and Lopez",+1-453-995-4008x52202,judith85@daniels.com
8189,Sally,Mann,"Riddle, Huber and Schmitt",6031834584,franciscofields@carr-wyatt.org
8190,Isabella,Perry,"Berry, Montes and Owens",9897108568,obrienkiara@lam.com
8191,Carol,Wong,Lynch Ltd,(649)319-7804x654,tcrane@bolton.com
8192,Elijah,Roach,Chung-Boyer,001-768-490-3295x621,leroyrivas@rose.net
8193,Matthew,York,Welch and Sons,386.530.2651,hodgessophia@harper.com
8194,Tiffany,Rojas,Walker LLC,951.478.0169,rpace@jenkins-bernard.info
8195,Jessica,Mora,Hubbard Inc,001-946-765-1450x447,owarner@hinton-sloan.com
8196,Alvin,Lyons,Tucker-Harper,964-249-3135x9658,bryanterrance@rivers.org
8197,Wyatt,Weeks,"Rice, Chan and Lambert",(963)185-1664x41097,marksleon@padilla.com
8198,Russell,Cantu,"Clements, Mcconnell and Stanley",001-524-885-5623,heidi47@lucas.info
8199,Danny,Lowe,Rich-Burgess,416.656.0933x34559,veronica96@dyer-romero.com
8200,Ruth,Oliver,Garza Inc,001-375-961-3924x3933,haleyflores@powell.biz
8201,Mitchell,Watkins,Waters-Bullock,(020)730-3990x778,hinesfaith@salas.org
8202,Gregg,Vance,Velazquez-Sosa,352.282.7105x561,clarenceoconnell@schaefer.com
8203,Trevor,Travis,Heath Inc,919-740-4577x381,gonzalezrobin@small.com
8204,Molly,Kaufman,Mullen-Esparza,001-382-631-9739x00067,mkrause@sutton.info
8205,Cassandra,Donaldson,"Mcgee, Hood and Barker",+1-184-974-6353x07004,georgefitzgerald@orr.net
8206,Margaret,Gamble,"Buchanan, Villarreal and Mayer",766.580.1799,mccluregreg@mills.com
8207,Jenny,Tapia,Petty-Livingston,(566)463-2243,makayla17@caldwell-gregory.com
8208,Shelley,Stokes,Sharp-Carroll,099-355-0140x62291,kendra91@richmond-evans.com
8209,Seth,Carter,Rogers and Sons,(052)247-0870,devon12@rhodes.com
8210,Adam,Mcknight,Hill-Ballard,518.431.1423x42869,hoovergene@pugh-hurley.com
8211,Jonathan,Ramirez,Bautista Inc,(945)351-5693,emily41@monroe.com
8212,Wesley,Hebert,Nguyen-Mcgrath,764-200-9500,aford@gilbert-mcclain.biz
8213,Shelia,Page,"Golden, Turner and Wolf",472.851.6574,marissakaufman@sheppard.com
8214,Nichole,Mueller,Bowman PLC,025.981.4065,jesus25@mcmahon-davenport.com
8215,Cole,Berger,Young Inc,(942)737-3002x661,wbender@flynn.org
8216,Dominique,Bolton,Bright PLC,001-282-122-0237x95007,brettbeltran@brady.biz
8217,Lonnie,Murphy,Oconnor-Sosa,+1-992-650-8164x2863,sherry78@barker.com
8218,Alvin,Medina,"Esparza, Caldwell and Levy",478-379-1865x8412,margaret75@phillips.com
8219,Brandy,Warren,Beasley-Powell,-7891,danknapp@nguyen.biz
8220,Stefanie,Harrell,Dillon Inc,(555)613-1107x730,gilbertashley@higgins.com
8221,Henry,Cherry,Young LLC,001-132-580-7917,amorton@bell-lane.org
8222,Lindsay,Shields,Diaz-Wells,+1-414-211-3709x106,ecowan@mora.com
8223,Lindsey,Potts,Park-Bridges,001-262-671-8437x26452,craig13@charles-bruce.com
8224,Tim,Blevins,"Floyd, Barrett and Moreno",(290)087-1979,vicki91@underwood.com
8225,Deanna,Green,"Burton, Reeves and Mercer",+1-510-881-4734x7536,misty38@pacheco.com
8226,Valerie,Hale,Mckenzie Group,4095475948,gallaghergavin@chang.com
8227,Brandon,Frost,Spears PLC,+1-394-629-0417x640,astrickland@chan.com
8228,Bridget,Carney,Nixon-Good,001-794-735-3705x4205,longdiane@steele.com
8229,Alice,Wilcox,Ward Inc,(720)311-5419x28729,christopherpearson@vaughan.com
8230,Nicholas,Heath,Ellison-Wiggins,400-955-2761x993,leroy33@yoder.com
8231,Jane,Chambers,"Henry, Brooks and Malone",+1-795-073-9423x42121,sharonschmidt@brooks-jefferson.org
8232,Loretta,Church,Velazquez-Barrett,9656603798,hhayes@sims.com
8233,Rick,Morgan,Robertson Group,-10774,robindean@yates.com
8234,Helen,Delgado,"Watts, Juarez and Peters",4763799586,pattymason@hudson-mayer.com
8235,Jeremy,Fry,Nichols-Carrillo,473.766.8694x85956,gillvickie@hoover-stevenson.com
8236,Stacey,Nguyen,"Velazquez, Knapp and Lam",227.343.7799x557,pwheeler@holland.net
8237,Jeffery,Frazier,Rasmussen-Morton,182.410.2206,cassidykemp@boyd.com
8238,Dean,Dyer,Ryan PLC,(093)320-7714,marc69@duran.org
8239,Martha,Good,David-Franco,(384)037-4867x705,lesliemcconnell@yang-barr.biz
8240,Mariah,Price,Galvan-Serrano,001-520-449-3814x917,frederick50@roth-herman.org
8241,Brittany,Singleton,Edwards-Little,811.234.0707,dbray@richards.org
8242,Kent,Dunn,Owens PLC,(432)031-6122x4698,ricardolevy@fuentes.info
8243,Eugene,Chavez,Buchanan-Ellis,001-214-611-3858x232,rjennings@whitaker.biz
8244,Meagan,Branch,Vaughan LLC,(495)075-1169x18049,kleonard@rodgers.com
8245,Dave,Buckley,Stark-Andersen,001-673-774-3501x37741,droberts@horne.com
8246,Bonnie,Simpson,"Santana, Hooper and Bishop",+1-674-289-0550x55908,ochoacolleen@conner-fuentes.biz
8247,Martha,Salazar,"Kirk, Clay and Schmitt",001-960-731-8882,crawforddaniel@norman.org
8248,Neil,Mcgee,Mcintyre PLC,822025394,wayneford@wilkinson-price.biz
8249,Deanna,Booker,Rush Group,(420)499-2223,state@wallace.biz
8250,Tracy,Ryan,Farmer PLC,723.026.1773,montoyajoan@rich.biz
8251,Krista,Mayer,"Barton, Christian and Ramos",3274819405,gvillanueva@cowan.com
8252,Glenn,Wolfe,"Terrell, Cummings and Mills",(622)504-8575x47611,mary36@peterson-barber.net
8253,Emma,Sellers,"Sheppard, Andersen and Rogers",455-908-0323x5681,gina40@woodward.com
8254,Dean,Bruce,Cabrera Ltd,762-256-4477x67554,omckay@daugherty.com
8255,Tristan,Myers,Hubbard PLC,836.621.1752,adriennecooper@shannon-maxwell.org
8256,Lisa,Chaney,Green Inc,(934)742-6312x76110,chelseaodom@best-nolan.com
8257,Laura,Powell,Salinas LLC,321-019-8600x8441,katelyn85@good.info
8258,Darrell,Li,"Mcdowell, Phillips and Calderon",(276)574-1789,hobbsjulia@pena.com
8259,Joshua,Zhang,"Humphrey, Holloway and Torres",513.177.6356x974,pmorton@bird.com
8260,Kelsey,Mayer,Delacruz and Sons,(815)546-9220x0627,isabelthomas@fowler-mcintyre.com
8261,Julia,Norris,Terry PLC,001-558-065-5323x75759,ericksonsuzanne@rocha-pineda.net
8262,Marilyn,Schroeder,Bradshaw Ltd,391-019-8826,dchapman@werner-blackwell.com
8263,Derrick,Hurst,Ho PLC,7531749308,sherriroth@padilla-wilkins.com
8264,Sara,Li,"Higgins, Davis and Hansen",389.107.2811x74611,imarquez@parsons.com
8265,Clarence,Palmer,Hill-Hunter,677-187-1001x27091,hlam@booth-booker.com
8266,Jasmin,Ortega,Munoz-Richards,759.158.6370x875,parrishalexa@vaughn.org
8267,Derek,Wells,Meadows-Lin,623.371.0194x423,duanegarcia@meadows-robbins.com
8268,Madeline,Wyatt,Farrell Group,(526)682-9103,sheripadilla@love.com
8269,Stacy,Guzman,Santana PLC,001-651-488-3117x405,tamara75@patel.biz
8270,Sierra,Aguirre,"Sullivan, Bender and Welch",(487)680-0755x234,heather49@murillo.com
8271,Kerry,Case,"Fuller, Preston and Osborne",001-753-213-1553,collierlouis@andrade-potter.biz
8272,Roberto,Greene,"Hancock, Zamora and Davies",074-422-9655x21416,tammyhodges@lopez-shaffer.com
8273,Patrick,Hopkins,Dudley Group,-10009,mlam@gardner.com
8274,Shelby,Randall,Gregory-Austin,(985)420-5968x907,fraymond@ali.biz
8275,Kara,Welch,Donovan and Sons,001-543-806-6378x2539,nguyensuzanne@dennis.com
8276,Kirk,Hull,Cunningham LLC,+1-177-273-5731x350,brittany74@warren-williams.info
8277,Tom,Clements,Velasquez PLC,5249985504,craigpeck@davies.biz
8278,Jillian,Huber,West Ltd,164-133-8401x07555,marklyons@thomas.biz
8279,Anne,Frank,"Nash, Bowen and Daniel",(998)800-8203x486,starkjeremiah@michael.com
8280,Kaitlyn,Gould,Peck Group,984.721.6157x4115,hunter76@leon.com
8281,Krista,Jenkins,Sweeney-Delacruz,176-717-1146,billcalhoun@obrien-manning.com
8282,Anne,Branch,"Pruitt, Mcclure and Gordon",-1740,wwhitaker@mitchell.org
8283,Jack,Vance,Franco PLC,-2366,changlatasha@everett.com
8284,Meredith,Hoffman,Reid Inc,321-824-5673x3627,taylorbeltran@nixon.org
8285,Tom,Davila,Todd-Macias,333-684-1516x30008,lewishoward@chung.com
8286,Cole,Wallace,"Gould, Dalton and Buck",(944)031-2857,mercedes81@singleton.com
8287,Kristie,Pugh,Boyd-Weber,+1-553-752-4134x02501,reginabennett@wolfe-huff.com
8288,Jerry,Johnson,"Cline, Manning and Ingram",-7074,wgoodman@marquez.info
8289,Mario,Hines,Gregory-Haas,-6497,sylvia94@benton.com
8290,Nathan,Donaldson,Delgado Inc,(274)255-4865x480,jvilla@phillips.com
8291,Benjamin,Hammond,"Stevenson, Griffin and Osborne",432-568-6620x804,pmccall@newton.com
8292,Brenda,Lowery,Fritz-Hodges,(649)433-2277x68552,hunteryolanda@oconnell-hess.com
8293,Kathy,Gilbert,"Haas, Guzman and Hicks",904.385.5514,rdavidson@noble-glover.com
8294,Rebekah,Jensen,Bolton-Goodman,001-107-068-7150,fdoyle@peck-cunningham.com
8295,Jo,Mckinney,Padilla-Riddle,239-623-1250,orandolph@russell.com
8296,Alex,Avery,Mcmillan-Wong,201.082.4971,sergio32@rojas.info
8297,Evan,Michael,"Mitchell, Crawford and Cobb",-9303,qhinton@shepherd.com
8298,Stephen,Woodward,Gates-Sweeney,7446547584,geverett@haas.com
8299,Whitney,Garner,Hahn PLC,(629)996-1907x87802,russell53@pope-hood.biz
8300,Shelia,Cole,"Kelley, Craig and Thornton",+1-171-068-5162x8140,friedmanjeffrey@barajas-burnett.com
8301,Sarah,Brewer,"Barrett, Montes and Hull",074.808.8590x88841,morgan59@nolan-briggs.biz
8302,Bradley,Olsen,"Bolton, Holloway and Strickland",-9459,vpeck@hodge.com
8303,Madeline,Duran,Goodman-Heath,+1-740-048-7084x6045,fmack@mcknight-chase.com
8304,Bobby,Maynard,"Howard, Hendricks and Tapia",232.183.9588,candicelowery@mills-beltran.info
8305,Darlene,Cuevas,"Stark, Huffman and Price",5985605842,darlene46@stephens-morrow.com
8306,Alvin,Wilson,"Rivera, Bolton and Newton",937-793-1688,tyronebarber@monroe-woodward.biz
8307,Connie,Finley,Reid-Farley,-1747,hohoward@day-moran.com
8308,Mariah,Sherman,Roach-Stokes,749-439-7112x0007,boltonrichard@donovan.com
8309,Claire,Atkins,Moss-Higgins,(444)338-8766,juan31@rojas-daniels.com
8310,Roy,Frank,Donaldson LLC,001-037-296-8897,leonhendricks@garner-little.biz
8311,Kirsten,Velazquez,Wise-Rich,(844)584-7990,mcarson@russo.net
8312,Edward,Sparks,Sutton Group,(929)942-8636x3276,rosebob@scott-ayala.com
8313,Gary,Wilkinson,"Fritz, Landry and Landry",642.341.7372x420,tarabrooks@pennington-patterson.com
8314,Cameron,Olson,"Hobbs, Hartman and Graves",-4570,karen91@huffman-montgomery.com
8315,Chloe,Anderson,Rhodes-Durham,001-486-712-6029x6810,karinacaldwell@hull.biz
8316,Allison,Lopez,"Cannon, Franklin and Mcconnell",001-692-743-6383,garrettbuchanan@cuevas-luna.com
8317,Clinton,Shannon,Rojas Group,201.127.5206,molly02@noble.com
8318,Derek,Dominguez,Quinn Ltd,001-987-463-3241x2420,isabel72@mata.net
8319,Cassidy,Wise,Byrd LLC,(585)343-9551,suttonemily@mcgee.biz
8320,Dana,Best,"Ibarra, Rojas and Benitez",8241625087,vstanley@garrett.biz
8321,Eddie,Manning,Mathews-Powell,(774)519-3561x5780,gabriella88@wolf-carey.com
8322,Roberta,Esparza,Blair Group,672-813-8014,frances66@english.com
8323,Vernon,Wyatt,"Burgess, Coleman and Bass",016-759-8417x3142,bbeasley@rangel-page.com
8324,Shannon,Whitney,Archer-Bryant,(620)355-2011x16029,daisy33@baird.com
8325,Natalie,Merritt,Whitaker and Sons,001-609-457-1190x533,tonyalara@landry.com
8326,Abigail,Mckinney,Mcdaniel Group,(155)320-1408,yfitzgerald@neal-coleman.com
8327,Douglas,Rodgers,"Curry, Yoder and Roth",853-800-6613x449,lgonzales@moon.com
8328,Rickey,Riley,"Diaz, Pace and Wilcox",+1-397-487-2507x983,kennethcummings@yoder.com
8329,Christopher,Salinas,Mack-Schultz,6207393927,bowerslonnie@rodriguez-giles.biz
8330,Courtney,Garcia,Chase-Davies,000.458.4739x18928,esparzamarcus@adams.org
8331,Tracy,Browning,Keith Inc,(072)809-6387,bmalone@bray.com
8332,Sara,Yoder,Garrett Group,(063)711-7752x60359,pinedaearl@mcgee.net
8333,Patty,Faulkner,Underwood-Simmons,+1-210-276-0652x9103,vancericardo@cross-osborn.org
8334,Barbara,Wu,Barr-Ellison,(645)849-5485x28289,hbridges@hayes-watkins.com
8335,Deborah,Petty,Carroll-Case,(226)494-8066,hillmason@farrell-hines.info
8336,Lindsey,Benson,Mccoy-Weeks,301.026.7927x189,jaclynchase@rangel.com
8337,Alice,Weber,Larsen LLC,773.330.2632x52657,frenchharold@summers.com
8338,Geoffrey,Townsend,Vance Inc,334412243,ptownsend@mclaughlin.com
8339,Ivan,Moss,"Rios, Nguyen and Gibbs",229-270-7895x53627,irhodes@mendoza-hatfield.com
8340,Tommy,Silva,"Sexton, Orr and Espinoza",+1-962-083-6528x480,htrevino@neal-walters.com
8341,Brendan,Walsh,Powers Inc,(851)895-5397,iobrien@fox-boyer.com
8342,Mallory,Baker,"Gonzalez, Solis and Hahn",447-924-9294,samuel47@eaton-odom.com
8343,Luis,Fox,Mueller Ltd,001-687-822-3353x22417,rachaelwashington@hayes.com
8344,Dale,Escobar,Christian-Hickman,4726896291,okemp@case-estrada.com
8345,Morgan,Serrano,Sparks-Lewis,(063)115-2010,lorraine17@clements.org
8346,Sonya,Oneal,"Peterson, Cochran and Townsend",879-240-9912x9047,cruzjackie@watts-meza.com
8347,Loretta,Young,Moore-Mora,972.365.6925x28848,zgallagher@gross.com
8348,Craig,Sims,Shah-Welch,+1-279-822-5527x187,robertacantu@brady.com
8349,Shaun,Beck,"Murray, Cardenas and Ferrell",001-786-272-3366x6821,eduardoandersen@ortega.com
8350,Geoffrey,Richardson,Cantu LLC,530-975-8382,curryadrienne@greene-moore.com
8351,Patricia,Arellano,"Gilbert, Galloway and Nunez",420.039.5003x24790,gabriellastevens@proctor-eaton.com
8352,Mikayla,Lloyd,"Ferguson, Brewer and Zhang",326-867-6723x32009,margaretdeleon@mccann.com
8353,Micheal,Rollins,Robinson LLC,001-148-592-4160x449,noahgarrett@ford-davies.com
8354,Sara,Santos,Hickman and Sons,789-927-6903x27088,tony87@douglas.com
8355,Jackie,Roy,Bush Inc,(922)181-3280x76505,gilbert45@marsh.info
8356,Kent,Hopkins,Richard-Benjamin,+1-889-424-2800x6639,tomcosta@shepherd.org
8357,Gregg,Hernandez,Kelly-Ball,101.699.5567x76230,julian33@roy.org
8358,Arthur,Brown,"Villa, Wagner and Brooks",269.102.1244,kstout@atkins.com
8359,Joshua,Webster,Beard LLC,559.874.0611x19715,lutzmathew@parks.info
8360,Jesus,Rosario,Andrews-Walker,348-505-3775x2174,renee50@villarreal.com
8361,Isaac,Boyd,"Novak, Park and Schmidt",001-794-722-8276x543,whitakerpatrick@esparza-nielsen.org
8362,Jorge,Nelson,Brown-Forbes,+1-311-219-7762x574,jeff48@grimes-richmond.com
8363,Gilbert,Conner,Patrick-Richards,001-151-625-3891x151,claytonortiz@brandt.info
8364,Hayley,Best,Kaiser Inc,883-358-5193,noah80@mora.com
8365,Scott,Keller,"Wallace, Mccarthy and Mills",439.116.4201x12871,pennyjoyce@mendez.com
8366,Anthony,Dominguez,"Blair, Burch and Yates",534-563-8895x05052,alec12@mcneil.com
8367,Teresa,Greene,Molina Group,(941)753-1648,zunigamax@mills.com
8368,Chase,Barber,Higgins-Colon,-11095,allisonlogan@holmes.com
8369,Ryan,Harvey,Carson-Hendrix,(139)831-4544x0353,sharon30@hanna-proctor.com
8370,Tony,Gaines,"Cameron, Velazquez and Jacobson",917-163-8335,makaylareilly@bray.com
8371,Gregg,Watts,Blankenship LLC,+1-807-462-8951x3379,mercerperry@hull-frederick.com
8372,Christie,Brady,Vazquez Ltd,531-309-6548x340,nathanarnold@pratt-spencer.com
8373,Nicole,Hurley,"Green, Mcclure and Marks",507-093-5248,gregoryjay@castaneda.com
8374,Christina,Hill,Boyd-Mcfarland,(614)404-7911x161,nealrachael@cooper.com
8375,Billy,Dudley,Harrison and Sons,001-915-986-6964x2783,qdougherty@galloway.com
8376,Cathy,Esparza,Massey and Sons,(912)501-4734,audrey61@harper-salinas.biz
8377,Cheryl,Fitzgerald,Hughes-Ingram,+1-848-865-7480x4017,pritter@campos-dean.com
8378,Natalie,Dudley,Richards LLC,7259533511,edeleon@velez-steele.org
8379,Tabitha,Hendrix,Conrad Ltd,(479)448-1861,frazierdenise@branch.info
8380,Mary,Stout,Knox LLC,346-454-1116,kimberly89@benton-chandler.net
8381,Angie,Oliver,Morrison-Mcdowell,001-837-155-6953x8908,fgarner@acevedo-hines.com
8382,Jeffrey,Dillon,Allen and Sons,(405)030-2982,robertenglish@bean.com
8383,Bruce,Hunter,"Sawyer, Vazquez and Woodard",417.452.6495,candace92@benjamin-combs.com
8384,Joann,Wagner,Cruz Inc,847.868.3556x6249,jane38@patel.org
8385,Grant,Howard,Castaneda-Mcconnell,6273662148,dmoses@cowan-french.com
8386,Jerome,Stewart,Daugherty PLC,001-502-264-9831x55541,pollardhelen@moran.com
8387,Francisco,Schultz,"Shannon, Perkins and Atkins",001-878-538-5497x962,fryesylvia@lucas.com
8388,Peggy,Holt,Fitzpatrick Ltd,434.173.9632x9161,rfuller@torres.com
8389,Juan,Miller,Mclaughlin-Waller,+1-346-829-5392x612,charlesjoan@burke-santos.org
8390,Jenna,Fields,Osborn-Estrada,+1-330-136-7399x927,joan27@dean-hall.com
8391,Margaret,Coleman,Vaughn-Meza,067-424-9888,kellivasquez@buckley.org
8392,Michael,Saunders,Thompson PLC,001-006-957-0731x36382,paige66@tyler.com
8393,Stefanie,Soto,"Morales, Grant and Holder",001-229-828-3310,samanthalloyd@jenkins-mccarthy.info
8394,Diamond,Salas,Martinez Group,345.624.0903x801,sarah48@brock.com
8395,Kirk,Bennett,Norman-Dorsey,(043)572-6548,bailey74@obrien.biz
8396,Jaime,Delacruz,"Bonilla, Sampson and Wiggins",001-507-381-7959x264,kaylee42@watkins-tran.com
8397,Shawna,Vazquez,Pacheco Ltd,196.421.1887x15959,bmathis@dominguez.com
8398,Alvin,Daniels,Bryant Inc,+1-796-732-5606x80353,joycenolan@rivera-robertson.net
8399,Jeffrey,Monroe,"Melton, Pittman and Harmon",001-102-847-1317,gary73@chang.com
8400,Nina,Colon,Nixon-Fowler,001-224-891-4272,akeller@ruiz.com
8401,Steven,Barrett,"Robles, Gentry and Barker",962-837-9447x102,jenniferbanks@floyd-frank.com
8402,Kristi,Landry,"Olsen, Bolton and Lee",184.492.7297,santanajeff@chung.com
8403,Jacqueline,Howe,May-Booth,001-422-440-1309x6447,farcher@horton-thompson.com
8404,Angelica,Peck,"Nielsen, Valenzuela and Cantu",450.693.1381x0938,sanfordcameron@carter.net
8405,Tom,Richard,Holden-Moody,145.373.0443,wellsadrian@hatfield-hardy.biz
8406,Curtis,Graham,"Henry, Taylor and Walton",(586)462-2570,morenostuart@schmitt.net
8407,Dalton,Good,Conrad-Greene,5134527179,gina37@dorsey.net
8408,Daryl,Henderson,Evans-Burch,(730)000-0475x640,shortkirsten@bowman.com
8409,Ricardo,Macias,Terry-Molina,+1-380-036-2068x5048,jose35@odom.biz
8410,Ricardo,Strong,Rosales LLC,860-895-0481x842,rmckinney@valencia.com
8411,Kristopher,Mcgee,"Green, Cardenas and Mayo",(551)640-3344,stefaniegray@cowan.biz
8412,Stanley,Richard,Wiley LLC,235-644-9245,nle@salazar-cabrera.info
8413,Terry,Montes,"Lozano, Gentry and Wilcox",628-133-3749x95756,sheenahanna@armstrong.info
8414,Theresa,Rose,"Baird, Harrison and Ho",280-125-7779x3363,agriffin@long-madden.biz
8415,Stacey,Lara,Cuevas Ltd,8741496994,joelwright@huynh-carson.biz
8416,Franklin,Bender,Winters-Conner,139-968-6203x9556,caitlyndaniels@york-stark.info
8417,Cynthia,Short,"Krueger, Sanders and Jefferson",757-267-4926x34356,sampsonvictor@hurley.org
8418,Kara,Smith,Barry Ltd,8075320787,alyssa07@miles.biz
8419,Christopher,Curry,"Allison, Farrell and Weaver",+1-062-833-9170x77901,zkidd@jacobson.com
8420,Franklin,Schneider,Hopkins Ltd,899.981.6473x857,katherinejennings@mckay.net
8421,Erin,Boyd,Delacruz-Becker,215.888.4990,laurenholder@fischer-beard.net
8422,Rebecca,Gould,Fuller-Farmer,613-371-4571,dpark@lin.com
8423,Tim,French,Paul-Cantu,(281)531-6595x95730,gavin23@mora.info
8424,Franklin,Dennis,Gilbert PLC,6347369510,debbiebaldwin@james.com
8425,Micheal,Flynn,Wheeler-Sampson,(327)939-7358x324,gravesariel@white.com
8426,Bobby,Knight,Wu Ltd,+1-253-684-3839x6032,itownsend@terry-case.org
8427,Parker,Marquez,Mercer Group,(176)133-4155x380,jerrycrane@ochoa-holmes.com
8428,Cody,Blake,Randall Group,9837682616,umeza@ryan.org
8429,Douglas,Potter,Mccann Ltd,(503)194-2318,ethan02@gould-kerr.com
8430,Anna,Anthony,Hamilton Ltd,893-049-1626,dennismitchell@williamson.com
8431,Lacey,Cabrera,Mora LLC,001-528-077-0999x699,cameron90@barrett.biz
8432,Chloe,Delacruz,"Cantrell, Diaz and Bean",(342)816-1647x21260,juliegraham@lowery.biz
8433,Omar,Snyder,Shea-Branch,412-928-1618x1283,chelsey22@lane-weiss.com
8434,Leslie,Mcmillan,"Randolph, Mcneil and Glenn",3437387070,margaret56@green.com
8435,Daisy,Reed,Sheppard-Good,001-157-929-9492x566,tami39@york.com
8436,Breanna,Moreno,Hodges Inc,+1-378-820-4257x621,megan26@avila.com
8437,Justin,Burch,Robertson PLC,020.125.0145x234,candice06@davenport.org
8438,Michael,Hodges,Fuentes PLC,687-929-6903,avilachris@blanchard-parrish.com
8439,Tasha,Esparza,"Ellison, Huynh and Lewis",187.436.5853x81783,jennyrosario@greene.info
8440,Reginald,Hurst,"Nunez, Pugh and Travis",072.396.7117x201,gregorymyers@odonnell-bryan.biz
8441,Marc,Lucas,Henry-Singh,333.439.7645,kristopherbass@greer.com
8442,Megan,Cain,Moon-Henson,6056817444,archerbetty@parrish.net
8443,Isabel,Nichols,Melton-Moody,362.834.1012,petersroger@henry.info
8444,Tracie,Cortez,Woodward Ltd,820-962-3195x474,joneskathleen@christian.com
8445,Peter,Norman,"Lawrence, Frye and Bradshaw",+1-522-587-2128x0374,cody10@flores-kelly.com
8446,Chloe,Holmes,Pruitt Group,212.850.2372x20406,ariastara@cherry.com
8447,Adam,Adkins,"Stewart, Ray and Oneal",921.627.0407x85103,hmcknight@bruce.info
8448,Sonya,Blair,Rose Group,-9985,mclark@stanley-nelson.biz
8449,Javier,Singh,"Buchanan, Riggs and Bates",763.802.1279,sheryl81@stevenson.net
8450,Cheryl,Osborn,Gould-Cruz,+1-631-121-7738x0191,connor67@mcintyre.biz
8451,Elizabeth,Sandoval,Ward-Peck,(844)843-1846x6382,juanbarajas@decker.org
8452,Jane,Vasquez,Bass LLC,475.542.9046,adrian90@williams.com
8453,Felicia,Montgomery,"Mendez, Clements and Proctor",964-990-7531x2044,oblackburn@ferrell-wall.com
8454,Kristine,Cabrera,Davis Inc,005.358.5484,wulatasha@dodson-ingram.com
8455,Bryce,James,Bean Group,001-448-418-6568x822,davidmcdowell@wheeler-burgess.org
8456,Darrell,Pitts,Callahan Group,610.315.0468x7719,rreilly@ponce.info
8457,Tamara,Wells,Espinoza and Sons,243.169.1647,dennis24@morris-black.com
8458,Sean,Davenport,"Merritt, Maldonado and Haas",637-809-0621x97089,gbutler@kennedy-cook.com
8459,Kathy,Colon,"Caldwell, Weber and Brown",(693)451-1078x6833,william93@walls.com
8460,Emma,Fuller,Coleman-Blackburn,926.006.7581x92361,combstamara@wilkinson.biz
8461,Erica,Berry,"Heath, Pope and Todd",565.732.9748x94385,gzimmerman@cunningham-bautista.com
8462,Garrett,Patton,Spence-Marsh,(932)737-0805x91625,acarroll@moreno.net
8463,Craig,Daniel,Conway-Maynard,+1-836-629-6510x5535,lukeroach@cortez.biz
8464,Joel,Ho,Goodman-Osborne,6680074387,cody23@robinson-mooney.com
8465,Isabella,Manning,Mayo LLC,(875)367-3648x2498,pkeller@jimenez-becker.com
8466,Clifford,Hutchinson,"Ferguson, Crosby and Collins",9714393670,gordonjade@gilmore-dougherty.org
8467,Andrea,Zhang,Rangel Inc,3025619001,cbrandt@copeland.org
8468,Sheri,Webster,Norris Group,(214)022-9004,katiehawkins@henson.com
8469,Richard,Ford,Grant Ltd,190-501-1172x868,robersonhelen@campbell-zhang.biz
8470,Krystal,Summers,"Mcfarland, Mitchell and Yoder",001-231-095-0722,dustin31@herrera-avila.com
8471,Cole,Medina,Bright PLC,001-769-675-1733,sarawyatt@lawrence-stone.com
8472,Julian,Collier,"Patel, Martin and Hess",001-270-665-7663x61315,pgalloway@santos.com
8473,Jody,Tran,Choi LLC,045-383-2507x8676,frycaroline@conrad.org
8474,Jasmin,Moran,"Proctor, Cuevas and Avila",7026191274,theresarivera@hunt-doyle.biz
8475,Anita,Flowers,Pollard-Charles,999-815-5834x6421,alan18@scott-villanueva.com
8476,Nichole,Medina,"Bauer, Castillo and Moss",544-619-7554x894,tammieschwartz@snyder.com
8477,Alexandria,Rush,Pena-Werner,087.119.7767x504,barberdakota@proctor-morton.info
8478,Elaine,Jimenez,"Dean, Burgess and Jennings",964.994.0939,mccalltasha@kelly.org
8479,Shelley,Lucero,Dodson Ltd,989.895.4422x33145,jeremiah66@boyer.com
8480,Melinda,Morrison,Bridges LLC,553-542-2406x8627,gentrysteve@haynes.info
8481,Joanne,Walter,"Khan, Henson and Hester",415.548.2919,rebeccaatkinson@mcclure.com
8482,Hayden,Atkinson,Mcconnell-Kaufman,(479)671-4122,bill58@salas.com
8483,Gregory,Shannon,Adams-Burch,199.320.8648,denniskayla@cross.info
8484,Roberto,Payne,"Day, Massey and Dyer",6524853010,idavis@sheppard.net
8485,Bonnie,Carroll,"Goodwin, Skinner and Robles",(715)368-0827x8908,gillandre@franklin-sosa.com
8486,Cassie,Boone,Armstrong and Sons,7775384803,beverlyhale@weaver.biz
8487,Stanley,Patton,Andrews Ltd,+1-574-527-4896x23045,rothjason@sims-ashley.com
8488,Tonya,Sexton,Cervantes LLC,+1-502-345-1674x258,conleyricardo@santos.com
8489,Lynn,Franco,Mahoney Group,001-623-107-8577,brandonweaver@hendricks.com
8490,Mario,Rivas,Stephens-Lucero,739-670-4073x6755,rochaselena@shaw.biz
8491,Sandy,Beck,Ryan-Morton,+1-975-516-3824x6205,jcisneros@marquez-herring.org
8492,Glenn,Hanson,"Farrell, Guerrero and Mckay",5847490387,pattycamacho@white.org
8493,Summer,Mcgrath,Roth-Miles,417-164-9184,hannahbell@simmons.com
8494,Samantha,Howell,Andrade-Ware,670.266.7549x1617,cantrellkirsten@sanford.com
8495,Tanya,Padilla,Montes-Andrade,815.611.0339x11358,heidirosario@wise.com
8496,Dennis,Collins,Gallegos-Grimes,6607178773,kristybarry@chaney.net
8497,Darryl,Ewing,"Simon, Barton and Russell",(675)366-6873x092,nathaniel57@byrd.com
8498,Vickie,Gallagher,"Chandler, Hudson and Cervantes",(328)589-7380x170,jcannon@moss.com
8499,Sean,Day,"Stokes, Atkinson and Harris",301-357-6236x4052,carlamcconnell@hubbard-rollins.org
8500,Tiffany,Russo,Jefferson-Macias,100.276.3866x37687,adamssylvia@patterson.info
8501,Carlos,Heath,Leblanc-Sloan,893.570.9880x57114,iarnold@mcconnell.com
8502,Toni,Nash,Rasmussen and Sons,001-905-182-6694x2108,abrooks@bright.info
8503,Lee,Griffin,Buchanan-Harvey,847-365-0670x84225,peggy97@cunningham-stephens.com
8504,Connor,Fleming,Powers-Randolph,8376997817,clayaustin@herman-elliott.info
8505,Shannon,Duncan,Waller LLC,697-936-5998,michael05@gibbs-salazar.net
8506,Dylan,Crawford,Hancock-Mooney,184-460-7393,rodneyclayton@zhang-lin.com
8507,Janet,Lewis,"Villa, Fuller and Vang",001-626-318-3101x81681,haydennancy@burch.com
8508,Kaitlin,Valencia,"Petersen, Wilkinson and Cooper",-5617,dodsonashley@sheppard.org
8509,Danny,Frost,Daniels-Peck,(334)611-1130x347,martinezjudy@hayes-trevino.info
8510,Meagan,Whitney,Hunt-Stein,741.671.9809x6696,dparker@hurley.com
8511,Dawn,Perkins,Hammond-Tyler,+1-811-037-6864x39265,erika23@lowery-lowe.com
8512,Tami,Yang,Gentry-Newman,+1-147-607-9032x64548,timothycooke@harding-hood.biz
8513,Dalton,Merritt,Humphrey-Guerrero,693.203.6658x185,masseytricia@cannon.org
8514,Ray,Peck,Haynes-Barker,436-199-0799x326,ariel07@howell-velasquez.info
8515,David,Boyle,Garner LLC,199.670.5910x33065,singletonjoyce@mccullough-farrell.com
8516,Ruth,Randolph,"Wu, Joseph and Brock",(169)874-3455x69641,carmenbates@larsen-maddox.info
8517,Roger,Wagner,Sawyer and Sons,624.249.9946,haleylloyd@skinner.info
8518,Manuel,Figueroa,Mcbride-Douglas,285-062-6048,connor96@good.com
8519,Melody,Snow,Mckee-Pacheco,350.767.2813,bschroeder@green-blake.com
8520,Katelyn,Barnes,Pearson-Gamble,436.140.6528x813,frichard@lewis-grant.com
8521,Carla,Gamble,"Weaver, Harrell and Hanna",313-205-1196x6372,ethanbush@waller-andersen.com
8522,Caroline,Poole,Fry Ltd,031-601-0409x721,hdavid@guerra-fischer.net
8523,Corey,Calderon,"Benson, Wilcox and Hart",6946386879,blanchardmisty@ingram-murillo.com
8524,Mercedes,Murray,Todd and Sons,820-174-7865x2484,lidouglas@zuniga.info
8525,Kelsey,Gould,Garrett Group,(774)064-1646,karenleach@rush.net
8526,Mariah,Le,"Hardin, Joseph and Ali",(471)654-7244x616,vzhang@schaefer-mathis.com
8527,Kaylee,Harvey,Payne-Dominguez,115.030.9033x603,fritzbrady@evans-barajas.com
8528,Gabriella,Krueger,Conrad and Sons,568-426-5705x28805,mariah87@mercado.net
8529,Wendy,Avery,Valdez-Montoya,(974)246-0654,troy43@glenn.com
8530,Doris,Berry,Singh-Hahn,777-504-5008x6758,emmagilbert@craig.info
8531,Ellen,Edwards,Day Group,-6333,benjamin09@brennan.com
8532,Tammy,Rojas,"Jacobs, Carlson and Franklin",6048920567,lawrence33@steele.com
8533,Kelly,Sharp,Holland-Bruce,027.793.1370x3799,mhartman@holden.com
8534,Jesse,Simmons,"Phillips, Day and Odom",5184377668,ykhan@mclaughlin.com
8535,Hailey,Molina,Jarvis-Harvey,7782175209,faithrandall@randall-walsh.com
8536,Kiara,Waller,Kaufman PLC,4468420096,melanie03@zuniga.org
8537,Selena,Lam,Ibarra-Yu,(808)074-0263x6365,jeanmoreno@lang-murillo.com
8538,Melinda,Perez,Gomez LLC,+1-406-193-7024x68516,elaine43@barber.biz
8539,Alexandria,Lynn,"Pearson, Woodard and Fitzpatrick",(174)183-3720,emccann@walton.biz
8540,Krista,Mayer,Spencer-Patel,844-598-5717x4568,angela93@ibarra.com
8541,Raymond,Rivera,"Lindsey, Wright and Powell",001-960-484-1870x34001,yucharlotte@hanson.net
8542,Tracey,Wells,Robbins-Stout,333-757-1777,jlogan@francis-salas.info
8543,Cassidy,Bush,Pittman LLC,9523568511,wooddarlene@stout.com
8544,Kent,Gamble,Vega Inc,468-514-6261x3965,savannah02@duran.com
8545,Trevor,Cannon,Lamb Inc,(839)696-4426x274,iprice@bauer.net
8546,Sierra,Carter,Sexton Group,304-509-9946,vickiefranco@calhoun.info
8547,Bonnie,Cain,"Bowen, Pena and Harper",503.985.6193x3266,cowankatrina@webster-jensen.com
8548,Karen,Cervantes,Miranda-Woodward,372.854.3829,rlivingston@mendoza-lindsey.com
8549,Jillian,Waller,"Lambert, Mccarty and Mullins",2933733641,gholloway@mcfarland.com
8550,Terri,Carpenter,"Price, Shelton and Moody",994.576.6188,vcarrillo@ritter.com
8551,Cameron,Nichols,Williamson PLC,558.003.6796x276,beasleyjorge@payne-hoover.com
8552,Gene,Hunter,"Kramer, Mathews and Daniels",(009)437-2061x9175,kathy68@watkins.info
8553,Lisa,Hester,Fitzgerald PLC,811-079-9113x952,ralph11@soto.com
8554,Cassidy,Huff,Boyer-Fisher,498-496-1543,cannonshane@ritter.com
8555,Melissa,French,Hurley-Bradford,+1-187-896-6110x93624,arianagood@wilkerson-gomez.com
8556,Tammie,Stein,Foster-Stafford,(732)173-0418x79735,barnettmeagan@floyd.info
8557,Dan,Ortiz,"Mcpherson, Montgomery and Khan",(937)468-6840,villanuevadakota@bowers-lopez.com
8558,Hannah,Ayers,Joseph-Sloan,1421530585,estrickland@foster.com
8559,Pam,Harris,Tucker and Sons,719-597-0410x208,parsonsrebekah@boone.biz
8560,Alicia,Weiss,Bird-Golden,(383)232-8495x29548,mercadoandrew@goodwin.com
8561,Frederick,Chandler,Cochran-Mercado,(708)995-4120x952,joann13@mathis.com
8562,Perry,Lawrence,Beltran PLC,(504)812-2484x243,lawrenceyang@bean-christian.com
8563,Candice,Vasquez,"Oconnor, Bond and Duffy",197-354-0480x1806,vickiowen@durham.com
8564,Lance,Carpenter,"Robertson, Friedman and Evans",109-186-4255x991,ihudson@weber-roth.net
8565,Rickey,Forbes,Michael-Woodward,430-967-1944x594,marydavenport@blevins.org
8566,Katrina,Benjamin,Holden Ltd,001-923-084-6290x5195,tchambers@garcia.biz
8567,Donald,Snyder,Lam and Sons,+1-512-347-4201x0891,chentamara@sampson.biz
8568,Jon,Sawyer,"Mcdaniel, Wolfe and Davies",796-609-4150,tina66@campos-haney.net
8569,Johnathan,Stewart,Chaney-Villarreal,459-120-4299x589,trowland@choi.com
8570,Kirk,Good,"Weeks, Ryan and Hicks",001-928-313-7295x06883,tphelps@torres-gomez.com
8571,Kathleen,Bowers,Burgess-Randall,506.980.0551x588,panderson@raymond-manning.info
8572,Dan,Mccarty,Moody-Strong,5667491071,rodriguezclaire@watson-moran.biz
8573,Cindy,Ritter,Glenn Inc,603.471.0800x11145,gentryperry@hill.biz
8574,Ebony,Holmes,Short Group,778.157.1505,vhanson@stark.com
8575,Shirley,Schmidt,Friedman Ltd,958.456.9495x2791,owong@kerr.com
8576,Todd,Pace,"Ibarra, Oconnor and Mcdaniel",(929)772-9780,kcisneros@rosales-kirby.com
8577,Jaime,Chang,"Roberts, Hoover and Hardin",001-067-914-8015,xaviervincent@hanna.com
8578,Faith,Irwin,Bartlett PLC,+1-583-298-7758x49163,steven72@cameron.net
8579,Hailey,Lin,Ferguson and Sons,131-922-7230,dwaynehull@russo-trujillo.org
8580,Corey,Fernandez,Frye-Buckley,(706)316-8625x31062,dnoble@hanna.biz
8581,Meghan,Chang,"Galvan, Ramos and Cowan",(290)168-2422x2169,doris96@warren-peters.com
8582,Gloria,Welch,Pugh Group,(992)787-8386x24465,ofrank@sanders.info
8583,Meredith,Stone,Huff and Sons,145-942-1798x2145,ann36@odonnell.biz
8584,Cassie,Ellison,Acosta-Sims,+1-702-339-9728x09691,kristameza@eaton.com
8585,Megan,Livingston,"Carlson, Barber and Friedman",001-026-446-7452x7216,tricia95@baker.net
8586,Ashlee,Krause,"Brandt, Graves and Thomas",670.600.6098,schultzjade@joseph.com
8587,Beth,Best,Schmidt and Sons,880.976.4208x71465,cindy63@gordon.com
8588,Leslie,Delacruz,Horn and Sons,417.135.6451,ncline@santana-cross.net
8589,Cristina,Harris,"Donovan, Walker and Mcclain",+1-948-590-8785x86895,fmcintosh@ellis.com
8590,Sonya,Bautista,"Mcconnell, Patel and Allen",(615)611-0378,lunarita@smith.biz
8591,Caroline,Reyes,Woodard-Bishop,988-953-9872x22505,pottsralph@gregory.info
8592,Rachael,Fisher,Holloway and Sons,889-232-5309x8929,progers@hicks.net
8593,Chad,Summers,"Hodge, Goodman and Robinson",(817)730-8522x856,troyjarvis@sutton.com
8594,Brent,Vaughn,"Stafford, Collins and Salas",7032053923,tomholt@mcmillan-randolph.com
8595,Caroline,Macdonald,Mueller-Solis,001-878-020-9288x67060,schneidermariah@arnold.org
8596,Amanda,Schaefer,"Figueroa, Barnes and Pierce",(205)738-6119x4925,aliciavillarreal@benitez.com
8597,Cheryl,Salas,Figueroa-Nichols,(041)233-4706x253,gilbertsheila@irwin.biz
8598,Xavier,Clark,Clarke Group,975-545-8778,tommykerr@montoya.com
8599,Megan,Fischer,Mays and Sons,378.473.5077,karla51@parsons.org
8600,Claire,Brown,Henson-Buchanan,575.134.6096x707,desireeduncan@benton.com
8601,Cassie,Austin,Harrington Group,155-189-9134,holmesmeagan@cuevas.com
8602,Sheri,Ponce,Rangel LLC,972.567.3853x64005,candicecase@luna-caldwell.com
8603,Isaiah,Gaines,Dunn LLC,(128)194-7299x289,antoniokennedy@contreras.com
8604,Ruth,Fletcher,Reynolds-Schneider,001-005-643-0714x479,francis21@griffith.com
8605,Daniel,Neal,"Merritt, Little and Potts",2395655515,derek31@parrish.biz
8606,Shelby,Day,"Campos, Holloway and Sanchez",1842604672,brownashlee@rose.biz
8607,Dale,Conway,"Buck, Parrish and Peterson",353-277-3560,michaelaaguirre@cline-heath.com
8608,Mike,Benitez,Hines-Schmitt,164.767.2146,darin36@dalton.com
8609,Jordan,Coleman,Ashley and Sons,+1-643-181-0085x534,cesarchristensen@stanton.com
8610,Marcus,Ellison,Bradley PLC,644.317.8187x8909,drush@wilkinson-cuevas.com
8611,Natalie,Wallace,Duke PLC,021-542-5662x400,blogan@hudson-dickson.info
8612,Sandy,Day,"Harmon, Michael and Johns",(765)469-7342x6567,everettyvonne@soto.com
8613,Dawn,Boyle,Powell-Lynn,001-183-046-7726x764,tbowers@trevino.com
8614,Ariana,Shah,"Morse, Alexander and Carroll",(205)697-7037,lindsey36@reilly.com
8615,Sonya,Wagner,Giles-Jones,-6810,suecarney@mueller-coleman.com
8616,Jonathan,Mejia,Bowers-Franklin,(538)530-3326x6113,tsanford@richmond.com
8617,Shelby,Pacheco,"Meyers, Gonzalez and Hernandez",860-273-2972x94264,jaclynthompson@frye.com
8618,Thomas,Ferguson,Alexander-Black,-7793,mikesloan@carr.com
8619,Herbert,Richards,Evans-Owens,(231)162-9548,downskurt@park.com
8620,Yvette,Perkins,"Castro, Velasquez and Osborne",+1-792-968-9421x852,meagankrause@gamble.org
8621,Jeanette,Buck,"Solomon, Cochran and Jennings",060.677.1053x788,brianna13@mercado.com
8622,Charlene,Vang,"Doyle, Velez and Garrison",(161)244-9414,mrose@hancock.biz
8623,Grace,Duarte,Hutchinson-Townsend,468-498-2829x16187,daisy89@patel.info
8624,Darlene,Ward,"Knight, Wiggins and Robinson",998.361.6326x1282,ubuchanan@reyes-turner.com
8625,Sydney,Cochran,"Horne, Rose and Roberts",034.341.6865,zashley@kerr.com
8626,Katie,Sanchez,"Fowler, Harris and Bean",001-645-075-8690x358,stanley79@greene.com
8627,Greg,Price,"Meadows, Gould and Fields",001-907-985-1095x691,kmarks@pittman-fischer.info
8628,Carlos,Delgado,Garza-Frye,102.018.0758,sheliaarmstrong@gardner.net
8629,Valerie,Strickland,Nash Ltd,001-405-717-3796x9953,princecindy@combs.com
8630,Ruth,Brewer,Clay-Cisneros,+1-305-702-0894x344,kentanthony@mosley.com
8631,William,Greer,Powell-Floyd,541.506.7432x6879,lauriereilly@stokes-hoffman.com
8632,Nichole,Miranda,Bell-Giles,592.999.2729,zkey@small-hickman.com
8633,Nicole,Becker,"Hamilton, Riley and Huffman",(263)701-7001x475,acevedocalvin@frye-huynh.com
8634,Alison,Khan,"Lynn, Curry and Soto",(476)771-5493,fbrock@turner-henson.biz
8635,Omar,Hubbard,Castaneda-Rose,-4693,davilashannon@mata-hickman.biz
8636,Kelly,Higgins,Mcfarland Ltd,(116)584-1850x669,farrelldarin@brooks.com
8637,Gregory,Barron,Lowery and Sons,+1-760-594-8142x3386,zamorawarren@lawson.info
8638,Darlene,Mayo,Odonnell and Sons,(361)160-3500x35754,kristine88@barnett.org
8639,Kelsey,Medina,Odonnell Group,+1-410-692-7968x5464,portermackenzie@cline-dawson.net
8640,Mario,Harper,"Hampton, Dunlap and Sheppard",385.038.2447x8936,traceycobb@hodge.com
8641,Rickey,Middleton,"Ellis, Chapman and Bryan",(631)574-6810x315,thomas51@stone.info
8642,Jacqueline,George,Murphy Ltd,273-598-2082,megancraig@bowen.com
8643,Terrence,Khan,"Trujillo, Green and Costa",541-728-5521x135,tstokes@mueller-reynolds.org
8644,Bradley,Simmons,Christian LLC,(256)553-1957,alicebowen@mccullough.com
8645,Monica,Jenkins,Oneal-Diaz,442.285.6165x49955,hectorcarr@obrien.biz
8646,Dominic,Murillo,Robles Inc,(049)536-3495,charlesbarrett@bowman.com
8647,Gabrielle,Thornton,Sosa Group,+1-192-212-8721x78212,gabriellamontgomery@richards.net
8648,Angel,Stewart,Santiago-Watts,001-849-337-5143x61874,edward82@dunn.com
8649,Dominic,Simon,"Odom, Key and Terry",331-675-5980x7820,tfuentes@benson-mack.com
8650,Edgar,Gould,Huang-Shelton,126874840,alexnovak@cole.info
8651,Harry,Downs,Gamble LLC,707.775.2580x0844,ltrujillo@castaneda.com
8652,Evelyn,Vance,Dixon PLC,657.785.9295x9738,suarezguy@atkins-juarez.com
8653,Lance,Brown,Santiago Ltd,306.206.6517,bellbryan@watson.net
8654,Christopher,Kent,"Warren, Mcknight and Blanchard",972.132.6099,ycross@griffith-stephenson.biz
8655,Alec,Vazquez,Grant LLC,(438)535-4102,rhurley@kline.info
8656,Clifford,Willis,Mcintyre-Beck,(435)197-0242x668,connievalencia@trujillo.com
8657,Helen,Hernandez,"Wilson, Gibson and Fry",(025)218-9337,simmonscarrie@gutierrez.com
8658,Joseph,Baird,"Lutz, Butler and Sexton",(007)415-7670,ncooper@cunningham.com
8659,Cheyenne,Townsend,"Miller, Gates and Frye",(072)165-6970x73664,juliepatterson@downs.com
8660,Nicole,Watson,Barker-Moody,001-472-121-7688x9393,yjacobs@sloan.com
8661,Gloria,Hess,Valenzuela-Lowe,001-765-344-6006x022,kherrera@mccullough.com
8662,Kaylee,Ponce,Davies-Tanner,001-184-608-2610,regina98@wilkinson-deleon.com
8663,Ronald,Flowers,"Massey, Lamb and Meyer",196.136.7397x8327,skelley@may-dunn.com
8664,Mallory,Lloyd,Nixon-Hayes,(728)095-5489,rowen@warner.com
8665,Latasha,Vazquez,Watson Group,-10651,hendersonalison@berger.com
8666,Gerald,Rivera,Tran-Cole,+1-048-313-3833x8063,qharding@taylor.org
8667,Lynn,Weaver,"Ball, King and Poole",695.763.8044,barbara73@strickland.net
8668,Earl,Floyd,Alvarado-Warren,+1-513-923-1611x508,alisha44@peters.com
8669,Mackenzie,Cross,Jimenez LLC,312-070-9923x2026,wjimenez@arnold-maxwell.com
8670,Jon,Goodman,"Harvey, Barr and Sexton",458.022.8529x285,kvillegas@woods-parks.com
8671,Kelsey,Hanna,Gates-Casey,(165)775-0821,kristysavage@russell.info
8672,Sheryl,Lyons,Butler LLC,4301577948,darren71@dixon.com
8673,Jared,Mosley,Gates Ltd,4685693747,judith83@mueller.org
8674,Devin,Gonzalez,Saunders Group,591.148.6438x9868,shanegiles@francis.com
8675,Kristie,Dudley,Stephenson-Robinson,(783)651-3073,victoriamullen@ross-long.info
8676,Julie,Neal,Andrews-Kidd,541-899-8390x29996,mortonkristie@snow-kirk.com
8677,Frederick,Esparza,"Branch, Cummings and Doyle",001-223-837-0084x201,freysherri@mcguire.org
8678,Jenny,Larson,"Mejia, Moss and Wright",(569)714-2863,mariamccullough@dalton.com
8679,Alexander,Beltran,"Vang, Skinner and Fletcher",5378749671,marcuscrane@holmes-valencia.com
8680,Garrett,Lopez,Richardson Group,373.579.7611,gibbsmarvin@burch.net
8681,Cheyenne,Arroyo,Barrera-Huynh,001-795-834-4538x30390,gloriafarmer@bailey-ray.info
8682,Erik,Rivas,Hunter Group,3224725327,mindy49@hull-prince.net
8683,Suzanne,Charles,"Tucker, Shea and Maynard",-8240,shericarey@cox.com
8684,Tracey,Glenn,Haley Inc,487.450.2974x091,pmathis@maldonado.net
8685,Mitchell,Dennis,"Keith, Copeland and Conner",4800699477,lorraineschaefer@norman-larson.org
8686,Felicia,Cherry,Compton-Zavala,064.440.8280x65879,christian86@pratt.net
8687,Jonathon,White,Barron-Charles,-9946,velasquezgwendolyn@keller-johnston.com
8688,Benjamin,Simpson,Thompson-Long,001-850-122-1419,bergkyle@calderon-bean.com
8689,Eric,Durham,Padilla-Schmitt,(346)909-1513x5215,andersenloretta@pruitt-figueroa.com
8690,Helen,Foster,Williamson PLC,1549836779,tracy70@dalton.info
8691,Darlene,Blevins,"Castillo, Collier and Gibbs",340.117.4220x05591,angie51@pacheco.biz
8692,Corey,Collier,Yates PLC,646.517.5105x383,allison49@schwartz-ortega.com
8693,John,Quinn,Sanchez-Daniel,820-599-7125x2023,fcastaneda@conner.com
8694,Jay,Blackburn,Barrera-Austin,001-585-419-9872,kjefferson@todd.biz
8695,Derek,Lutz,Schwartz and Sons,-1212,dannyjoyce@clarke.com
8696,Sherry,Atkinson,Alvarez-Wall,001-377-614-6491x646,alijo@livingston.com
8697,Hector,Hubbard,Wall LLC,2659846705,nedwards@jennings.net
8698,Rose,Holloway,Ayers-Oneill,+1-751-825-0161x4420,rojaskarl@harrell-chandler.biz
8699,Kerry,Roth,Freeman-Oconnell,587.174.5267,xpierce@brown.com
8700,Tammy,Wall,"Grant, Hughes and Whitney",+1-307-128-8264x4296,gmclean@mccann.com
8701,Tabitha,Steele,Daniels PLC,473.609.8772,alfred48@rhodes.info
8702,Gail,Yang,Cameron PLC,3811227556,mmiddleton@hodge-curtis.com
8703,Tanner,Sparks,"Hines, Chang and French",507.969.8051x0669,mvelazquez@wheeler.info
8704,Sheri,Holder,"Randolph, Simpson and Oconnor",(058)581-8175x791,cory26@allen-gonzalez.com
8705,Dennis,Sutton,Buchanan-Mcclain,2877514403,lfuentes@levy-atkins.biz
8706,Rachel,Moreno,Villarreal-Quinn,5044809426,lancemorgan@castaneda.com
8707,Chad,Hobbs,Underwood Group,001-566-834-0485x244,dorseynathan@moore.com
8708,Jaime,Allison,Winters-Bruce,874.570.1802x2775,haley47@petty.com
8709,Brady,Haley,Atkinson-Newton,+1-315-628-5566x636,caroline04@blanchard-nichols.com
8710,Glenn,Chambers,"Mckinney, Chase and Beltran",138.494.0884x0515,havery@logan.com
8711,Bonnie,French,Cross-Hall,001-344-605-5557x23199,arielbrowning@gutierrez-mccoy.com
8712,Raven,Krause,Deleon Inc,001-408-146-1021x55726,ellenweiss@hester.com
8713,Robert,Huerta,Rodriguez and Sons,062-512-5488x42310,janet46@morrow.com
8714,Willie,Faulkner,Morris Inc,610-045-1676x8428,mbailey@henry.com
8715,Taylor,Buckley,Lynch Ltd,714.623.2103x115,helen11@irwin.com
8716,Robert,Bird,Cain-Lam,(677)882-5967,ninaknapp@moon-frank.biz
8717,Beverly,Myers,Pittman LLC,825.290.7682x7257,cespinoza@ponce.com
8718,Mark,Craig,"Terry, Evans and Villa",+1-319-289-2855x802,troy07@moody.org
8719,Krystal,Villa,Luna-Hunter,285.281.0977x991,vickihoward@hardin.com
8720,Jenny,Webster,Palmer Ltd,012.346.8978x032,eyork@hanson-york.net
8721,Beth,Schroeder,Acosta-Murillo,029.761.7667x850,heidirivera@shepherd-huffman.com
8722,Malik,Strickland,Obrien-Rowe,001-885-519-8775,joycerobles@green.biz
8723,Beth,Boyer,"Moyer, Hicks and Mendoza",(091)695-6906x10743,anita47@harvey-blair.com
8724,Alice,Conley,Hull-Dixon,995.404.7330,kcooper@pacheco-hale.com
8725,Nicole,Everett,Garner PLC,6608642817,chrishunt@trevino.com
8726,Jay,Cortez,Huang-Rangel,(505)872-9800,brendanparks@sexton-mccall.com
8727,Courtney,Proctor,"Pham, Escobar and Suarez",6663103915,arthur49@dickerson-young.com
8728,Marcia,Andrade,Pruitt-Hull,+1-447-154-7267x68144,mwelch@nguyen.biz
8729,Jackie,Valenzuela,Chandler Group,-10118,kristaterrell@gilmore.com
8730,Marcus,Elliott,Lucero-Kelly,296-521-2766x30364,carla80@velez.org
8731,Gene,Knapp,"Huff, Valencia and Donaldson",(563)983-3373,charlotte91@brennan.net
8732,Alec,Guerra,"Shepherd, Rodriguez and Mendoza",9161178344,cochranjasmin@fuller-mcneil.com
8733,Donald,Dougherty,"Mooney, Bullock and Potter",179-093-9425x56150,glenandrews@brandt.com
8734,Parker,Farley,"Cannon, Leblanc and Travis",450-682-8429x99230,padilladiana@clements.com
8735,Madison,Hooper,"Kemp, Blackburn and Powell",+1-021-482-4675x22608,brojas@washington.info
8736,Alexander,James,Goodman-Meyers,352.377.9718x21501,tannermoore@cabrera.biz
8737,Adam,Galvan,Shepard PLC,766.355.8190x0352,terrichandler@duke-zimmerman.com
8738,Charlene,Doyle,"Russo, Horne and Giles",2842429831,townsendedgar@moyer-roberts.com
8739,Henry,Webb,"Crane, Faulkner and Zavala",(180)872-2244x5941,marciabush@murillo.com
8740,Alicia,Park,Dalton LLC,001-446-747-2317,brightjessica@hunt.net
8741,Melissa,Marks,"Sawyer, Craig and Parrish",392-816-3119x7640,kerrywright@brandt.com
8742,Louis,Little,Robertson-Barber,001-261-321-7079x54831,kramirez@mullins.com
8743,Jared,Cummings,"Alvarez, Rios and Mendez",001-560-847-3899x5963,qbaldwin@hoover-stein.com
8744,Rebekah,Velazquez,Goodwin PLC,181-767-3457x847,steeleisaiah@buckley-bradford.com
8745,Jerry,Sweeney,Mccarty PLC,154.442.9260,mcdanielmelvin@jacobs.biz
8746,Loretta,Vaughn,Douglas-Barr,467.711.8987x6833,hansencassie@meyer.net
8747,Chelsea,Forbes,Silva Ltd,+1-000-143-3002x758,kelseymontoya@roberts.com
8748,Heather,Mcintosh,"Gibson, Stokes and Perkins",(274)445-8615x700,nortongeoffrey@shepherd.org
8749,Jay,Duffy,Solis-Olson,975-325-8021x14161,mitchellheidi@woodward.biz
8750,Shelly,Newman,Rollins-Jacobs,651-454-3777,ychristensen@hopkins-odom.biz
8751,Cassidy,Quinn,"Bradford, Melton and Ryan",388-096-4068x4828,ebonypollard@huang.biz
8752,Debra,Mcguire,Howard Group,001-031-702-4504x317,edwardcrosby@munoz-khan.com
8753,Rhonda,Hartman,Fuller-Maynard,(264)095-7033x566,brett46@flowers-delacruz.biz
8754,Tanner,Salazar,Miles-Clarke,(400)588-3828,thowe@rocha-melendez.com
8755,Robert,Huerta,Levy Group,338-367-8536x415,graveskerri@heath.info
8756,Leon,Vega,Barron LLC,746.302.5480x15080,sdeleon@jennings.com
8757,Summer,Hamilton,Walls Inc,(746)509-6274x2323,vsimmons@alvarado-evans.org
8758,Terrance,Randolph,Ramirez-Hoffman,331.475.0387x216,pollardronald@mcbride.net
8759,Alejandra,Holden,Krause-Johnson,011-015-0897x4782,vincentwendy@prince.com
8760,Traci,House,"Lewis, Newton and Boone",286.500.3556,brandy61@cohen.com
8761,Steven,Carroll,"Barr, Tanner and Soto",426-394-9604x4952,probertson@lopez.info
8762,Kristy,Griffith,"Baxter, Peters and Griffin",430.881.9982,miguel65@mendoza.info
8763,Kevin,Briggs,Hamilton Ltd,+1-524-726-4410x81381,barnesheather@nelson.com
8764,Loretta,Sullivan,"Collier, Kidd and Singleton",+1-894-764-9275x0638,kbarrett@calderon-lynch.info
8765,Kellie,Pollard,Hess-Miranda,795.873.1433x5028,weberkaylee@sosa.biz
8766,Jay,Collins,"Roman, Watson and Meza",498-452-9681x656,antonio28@foley.org
8767,Marcus,Park,Savage-Terry,(618)369-9002x70064,sydney29@jensen.biz
8768,Howard,Kline,Valencia-Wong,9478077311,parkertammie@perkins-hebert.biz
8769,Edward,Small,Mathis Group,702-799-8508x5124,joel28@reed.com
8770,Nichole,Parrish,Patton PLC,8674945527,gabriellamcmahon@levy-fernandez.net
8771,Sheryl,Montes,Harper-Henry,(046)398-3706,kwilliamson@sheppard.net
8772,Tracie,Huffman,Nunez and Sons,001-847-371-4371x2975,jefferyburke@lam.org
8773,Jenna,Brewer,Lowery Group,100-182-1362,merrittomar@rosales.com
8774,Phillip,Russell,Washington-Ball,001-890-679-1683x863,carriemeyer@fletcher.com
8775,Richard,Brock,Keith-Dunlap,001-738-579-0229x4453,yvette08@glover.com
8776,Julie,Key,"Schultz, Dickson and Perkins",418.938.7739,vsnow@shepard.com
8777,Kaylee,Roberts,"Forbes, Meyers and Owens",990.616.5166,robertocaldwell@mccann.com
8778,Mckenzie,Bradley,"Liu, Craig and Hendrix",001-937-119-3359x38186,sdowns@noble.com
8779,Helen,Oconnor,"Compton, Nash and Hubbard",001-021-827-2590,alanmendoza@booth-wolfe.com
8780,Sydney,Mcclure,"Dennis, Mueller and Ponce",347.959.3820,sophiacantu@mckee.com
8781,Candice,Crawford,Gray PLC,485.006.7348x1130,robin39@grimes.com
8782,Sierra,Underwood,Mccormick-Villa,468-877-5090x96462,holtvictor@middleton.org
8783,Eduardo,Terrell,Vasquez-Drake,912-564-1872,nicholasburgess@turner.com
8784,Tyrone,May,"Tran, Weiss and Wilkerson",247.713.0222x5116,benjamin26@lopez-krause.com
8785,Isaac,Evans,"Snyder, Medina and Fowler",(568)422-1975x35564,parkstyrone@horton-cooley.com
8786,Tyrone,Allen,Mcgee Ltd,600-327-6974x4767,randallroth@kramer-weber.biz
8787,Brooke,Proctor,Mcguire-Mitchell,907.544.3388,ymoody@elliott-dalton.com
8788,Betty,Bryan,Grimes-Lara,505-019-2831x6432,mdurham@mcmillan-kaufman.biz
8789,Kyle,Osborn,Sampson-Ramos,(548)649-8725x330,ekrause@carroll-montoya.com
8790,Marcia,Blanchard,Larson PLC,363.673.5433,nicholsdavid@schneider-krause.info
8791,Jeremy,Sloan,Harding-Roberts,092-788-9658,bray@chavez-rodriguez.com
8792,Latasha,Williamson,Suarez Group,(529)193-9533x758,bradshawdanny@collins.net
8793,Darrell,Mclean,"Leblanc, Pope and Baxter",001-194-295-7386x500,riosbenjamin@richards.com
8794,Allison,Roy,Horton-Maldonado,+1-393-992-6682x15632,lancemcknight@harrington.com
8795,Dave,Juarez,"Whitney, Russell and Massey",+1-018-954-1808x1042,richardsonglen@brown.info
8796,Annette,Willis,Sims PLC,653-983-4471,cdelgado@dunlap.org
8797,Vicki,Lloyd,Lynn-Marquez,791-822-6156,cristinaglenn@nash.org
8798,Hayden,Weeks,Berger LLC,+1-036-657-4722x0770,brittney86@jacobson-suarez.biz
8799,Tanya,Holmes,"Mooney, Everett and Hayes",001-437-227-6258x9743,gregmunoz@greene.com
8800,Geoffrey,Pollard,Glass and Sons,022-051-3464x18580,cody55@carter.com
8801,Marie,Walter,Dawson-Farley,776-593-6747,gmcdowell@mathews.com
8802,Dwayne,Reeves,"Hancock, Kelley and Simmons",415-744-5631x238,treese@guerrero.com
8803,Kristina,Zuniga,Finley Inc,+1-174-679-7391x9963,reynoldssuzanne@molina.org
8804,Taylor,Zuniga,Watkins-Nunez,001-178-309-4489x647,rweeks@gates.com
8805,Terry,Grant,"Rivers, Pratt and Frederick",958-595-0813,eatkinson@barr.biz
8806,Joseph,Phelps,Munoz Group,001-210-775-6115x599,upugh@collier-mccall.com
8807,Cynthia,Dunlap,Rodriguez-Bray,6201790430,malikrush@bullock.com
8808,Claudia,Molina,Chung-Morales,(123)787-6755x4934,powellterri@wiley-knight.biz
8809,Chad,George,"Houston, Ferguson and Hawkins",262.724.5156x0726,aaron43@scott.net
8810,Sheila,Murillo,Daniel-Fowler,(870)732-9221x44014,anthonyhouston@vasquez.org
8811,Ebony,Andrews,Patrick Ltd,001-479-640-1721x42340,karimeyer@goodman-spears.com
8812,Shari,Evans,Drake-Griffin,605-883-5454x1048,finleydaryl@moreno.info
8813,Rachael,Cole,Hardin-Key,(553)219-4597x87098,caitlynweaver@boyer.net
8814,Kylie,Simon,Barajas-Bonilla,001-914-748-8049x2509,emma97@shannon.biz
8815,Nancy,Hays,Vega-Guerra,001-541-709-5989x85241,lanesharon@allison.biz
8816,Anthony,Morris,"Gutierrez, Gilmore and Bowen",388.333.0006,ustokes@duncan-navarro.net
8817,Zachary,Rhodes,"Mata, Rubio and Buckley",(166)952-8334x8466,ipeterson@zimmerman-castaneda.com
8818,Sergio,Ibarra,Wiley PLC,001-200-357-3981x547,chasejoel@blevins.info
8819,Bethany,Dunlap,Delgado Group,594-454-5947,jcantrell@nichols.com
8820,Ricardo,Davidson,"Burch, Alvarado and Abbott",363.669.8954x370,johnkirby@fischer.org
8821,Fernando,Livingston,"Ibarra, Ward and Mcdonald",971-068-8115,olsenmario@fernandez-wheeler.com
8822,Angela,Davila,Parks Group,(148)886-4742x321,bakerana@leon.com
8823,Alan,Shah,Herring PLC,697-900-0698,glenda65@scott.info
8824,Jesus,Merritt,Mcneil PLC,+1-424-507-7659x498,theresacampos@fry.biz
8825,Bill,Valentine,"Macdonald, Sherman and Lewis",001-831-788-0268x50503,timvazquez@wade-wolfe.com
8826,Hector,Pollard,"Glenn, Holder and Hickman",407.887.1884x68438,lydia59@flores.net
8827,Ray,Cobb,Mccall PLC,823-942-0556,carolvasquez@keith.info
8828,John,Webster,"Salas, Blanchard and Nelson",001-582-334-6839x44388,tamarakline@lewis.biz
8829,Kent,Lutz,"Bean, Rasmussen and Mason",419.485.1758,pstuart@merritt.com
8830,Jason,Clarke,Brewer-Walls,172.440.6818,bateseileen@mcgee-buck.biz
8831,Rita,Bennett,Little Group,592.542.7810x69332,qavery@allison.org
8832,Taylor,Cline,"Shaffer, Serrano and Schultz",(457)300-1166x9980,robertsonsteve@petty.biz
8833,Spencer,Hess,"Crane, Wilcox and Murillo",001-101-057-1889,manuel10@gordon.org
8834,Terri,Reilly,Rocha Inc,4645996218,chunter@ferrell.net
8835,Kirsten,Barrera,"Ryan, Gardner and Massey",329334615,selena27@blair.com
8836,Francis,Pratt,"Hardin, Werner and Hansen",861.186.4958x8052,glenda88@lara-nunez.com
8837,Alejandra,Rodriguez,Sanders-Holland,5694971350,fosterjim@byrd-hurley.info
8838,Mariah,Rowe,Pearson and Sons,001-038-982-6426x99858,dominguezmichele@willis.com
8839,Shelia,Barrett,George and Sons,549-766-1751x422,zbrennan@morales.com
8840,Cameron,Dyer,Valentine Ltd,(332)412-0936x9518,hho@cunningham.com
8841,Sonya,Porter,"Mcpherson, Larson and Tapia",(602)378-7928x119,norrisricardo@fitzgerald-james.com
8842,Chelsea,Nunez,Miranda PLC,3593661900,zhuffman@valencia.com
8843,Hunter,Snyder,Sharp-Mcmahon,828.340.4895,yodonnell@barrett.com
8844,Jorge,Greer,"Knapp, Massey and Sherman",266.282.0363,connor78@stein-cohen.com
8845,Traci,Hester,Norris-Bowers,752-942-8899x05926,mccallbeth@gentry.com
8846,Hayden,Prince,"Ward, Harper and Baker",(101)061-9484,sburch@parrish-pierce.com
8847,Patrick,Best,"Arnold, Hodge and Gardner",001-652-528-1079x96871,harrismercedes@guerrero.com
8848,Adam,Spears,Yu-Hahn,9313302703,luke67@garrett.com
8849,Leah,Pacheco,Burke LLC,097-148-7216x5496,davenportpeggy@oconnor-rogers.com
8850,Jordan,George,Sherman and Sons,906.650.2159,elliottveronica@madden.info
8851,Cathy,Marquez,Reed Ltd,001-032-736-3590x45349,paigeward@orozco-francis.com
8852,Shaun,Henson,"Mendoza, Hill and Austin",001-261-852-4671,sbarry@vazquez-moss.com
8853,Tyrone,Walter,"Barajas, Holmes and Figueroa",+1-823-856-3583x153,jessicamooney@wang.com
8854,Alexa,Jensen,Reeves Group,(162)945-9855,mike61@maxwell-mcmillan.info
8855,Mandy,Townsend,"Zimmerman, Pollard and Lynn",(025)172-1377x578,garyskinner@gentry.com
8856,Dominique,Burgess,"Le, Goodman and Stephenson",(562)238-4648,jmack@acosta.info
8857,Nicole,Gray,"Olson, Clayton and Delgado",+1-521-197-5306x359,snydervernon@cervantes-johnson.biz
8858,Emma,Cuevas,Santiago PLC,001-157-395-6861x8224,chrislarsen@benjamin.org
8859,Destiny,Travis,"Hobbs, Santos and Phillips",315-697-0779,shariconrad@watts-miranda.com
8860,Andrea,Bush,Harmon Ltd,549.898.4183x25412,zimmermanshane@sharp-curtis.com
8861,Julie,Wheeler,"Henry, Wilkins and Cervantes",8723292156,kirbymeagan@obrien-rosales.com
8862,Lynn,Potts,Pacheco-Copeland,035-380-7740,jessemarsh@shaffer.com
8863,Gabriel,Carey,"Manning, Lutz and Cabrera",070-494-8581x988,bonnie87@vaughan.com
8864,Jacqueline,Burton,"Schultz, Swanson and Patel",6329386752,wmoon@brennan.com
8865,Kristi,Gilbert,"Craig, Howard and Potts",(092)982-3942,tammie24@chapman.com
8866,Stefanie,Rosario,"Porter, Luna and Christian",467-641-7345,roachcarly@roy.net
8867,Madeline,Duke,Ferrell-Edwards,531-477-9294x518,howardstephanie@thornton.com
8868,Isaiah,Ramirez,"Trujillo, Rios and Browning",687.801.6794x53241,chelsey49@dean.info
8869,Priscilla,Gay,Ball Group,(479)839-1167x978,lawrence85@andersen.net
8870,Marissa,Molina,"Underwood, Mckee and Blackburn",673-415-1649,cassandra13@byrd.com
8871,Hailey,Taylor,"Schwartz, Hubbard and Ray",001-256-182-9657x77775,cassidybaker@dunn-haynes.biz
8872,Micheal,Mercer,Travis-Reeves,625-812-1157x1827,jeffperez@vance.com
8873,Mckenzie,Salinas,Aguilar-Johnson,001-556-715-2581,alexander17@casey.com
8874,Albert,Wagner,"Mosley, Parsons and Solis",980.959.6734,bautistapaul@reyes.info
8875,Noah,Powers,Joyce-Carlson,(758)299-6422x283,lawsoncarlos@miranda.com
8876,Chris,Meyer,Cantu-Poole,+1-717-071-3102x211,alvaradojean@rose-suarez.info
8877,Clarence,Young,Randall Ltd,012-529-4229,aprilprice@carey-huynh.com
8878,Kellie,Deleon,Andrews Group,(815)490-5347x930,erikasanchez@morales.com
8879,Carla,Richard,"Pratt, Cowan and Grimes",(665)813-4793x9528,guerrerokaylee@curry-briggs.com
8880,Lindsey,Adkins,Hunter-Ponce,354-878-8641x76321,katherineshields@ryan-dickerson.com
8881,Sheila,Palmer,"Rhodes, Dillon and Yates",001-977-694-0585,buckleylisa@howell.org
8882,Nancy,Wolf,"Richmond, Booker and Gibbs",+1-778-677-4025x4669,tanya78@waller-logan.com
8883,Monique,Underwood,Boyer-Cline,(310)099-4843x68452,bmeyer@norman-olsen.info
8884,Adam,Duran,Randall-Wells,001-668-199-9173x60209,hblake@mcgrath-gregory.com
8885,Priscilla,Baldwin,Key-Mcdaniel,(819)764-8716x563,sheenaodom@gross.com
8886,Joe,Evans,Todd PLC,001-910-852-7106,zball@bartlett.biz
8887,Johnny,Reyes,"Wiley, Richardson and Schultz",001-605-049-6190,reneemcmahon@gray-anthony.com
8888,Janet,Kemp,Acevedo-Turner,001-665-529-1162x9948,humphreydevon@spence.net
8889,Tim,Silva,Cantrell-White,020-249-1615x7738,dan16@stanley-dixon.com
8890,Janice,Zhang,Mccullough Ltd,6639319032,belindawiggins@santiago.net
8891,Roberto,Shelton,"Wyatt, Hunt and Durham",001-073-585-5415x10160,foxclaire@strickland.biz
8892,Patricia,Byrd,Aguilar-Mckay,(865)674-4330x677,uguerrero@oconnor-hutchinson.biz
8893,Clinton,Short,"Yang, Braun and Zuniga",001-913-507-5286x01477,allen93@salas.biz
8894,Jeanette,Dodson,"Short, Faulkner and Black",(634)091-1993x3329,mcconnellalexis@bautista.com
8895,Valerie,Duke,"Simpson, Bean and Hart",211.021.1981x32853,christine54@higgins.info
8896,Tara,Wade,Durham-Fernandez,-4588,desireemorales@howell.com
8897,Vicki,Greer,Wu Inc,603-882-4766x9213,xcarroll@pierce-hudson.com
8898,Bradley,Cole,Allison and Sons,(570)289-7834x98658,georgeshawna@delgado.com
8899,Sergio,Fitzgerald,Ponce-Duncan,456-753-3168,espinozabernard@kaiser.com
8900,Howard,Chambers,Mcknight-Griffith,(316)964-2745x663,mckeebreanna@hoover-olson.com
8901,Sabrina,Simmons,Crawford LLC,(113)948-1807x5513,dorothyduarte@jenkins-mooney.com
8902,Reginald,Pacheco,"Kent, Garrison and Briggs",3836063976,iwatts@rowland.com
8903,Laura,Petty,"Hill, Mcpherson and Hernandez",(437)493-9021x439,perry53@skinner.com
8904,Dillon,Padilla,Campos Ltd,(920)240-7503,isutton@perry-boyle.net
8905,Dan,Glass,Melton-Copeland,001-440-770-5539,edward61@lawrence.com
8906,Tami,Hughes,"Day, Harris and Bowen",(073)073-4372x75351,lauriewaller@trujillo-mejia.net
8907,Brianna,Wheeler,"Haas, Walker and Roth",+1-793-798-7763x72358,evan67@huber.com
8908,Tommy,Fields,Hanson-Cowan,-7755,lgamble@stewart.info
8909,Vicki,Manning,"Stewart, Hurley and Gilmore",(461)625-2889,amckinney@york.com
8910,Rose,Kaufman,Conley-Crawford,001-956-518-9012,khughes@camacho-ross.com
8911,Sherry,Walter,Kane Group,(885)482-9247,morgan37@rhodes-becker.com
8912,Fernando,Mcdaniel,Gardner Ltd,721.024.1390,kgonzales@figueroa.net
8913,Caitlin,Stanley,Espinoza and Sons,362-226-7785,herringariana@evans-stein.com
8914,Jerome,Vaughn,Frye Inc,+1-564-376-5101x404,laurabraun@love.org
8915,Lacey,Harrington,Durham PLC,-10958,mandyfrancis@mccall.org
8916,Theodore,Carson,"Mays, Johns and Landry",001-082-961-0596,rachaeldonaldson@byrd-schaefer.com
8917,Clayton,Reeves,"Best, Jenkins and Dickerson",985.171.2891,shirley09@moore.com
8918,Alvin,Montgomery,Spears-Anderson,786-149-6443x946,tbraun@brown.com
8919,Debbie,Hurley,Bowman PLC,(131)846-4194,lebob@fleming.com
8920,Elaine,Pham,"Henson, Maldonado and Cole",156-075-1370x5842,caitlin46@rose.net
8921,Madeline,Woodard,Dodson-Flores,-9402,uadkins@ramsey.info
8922,Colton,Macias,Preston and Sons,(982)788-4726,jason37@heath.info
8923,Mitchell,Hamilton,Patrick-Guerra,001-223-448-7598,prestonspence@montoya.com
8924,Mikayla,Roach,Yang-Alvarado,(287)827-6054x274,dpowers@wolfe.org
8925,Alexa,Roberts,Harrell Inc,+1-635-101-9334x5690,crodriguez@ellison-archer.org
8926,Marvin,Andersen,"Bowers, Lynn and Hudson",(689)775-3077,nbarry@watson.biz
8927,Beverly,Golden,Bright-Porter,001-580-400-9534x8180,arianagordon@ball.net
8928,Phillip,Li,"Choi, Lamb and Campbell",-6820,kerry80@marquez.com
8929,Doris,Waller,Yates Group,(110)520-4824,ramseyleah@coleman.info
8930,Xavier,Cuevas,Macdonald-Weaver,4544952912,isabel33@adkins.com
8931,Grant,Frost,"Rodgers, Washington and Key",351-660-8868x687,clementsleon@sexton.com
8932,Cassidy,Ramos,Patel LLC,+1-104-606-5003x467,cdickson@brooks.info
8933,Frank,Navarro,Guerra-Holland,001-874-168-4505,janice95@bonilla.info
8934,Daryl,Vance,Sandoval-Decker,645.469.0849,alanbrennan@berger.com
8935,Cathy,Boyd,Coleman and Sons,7445930888,teresavillanueva@clements-moon.com
8936,Julie,Sandoval,Best Inc,4220918701,jean32@barnes.com
8937,Cheyenne,Grimes,Black-Benson,001-819-270-5276x94829,ralph05@whitaker.com
8938,Tyler,Mendez,"Gonzales, Escobar and Velasquez",(128)608-5220,pponce@montgomery.net
8939,Terry,Schroeder,Mcdaniel-Jarvis,001-413-651-7247x59759,jacksonmorris@ramos.com
8940,Keith,Mcfarland,"Stanton, Griffith and Marshall",001-617-436-1720x2596,acostamorgan@freeman-perry.net
8941,Elaine,Webster,Woodard-Simpson,+1-644-333-9419x42069,castrogeorge@hodges.net
8942,Kyle,Peterson,Frazier PLC,+1-519-027-7620x5445,jill17@mcmahon.com
8943,Ralph,Gonzalez,Pham-Park,(955)592-2996x37256,kaitlinsutton@yang-werner.info
8944,Kellie,Cortez,"Singleton, Hayes and Diaz",001-741-839-1507x1520,ymorrow@stanton.com
8945,Rhonda,Brennan,"Diaz, Edwards and Lowery",179.651.4321,maxlloyd@fry.com
8946,Dillon,Jefferson,Booker-Patrick,001-430-432-6706x0224,chasegriffin@estes.net
8947,Peggy,Cervantes,"Mata, Bradshaw and Bender",+1-206-690-3667x8103,mcgeelaura@ellison.com
8948,Spencer,Washington,"Wood, Jackson and Neal",(710)755-3103x832,stevensonwillie@rich.com
8949,Sylvia,Cain,Heath and Sons,084.463.4589x22776,luke12@carlson.com
8950,Kaitlin,Downs,"Dickerson, Shannon and Pierce",304.651.1421,wigginsmargaret@henson.com
8951,Meredith,Combs,Blevins-Baird,502.405.6504,bonnierich@lang.com
8952,Marcia,Brooks,"Lang, Le and Flynn",001-774-727-2932x540,zfoley@hubbard.com
8953,Laura,Ingram,Duncan Ltd,+1-872-486-5978x77870,sheryl29@hurley-kirby.com
8954,Edward,Norris,Nielsen-Schneider,4037606499,pcervantes@preston.com
8955,Meredith,Lang,Watson LLC,(211)182-8110x55989,rangeljordan@blake-brandt.com
8956,Linda,Owens,Terry-Valenzuela,200-939-8603x870,loretta91@logan-chandler.biz
8957,Sherry,Dennis,Dorsey PLC,663.420.6861,edwardssteve@dalton.com
8958,Derek,Ashley,Wilcox-Key,127-809-9749x40834,mramirez@yang.com
8959,Jody,Tyler,Chan PLC,(520)185-6083x93875,colleen42@zimmerman-marsh.org
8960,Cassidy,Pace,"Shields, Cohen and Parks",(773)241-8675x99197,velasquezalan@maldonado.com
8961,Jeff,Braun,"Mercer, Horne and Sawyer",001-472-630-4548x20568,carlsonphyllis@petty.com
8962,Curtis,Hutchinson,Robbins-Harding,001-220-581-7090x77972,gleonard@fields.com
8963,Jerome,Villanueva,Rivas Ltd,237.467.2757x289,janicesims@saunders-waters.biz
8964,Isaac,Johnson,"Shelton, Carter and Kline",6045349457,sallyshields@morse.com
8965,Gabriela,Gilmore,Arellano-Price,(702)625-1409x62832,glenparrish@jarvis-padilla.com
8966,Carla,Mckay,Finley Ltd,456.773.4883x3682,brendagutierrez@rollins-cisneros.com
8967,Shirley,Rivera,Miles PLC,376.550.7943,jcopeland@bartlett.com
8968,Suzanne,Reilly,"Choi, Sanford and Knox",(713)513-4435x875,zcasey@reynolds.info
8969,Tracie,Henderson,"Adams, Morrison and Benitez",1332936881,cristian06@greer.com
8970,Olivia,Byrd,Merritt-Glass,(809)612-2444,farleysuzanne@marquez-brewer.com
8971,Justin,Juarez,Kane-Webster,018.529.4909x5327,sheriallen@berg.com
8972,Cameron,Collier,"Kidd, Horn and Salinas",+1-891-185-3118x79103,irobertson@johnston.com
8973,Deanna,Butler,Burnett PLC,+1-595-216-0434x984,jocelyn46@beard.net
8974,Sheena,Miles,Decker Ltd,858-242-8900,cmanning@leblanc.com
8975,Carrie,Whitehead,Herman-Parks,1590543838,lucerojaime@spencer.com
8976,Karla,Scott,"Frye, Singh and Hale",714-355-3994,gschneider@perez-beltran.biz
8977,Earl,Mcguire,"Keith, Ritter and Robles",405-267-1804x8169,kelly70@sellers.com
8978,Rachel,Nguyen,"Estes, Alexander and Henderson",(564)993-0418,lorettaharmon@serrano-caldwell.org
8979,Kelsey,Patrick,Bowen Ltd,8068322720,rcarrillo@griffin-hampton.biz
8980,Allison,Dyer,"Allison, Hahn and Shea",948-456-1121x19391,christensenmicheal@duncan.info
8981,Sally,Colon,Anderson Ltd,(222)471-6614x62867,victor77@lynch.com
8982,Javier,Mclaughlin,Michael and Sons,794.552.5165x2790,lori16@ward.com
8983,Bruce,Glover,Dillon-Blevins,6020746781,mannricardo@calderon.net
8984,Andrew,Arroyo,"Bernard, Potter and Mays",975-376-4277x1906,caitlin03@lowe.info
8985,Kellie,Noble,"Montgomery, Rubio and French",(875)077-2634,lgarza@griffith.biz
8986,Pam,Levine,Valencia and Sons,4205273240,adriennewilkins@taylor.info
8987,Sherry,Weaver,"Bishop, Frye and Herman",744.429.9012x302,robynpugh@kidd-taylor.com
8988,Jesus,Peterson,Cline-Benson,001-610-818-8971x29138,rileymcintosh@allison.net
8989,Andrea,Stevenson,Mercer-Mullins,852-521-3629x0599,mark93@cruz.com
8990,Paula,Cuevas,"Church, Richardson and Zuniga",(433)608-5132x439,gregorytroy@patel.com
8991,Mike,Monroe,Hall-Howell,001-773-125-2750x48846,maxwellblake@hall.info
8992,Glenn,Russell,Frazier-Petty,928-289-8831,rdunlap@jenkins.com
8993,Darin,Beltran,David PLC,+1-656-505-8539x7155,mjohnson@kemp.com
8994,Raven,Mcfarland,"Reeves, Tate and Nichols",(583)588-5168,fletcherbrent@bruce.biz
8995,Eric,Meza,"Williamson, Brewer and Valdez",583-441-9179,christian70@nielsen-underwood.org
8996,Darin,Mayer,"Carey, Bryan and Michael",+1-961-418-0345x5185,judycarpenter@vaughn.biz
8997,Desiree,Green,Molina Ltd,(978)607-7249,dylanfrazier@stevenson-watson.com
8998,Sara,Costa,Buck-Chapman,001-542-320-5321,guerrakenneth@villarreal.biz
8999,Sharon,Whitaker,"Miranda, Harris and Pope",293-323-2674,rhodesshelley@becker.com
9000,Rachael,Vazquez,Cain-Ashley,249-788-7240x49952,frostdestiny@hughes.info
9001,Rebekah,Lutz,Bryant-Nixon,+1-705-783-9895x11265,walshtraci@bishop.com
9002,Victoria,Dunn,Powell-Gallagher,602-200-8030x36161,heather99@beard.org
9003,Jody,Hess,Holland LLC,884.222.6470,vwalker@arias-alexander.com
9004,Andres,Frost,Mccormick-Maynard,-3403,judyreynolds@griffith-carpenter.net
9005,Sophia,Watts,"Li, Riddle and Oconnor",260-367-7328,chris21@werner.info
9006,Renee,Dodson,Nolan-Rowland,001-281-485-4039x93347,desireesimon@ward.com
9007,Tracy,Hendricks,"Wade, Hinton and Stanley",303-000-9339x149,stacey18@davis.com
9008,Alexander,Gentry,"Craig, Mayer and Preston",1778723538,mario23@wright.info
9009,Rhonda,Simpson,Lester Ltd,710-717-0077,hmejia@stevens.biz
9010,Daniel,Wood,Winters Inc,083.888.0137,derek47@park.biz
9011,Samantha,Cohen,Church Inc,001-689-971-2443x22978,epreston@moore.com
9012,Wesley,Zuniga,Tanner-Taylor,592-333-9307x1694,kelli91@fischer.com
9013,Latoya,Graham,Barber-Haas,001-664-386-8698x684,mirandacaitlyn@payne-hayden.com
9014,Jose,Mejia,Guerra-Mcpherson,001-792-268-9308,frankcantrell@vance-shields.com
9015,Stephanie,Mckee,Francis-Braun,062.157.6998,omcneil@cortez.org
9016,Carmen,Vazquez,Goodwin-Galloway,516.398.5427,andrew61@duncan.com
9017,Javier,White,Oconnell and Sons,(776)350-2671x056,zachary69@burch.org
9018,Carlos,Marshall,Rocha-Ritter,+1-096-697-9648x71558,bullockariel@butler.com
9019,Joanne,Santana,"Francis, Garrison and Raymond",001-505-425-3824x6531,hwoods@boyd.com
9020,Connie,Little,"Davila, Esparza and Marsh",606.150.6966x8865,meyercaitlin@wise.com
9021,Bryan,Haas,"Hopkins, Chapman and Roman",5171125529,jlawson@robinson.com
9022,Brittany,Ochoa,Velazquez and Sons,(246)497-0979x1769,rhodeswhitney@bond-estrada.net
9023,Stephanie,Powell,Luna Ltd,001-160-263-6926x271,andreabyrd@bates-waters.biz
9024,Melody,Glover,Juarez-Gregory,218.224.2851,yvonne38@flynn.com
9025,Dennis,Galvan,Burke-Merritt,(163)039-4045x36238,paige61@hayden.com
9026,Helen,Walters,Montes and Sons,001-824-779-6337x989,bensonjonathan@adkins.com
9027,Thomas,Schneider,"Massey, Warner and Knapp",768-743-4708,cunninghamkyle@rocha.info
9028,Andre,Villanueva,"Butler, Benitez and Howell",001-683-181-4194x04677,chelseyyork@willis.com
9029,Jaclyn,Montgomery,Chaney-Chan,7007454605,cindyfitzpatrick@buckley.com
9030,Samuel,Flores,Friedman-Mack,001-264-663-6201x598,gloveradrienne@stanley.com
9031,Ronnie,Buck,Nielsen Inc,265-024-7870,haletonya@oliver-mccann.com
9032,Katelyn,Proctor,Alexander Group,(261)443-8233,mitchellpaige@adkins-dawson.com
9033,Ian,Drake,Osborn Group,884-650-7593x75415,francisco01@osborn-hays.com
9034,Jeanne,Stout,Garrison Group,552-546-8104x50352,ischneider@decker-burns.com
9035,Greg,Martinez,Conrad Inc,001-524-780-1377x51619,steve84@norris-zavala.net
9036,Toni,Nash,Davis Group,623.835.5112x8429,autumnbrennan@estrada.org
9037,Carl,Whitehead,"Carter, Mckinney and Perry",152-804-3798x0744,marie46@norman.com
9038,Gwendolyn,Mosley,Lin Group,(091)050-1265,huntergalvan@mercer-norton.biz
9039,Tamara,Hoover,Hunter Ltd,9989082866,mariah42@arroyo-pratt.com
9040,Madison,Livingston,"Bender, Beasley and Barrett",110.948.6180x0924,gilbertrollins@church-townsend.com
9041,Dan,Blanchard,Romero-Le,576-466-1267,eddiepotts@ayala-austin.com
9042,Laurie,Blackburn,"Holt, Meyers and Sharp",7275517486,chenselena@cochran-fuller.info
9043,Alexa,Arias,Aguirre-Clay,859.557.6047x8042,hector07@gallagher.com
9044,Zachary,Duffy,"Duncan, Wolfe and Bates",697-273-2831x6190,sheakristen@schmidt.com
9045,Joe,Porter,Roach-Howe,661-713-6106x160,mayomonica@santana.com
9046,Jenny,Nichols,Wood Group,3064300351,vfranco@wade.com
9047,Jaime,Burnett,Vega and Sons,001-022-466-2918x7201,cherylserrano@ballard.com
9048,Francisco,Higgins,Blankenship LLC,001-985-110-5237,lorrainepugh@novak-berg.info
9049,Vincent,Wilcox,Robbins-Leach,001-986-349-5739x5674,donaldmeadows@krause.com
9050,Leon,Mckee,Hartman-Ashley,001-565-864-1872x3520,autumn51@stuart-monroe.com
9051,Erica,Zuniga,"Manning, Golden and Ellis",001-238-449-9212x6937,gpatel@best-blackwell.com
9052,Jeanne,Smith,Matthews-Richmond,913.427.2493x317,ypaul@frederick-fuentes.com
9053,Kent,Bartlett,"Patel, Andersen and Dillon",(035)056-1952x96055,uchase@hamilton.com
9054,Autumn,Oconnor,Holden and Sons,030.225.3531x74091,ashley14@frye-meza.com
9055,Jimmy,Estrada,Benitez and Sons,(083)128-6767x78772,foxxavier@fernandez.com
9056,Deanna,Tapia,Torres-Hampton,001-428-928-4516x11954,derekmayo@randall.com
9057,Autumn,Sims,Guerrero and Sons,+1-352-652-3975x765,qmccormick@walter.com
9058,Evelyn,Carrillo,"Moran, Henderson and Wilson",001-417-691-5231x4498,jgould@rhodes-fletcher.com
9059,Perry,Lee,"Duran, Byrd and Dudley",001-157-122-0632x746,wyatt11@kline.com
9060,Marvin,Hunter,Pruitt and Sons,344-642-0451x68163,bcurtis@sanford-mcfarland.net
9061,Rachael,Branch,Rodgers-Rush,+1-853-971-0009x013,jeffwebster@marshall.com
9062,Edward,Yates,"Graham, Mendoza and Hale",858-408-7425,sawyervickie@french.org
9063,Johnny,Leon,Ballard-Gentry,721-354-6328x4443,sandersnathan@kirk.biz
9064,Darlene,Newton,Galvan-Thornton,+1-504-690-3605x996,reginafriedman@novak.info
9065,Jill,Nichols,Montoya LLC,455.560.8474,peggy91@sheppard-knapp.net
9066,Summer,Compton,Pitts Ltd,738-779-3783,kent72@wagner-daugherty.com
9067,Adrian,Shelton,"Kramer, Graves and Stuart",2326444838,uvillarreal@davidson-colon.org
9068,Michelle,Nguyen,Long-Valentine,(181)366-5073,santiagotheodore@dickerson-hardin.com
9069,Krista,Frey,"Hardin, Hickman and Bailey",722-826-8409x5907,ray89@pitts.com
9070,Shari,Mata,"Shaffer, Macias and Perry",-2596,wyattdougherty@neal.net
9071,Yvonne,Collins,"Paul, Shah and Pierce",001-077-852-5731x82409,allison03@herring.com
9072,Darlene,Gonzales,Herring-Moon,(918)056-7772,alvinriley@meadows.biz
9073,Carolyn,Farrell,"Durham, Costa and Deleon",(590)800-3740x2967,jacksharp@rojas-maxwell.org
9074,Derrick,Ali,Branch-Lin,047-953-1119,kerrimcfarland@larson.com
9075,Cristian,Bullock,Reeves Inc,+1-332-553-8919x99073,antonio41@horton.info
9076,Jason,Huber,Rocha-Lloyd,(789)861-5337x836,zunigatom@beasley-kirby.com
9077,Bryce,Washington,Bridges and Sons,075-652-0712x0547,ronald57@diaz-pratt.info
9078,Dennis,Joseph,Morse-Mckee,001-703-594-6539x54244,kendra81@vasquez-jenkins.info
9079,Sylvia,Maynard,"Garrett, Giles and Townsend",093-728-5767x4339,jackson92@mora.info
9080,Mariah,Pineda,Greene-Curtis,(167)216-1328,blankenshipjillian@davidson-mcdonald.com
9081,Renee,Kim,"Coffey, Sanford and Cochran",+1-054-331-4186x805,wherring@rangel.com
9082,Lauren,Walker,Alvarado Group,(187)432-9759x511,amandawilkins@williamson.com
9083,Perry,Ward,"Gillespie, Summers and Howell",(419)104-9206x16217,espinozagene@vaughn.net
9084,Phyllis,Olsen,Stewart LLC,-7240,sandynorris@juarez-blevins.com
9085,Karen,Robinson,"Vincent, Lester and Jordan",001-892-274-4604x859,brandylawson@pearson.com
9086,Barry,Parks,"Baxter, Robinson and Bean",7359307397,theresagonzalez@roberson-flores.org
9087,Vicki,Brennan,Mcconnell Group,3065885883,mccarthyisabel@madden.com
9088,Mark,Bennett,Martinez-George,001-535-467-3408x2538,dmcguire@randall-mccarty.biz
9089,Sophia,Schultz,Brooks and Sons,355.104.4169x7569,lucasweeks@carter.info
9090,Tami,Henson,Brewer Ltd,7645759366,suedavies@stafford.info
9091,Rick,Moss,"Ellis, Avila and Meza",+1-908-474-5745x76405,judyvaldez@hanson.com
9092,Edgar,Dominguez,Castillo-Shepherd,+1-857-125-3577x5496,pennynunez@park.com
9093,Adrienne,Grimes,Conley-Massey,001-470-380-0001x26435,daltonguzman@townsend.com
9094,Herbert,Douglas,Durham-Todd,036-689-1544x980,mitchell97@dennis.com
9095,Bruce,Austin,Haynes and Sons,843.938.8433x724,claire36@rivera.com
9096,Jasmine,Macdonald,"Cabrera, Carrillo and Massey",9231867516,micheal32@maxwell.com
9097,Madeline,Acosta,Farrell-Petty,3244133293,mclements@harper.com
9098,Ricardo,Kent,"Henderson, Franco and Espinoza",001-226-579-8250,fisherchristy@conner.com
9099,Cassandra,Barrett,"Ortega, Mercer and Mcconnell",(158)478-3054,drakemicheal@key-stanton.com
9100,Parker,Mejia,"Schroeder, Berg and Powell",112.984.6034,mollyford@cameron.com
9101,Keith,Kane,Finley-Gonzalez,883.736.3668x0430,emilyhenderson@quinn.com
9102,Monica,Trevino,Soto-Weeks,283.202.2686,waltonjack@dillon.com
9103,Connor,Reilly,Franco LLC,472.884.3868x0922,banksclayton@tran.com
9104,Ashlee,Mccann,Carr Ltd,001-225-227-0250x061,wallaceclaudia@mckee-parks.com
9105,Sean,Carlson,Kelly Group,4059279575,kenneth00@wagner.com
9106,Taylor,Sloan,"Wood, Parker and Stewart",+1-323-492-4679x517,griffinrose@blackburn-carr.com
9107,Sylvia,Love,Bradley PLC,(733)453-8147,markstricia@tyler.org
9108,Harold,Lester,Blackwell-Grimes,115-457-8745x792,jreeves@ross-woodward.com
9109,Donna,Woodward,Bradley-Ponce,001-580-548-8845x342,phurley@madden.com
9110,Larry,Vang,Wise Ltd,(424)344-4954,lloydarthur@warner.com
9111,Sean,Cisneros,Pineda-Lester,6194057528,fyang@zimmerman.biz
9112,Sonya,Andersen,"Rowe, Mosley and Stephens",417.387.6781x50654,yeverett@ewing-anthony.com
9113,Meghan,Castillo,Powers Group,(166)313-7099,henryrita@russell-shah.com
9114,Wanda,Mays,"Wolfe, Kaufman and Fischer",9475849787,randolphmackenzie@wheeler-huffman.com
9115,Luis,Lynch,Newton-Velez,001-431-322-3555x95376,caldwellbarbara@schroeder.org
9116,Cory,Davies,Lawson-Weaver,+1-010-450-2575x6933,masseyruth@hogan.com
9117,Jasmin,Bailey,Green-Flowers,+1-398-261-9977x26252,vargasjimmy@roach-gallegos.com
9118,Jessica,Reyes,Stone LLC,001-251-944-6068x2051,hebertamy@wang.com
9119,Felicia,Benton,"Ortiz, Burns and Richardson",797-569-1382,zproctor@mcpherson-dixon.biz
9120,Trevor,Davila,Everett Inc,001-033-405-5418,yorkdominic@frye-aguirre.org
9121,Nancy,Cline,Joyce-Sheppard,791-865-2383x90000,paulacortez@case.com
9122,Jenna,Dorsey,Hansen-Goodman,001-244-013-5029,jaime60@sawyer.org
9123,Earl,Byrd,Boyle PLC,324.731.1267x6051,russoglenn@burch.com
9124,Cole,Burke,Sanders-Reilly,915.431.8832,washingtonsharon@reed-wyatt.biz
9125,Christine,Daniel,Burnett-Sloan,328-249-4605x8660,shortalexis@townsend.com
9126,Adrienne,Colon,Shelton Ltd,722.689.6728x958,merrittariel@sharp.com
9127,Shari,Reid,Mccall-Carr,001-205-245-0903,stefaniecox@pruitt-chaney.info
9128,Douglas,Gross,Parsons-Key,+1-103-710-2409x79008,claire74@schwartz.biz
9129,Clayton,Frazier,Jennings-Chaney,(529)311-9853x870,gabriela68@morgan.com
9130,Dominic,Kirby,Morgan Inc,323-782-6070x859,owenmikayla@wheeler-watkins.com
9131,Chloe,Little,Ray-Ramirez,975.445.6479,pjoyce@scott-davidson.com
9132,Austin,Reynolds,"Davenport, Mccann and Conley",001-508-840-2787x59201,brayherbert@hart-hopkins.net
9133,Caitlin,Zavala,"Duarte, Jennings and Hale",4255996445,johnberger@dalton.info
9134,Bethany,Ho,Fitzpatrick PLC,+1-298-408-5719x522,flemingterry@moreno-boyd.com
9135,Shawna,Preston,Benjamin-Mcintyre,-3824,destinymack@soto-proctor.com
9136,Mitchell,Donovan,Ali-Gay,(646)366-1173x3107,combsjane@stein-molina.com
9137,Jason,Contreras,Flowers-Palmer,-4974,dawnbarron@stephens.com
9138,Ryan,Weeks,Tanner-Mcintosh,632.337.0482x287,vrichards@mclaughlin.net
9139,Debbie,Schaefer,Bird LLC,8041936921,danny46@alvarado.info
9140,Katie,Cook,Christian-Pratt,001-773-530-4329x07395,lecassidy@estes.net
9141,Christopher,Horne,Carey Group,-7203,casebrady@giles.biz
9142,Nathan,Vance,Walters-Simmons,001-958-750-5867x7744,kerrihess@kirk.com
9143,Aaron,Cooke,Ochoa Ltd,734.289.4618,tmooney@ferrell.net
9144,Meredith,Preston,Duffy-Brown,+1-735-957-0539x35329,lindsey45@michael-morales.com
9145,Annette,Hardy,Beltran LLC,881.775.9562,qfrye@ortiz.com
9146,Tammy,Kerr,Scott Inc,(990)286-4483x3753,qstuart@carr.com
9147,Savannah,Salas,Pugh Inc,7505518747,annette18@clay.org
9148,Carlos,Winters,"Wiggins, Potts and Ramos",001-180-221-6721,fodom@beasley.net
9149,Madison,Nunez,Hurley Inc,001-594-583-0165,blankenshipsierra@rios.org
9150,Neil,Shepard,Walters-Holt,+1-034-151-5408x300,edalton@fuentes.com
9151,Pamela,Carter,"Henson, Mooney and Sexton",187.966.6796,fitzpatrickroger@mccarthy-hall.com
9152,Katelyn,Shea,Best-Johnson,+1-493-172-0823x969,martha49@schultz.com
9153,Patty,Zavala,"Carlson, Yoder and Rogers",1224880629,reesepatty@mejia.biz
9154,Gregory,Ellis,"Davenport, Stephens and Mckee",286.316.9807,ostout@pineda.com
9155,Michaela,Finley,Dorsey Inc,001-836-114-5033x2565,zhoffman@blake.biz
9156,Holly,Miranda,"Allison, Kaufman and Benitez",878.096.0953,vfarley@serrano.info
9157,Ruth,Berg,Blankenship-Avila,8676370400,hollylindsey@mckenzie.com
9158,Jody,Odom,Mooney-Ali,329-025-9011x3344,joanne71@payne.com
9159,Brady,Rose,Zamora-Curtis,(924)980-9392,callahantyrone@powers.com
9160,Leslie,King,Wells LLC,-5602,summerstim@irwin.com
9161,Cassandra,Ho,Hickman LLC,(020)707-4490,caleb67@moran.info
9162,Victoria,Sosa,Marsh-Case,+1-541-366-9210x740,gregoryharmon@christensen.biz
9163,William,Waller,"Banks, Burton and Nguyen",240-244-7825x34088,renee45@lowery.com
9164,Debra,Benjamin,Hodge Inc,081.796.7546x527,andreachavez@carson.org
9165,Kerry,Richard,Sellers-Walters,001-876-896-5760,xavierhenry@liu.biz
9166,Mallory,Lee,Dunn-Mcguire,376-607-0099,hmarsh@snow-sherman.com
9167,Leah,Kirk,Dorsey-Tapia,(307)966-9533x63920,jeffersoncarly@austin.com
9168,Lisa,Schultz,Cochran-Wiggins,001-754-068-5069x13673,mccartyrickey@jennings.com
9169,Dennis,Benjamin,Joyce PLC,423.643.1091x97929,anna66@spears-harrison.com
9170,Anna,Estes,Sloan-Christensen,(708)515-5250x679,mackenziemartinez@bush.info
9171,Jon,Pineda,"Wiggins, Alvarado and Dunn",062-024-1970x2150,evan61@cobb-harrell.com
9172,Mindy,Horn,Cross Ltd,298-313-0078x414,cchase@rangel-donaldson.info
9173,Caitlyn,Harmon,Harvey-Rodriguez,+1-106-886-4454x90386,barrycolton@zuniga.biz
9174,Nina,Duran,Butler-Wise,001-184-303-2103x8788,zburton@gamble.org
9175,Shawna,Moyer,Guerrero LLC,001-767-297-3745x36977,mfernandez@norris.com
9176,Brent,Tanner,"Acevedo, Richardson and Stokes",444-976-6696,mcconnelldeanna@dalton.com
9177,Calvin,Garza,"Roy, Frederick and Wilkins",408-979-2338x3285,buchananmichaela@castro.com
9178,Eugene,Townsend,"Bright, Parrish and Figueroa",001-918-435-4268x804,adrienne41@gilbert.org
9179,Bill,Livingston,Cunningham-Weeks,6890621136,tylergutierrez@blair.info
9180,Harry,Wagner,"Hopkins, Glenn and Perkins",+1-742-148-0116x67472,carladonovan@hanna.com
9181,Guy,Warner,"Cantu, Webster and Berger",334.323.0900x9139,fvalencia@nixon.biz
9182,Warren,Jordan,Ibarra Inc,602.115.7202x324,hcameron@ingram.com
9183,Marvin,Garcia,Gallegos PLC,+1-099-680-6872x371,aaron59@hansen-durham.com
9184,Hayden,Rhodes,"Curry, Dunn and Travis",448-115-8504,tabithaglover@adkins.com
9185,Sandy,Robinson,Edwards-Villegas,+1-889-902-6495x56455,evelynalexander@edwards.com
9186,Hunter,Walter,Duke PLC,+1-890-156-3735x1915,jeanettehill@huff.com
9187,Leon,Russo,Hammond-Mccullough,303.439.4472x113,vincentmichele@osborn.com
9188,Sonya,Flores,Lawson-Yu,498-441-1668x77741,alectate@gamble.com
9189,Charlene,Alvarado,Burke-Gamble,380-688-1730x322,jessica73@orozco.com
9190,Adrian,Haynes,Diaz-Powers,(549)599-2465x0669,houstondon@wheeler.org
9191,Cristian,Orozco,"Duncan, Harrington and Acevedo",001-707-094-9478,sallybishop@shields.info
9192,Alejandro,Conley,Suarez-York,099.850.6431x14971,nelsonkari@thornton.com
9193,Destiny,Koch,"Li, Wang and Arias",001-030-542-5931x9391,bruceyolanda@elliott.com
9194,Sierra,Garrison,"Anderson, Deleon and Charles",462350123,johnny93@lowery-howell.com
9195,Dakota,Lucero,"Merritt, Abbott and Krueger",200853506,levihooper@rios-mclaughlin.com
9196,Darrell,Fernandez,Rivas Group,023.303.5132x4493,debralee@townsend-duncan.net
9197,Lisa,Hutchinson,Bond-Wade,301-244-9451,ukline@pace.com
9198,Jenny,Conrad,Carrillo Ltd,001-929-058-6696x983,eyork@key.com
9199,Jeremy,Ramirez,"Bailey, Weeks and Houston",001-357-821-8869x0092,gabrielramirez@knox-bush.com
9200,Marilyn,Middleton,Chang-Avery,598-002-6630,kylie10@schmidt.com
9201,Janice,Dennis,Delacruz-Rivera,-2201,oscarwalls@luna.info
9202,Harold,Kelley,"Solis, Castillo and Robles",171-911-9463x7193,espinozawanda@medina.com
9203,Cristina,Mcgrath,"Tate, Freeman and Rose",231.710.8158x778,carlcobb@mullins.com
9204,Nathan,Patel,Garcia-Wilkins,001-938-450-4307x31178,bartonmikayla@lambert.net
9205,Mariah,Chan,Mahoney Ltd,-8661,katelynmoore@buck.org
9206,Henry,Schaefer,"Calderon, Day and Boyd",(443)084-6897,lkaufman@walton.com
9207,Trevor,Gamble,Mathis PLC,134.568.0573,connorrocha@pope-ray.org
9208,Clifford,Dennis,"Heath, Parrish and Clayton",946.785.7367x273,parrishbenjamin@vaughn.net
9209,Luke,Whitaker,Hanson LLC,001-912-230-0189x07363,mariamoreno@flores-thompson.com
9210,Bryce,Arnold,Michael Group,(432)977-9198x0731,perezangela@reynolds-wells.com
9211,Juan,Kelly,"Roberson, Hartman and Graham",+1-899-632-7517x4940,ghogan@browning-stephenson.biz
9212,Darren,Houston,Gillespie LLC,001-351-378-6125x041,grimescasey@fitzgerald.com
9213,Felicia,Barry,Romero-Farley,309.277.3004x105,maciasaimee@singh.com
9214,Meredith,Christian,Mccarthy and Sons,908-224-0368x67018,pedro23@weaver.com
9215,Maxwell,Ferrell,"Frey, Koch and Waters",122-011-8412,isolis@garrison.com
9216,Regina,Estrada,Torres-Wood,274-378-4865x35144,gileskellie@patton.biz
9217,Marcia,Michael,Schroeder Inc,(768)336-2169x4540,huffdaisy@crane-barber.com
9218,Sophia,Meza,Hernandez Ltd,-3545,wsherman@harrison.com
9219,Kelsey,Huynh,Paul Ltd,9779087974,tricia17@hansen.info
9220,Cynthia,Vaughn,Lam and Sons,450-248-3738x11386,rossmeyers@lyons.com
9221,Zachary,Doyle,Pratt PLC,987.236.0149x69929,henrymelody@dean-villegas.com
9222,Oscar,Benson,Bennett PLC,170.875.0252x6958,hendrixbeverly@murphy-bauer.org
9223,Katie,Myers,"Petty, Olsen and Riley",001-134-055-7460x586,javiertate@ochoa.com
9224,Roger,Graves,"Mcgee, Robinson and Callahan",(733)829-6418,wesley80@dudley.com
9225,Francisco,Silva,Oconnor-Graham,001-806-573-9070x3586,natasha68@mccormick-mata.org
9226,Jordan,Faulkner,Giles-Eaton,754.747.8995,kristinkane@dorsey.com
9227,Theresa,Romero,Miranda-Larsen,(781)050-9214x21239,qwiley@pruitt-bernard.com
9228,Mary,Ballard,"Collier, Decker and Wade",(733)133-0404x62734,steelebriana@cummings.com
9229,Lydia,Lara,Reynolds Group,-1725,dquinn@banks-stout.org
9230,Virginia,Haas,Fleming Ltd,001-094-405-1821,devonduke@church.info
9231,Jake,Case,"Cruz, Perkins and Burnett",001-091-909-7619x8991,brycemurray@taylor-chandler.com
9232,Marissa,Oneill,Schwartz-Charles,140132738,blake12@rodgers.com
9233,Mia,Mullins,Lutz-Knapp,(515)713-6631x27102,finleysandra@porter.com
9234,Wayne,Moon,Mueller-Lutz,1837092300,frojas@cline.com
9235,Kimberly,Cortez,Ochoa LLC,(945)040-4248x037,marissagilmore@peterson-moss.biz
9236,Bobby,Franco,Brown Ltd,(200)144-0545,leviburch@gonzalez.org
9237,Aimee,Lucero,Andrade-Strong,+1-223-760-6945x38566,moonsara@benitez-nielsen.biz
9238,Mindy,Ball,"Avery, Robbins and Ross",001-571-725-7413,kbrooks@meyers.com
9239,Kirsten,Lucero,"Mack, Prince and Hooper",230-302-2955x868,washingtonbrianna@stewart.org
9240,Tyler,Swanson,Orr Group,584.995.5434,ggill@waters-nielsen.com
9241,Andrew,Hatfield,"Peterson, Krueger and Lawson",105.841.3640x49271,wrandolph@duffy-moore.com
9242,Tracie,Sandoval,Wise LLC,(897)395-7597x68624,dylan38@russell-ross.com
9243,Juan,Carey,Proctor Ltd,(992)650-9776,carly92@rasmussen.com
9244,Jorge,Buckley,Shields-Sharp,(416)131-8338,qdoyle@randall-best.com
9245,Trevor,Anderson,Luna LLC,790.986.0064,wyatt09@bender.com
9246,Gina,Maynard,Chang LLC,501-170-1904,fjacobson@mayer.com
9247,Sue,Hatfield,Chapman-Crane,(671)933-4795x759,ruben24@burgess.com
9248,Rhonda,Douglas,"Bishop, Stephens and Rios",860.426.1890x577,rcortez@cardenas.net
9249,Ariana,Pittman,Crosby PLC,(943)308-4551x858,odonnellwarren@chapman.com
9250,Edwin,Harrison,Hall-Mcgrath,+1-600-634-9836x70055,dennisstefanie@ortiz.com
9251,Brittney,Downs,"Merritt, Powell and Briggs",936-822-8317,zbernard@shaffer-christensen.biz
9252,Autumn,Leon,Levine-Silva,623-516-9557x1094,pottersue@garrett.com
9253,Julian,Rojas,"Hicks, Simpson and Vaughn",057-198-2404x552,parker63@bass.com
9254,Tricia,Clark,Gamble Inc,747-768-3935,lindsay90@mckinney-small.com
9255,Edgar,Watson,"Moon, Collins and Schmitt",692.496.7723,dyerpeter@dominguez.com
9256,Kent,Alexander,"Jennings, Robertson and Hobbs",358-024-7612,johnny08@jacobson.com
9257,Kristin,Downs,Collier-Graham,-9489,ydudley@sparks.info
9258,Caleb,Daniels,Frazier Group,(835)333-0959,asteele@conner.com
9259,Grace,Arias,Morales-Snyder,604.072.1987,oneillderrick@gregory-crane.biz
9260,Allison,Floyd,"Whitaker, Weeks and Mccann",001-242-423-3277x53744,ugordon@stone.com
9261,Adrian,Guzman,Mills-Kirby,001-644-065-0398x0336,paynetroy@carson.com
9262,Latoya,Cannon,"York, Rowland and Donaldson",943.911.4349x45806,meganramirez@vaughan.com
9263,Jean,Bishop,Dennis-Foster,001-559-490-1606x0571,lamariel@reed.com
9264,Cassandra,Duarte,"Daugherty, Nguyen and Mullen",+1-081-909-1649x7767,hardylarry@wall-watts.biz
9265,Krystal,Ochoa,Carroll-Francis,277.512.8885x904,heidimeyer@french.org
9266,Deanna,Mosley,Mcintosh and Sons,(628)217-6837,yvette62@graves.com
9267,Teresa,Keith,"Frederick, Ward and Bender",527-393-3044,mia10@branch.org
9268,Duane,Cantrell,Hart PLC,3923791841,russellstephen@baird-blair.org
9269,Jasmin,Blankenship,"Hopkins, Lyons and Rose",965.104.4343,melissafrost@johnson-strickland.com
9270,Bruce,Christian,Powell and Sons,001-816-400-9438x90252,oscarperez@cunningham.com
9271,Eduardo,Butler,"Kelley, Nash and Haley",229.850.3281,zoe09@roach-alvarado.info
9272,Riley,Burgess,"Sampson, Williamson and Shah",(514)188-6970x607,wuerica@hammond-powell.org
9273,Jessica,Harrington,Middleton LLC,418-745-8166x77000,cyates@burton.info
9274,Raven,Faulkner,Mason-Mata,+1-118-641-2818x301,greglamb@young.org
9275,Angel,Bryant,Small and Sons,6515152224,zguerrero@oneal-little.com
9276,Elijah,Huerta,Yoder-Bartlett,318.090.5271x76935,katelynrobinson@mayo.com
9277,Jane,Ochoa,Gilbert Inc,523-523-3824x146,solislinda@bender-salazar.com
9278,Tom,Haney,Atkins-Weaver,784-490-2068x3139,qarroyo@carroll-nicholson.net
9279,Darin,Davidson,Willis and Sons,176-061-9226,mvelazquez@wood.com
9280,Yesenia,Strickland,Ashley-Lamb,+1-716-495-0335x4105,wmacdonald@mendoza-ashley.com
9281,Kayla,Rowland,"Mckenzie, Rhodes and Carpenter",820.124.2247,collingay@mckay.com
9282,Kenneth,Hess,Bautista-Hendricks,+1-785-313-0998x02484,aramsey@yoder.net
9283,Leonard,Werner,"Watson, Daugherty and Wise",917.167.6509,maxwell72@whitaker.com
9284,Rickey,Stanley,Shepherd-Fleming,(620)533-6111,hoodbenjamin@reid.com
9285,Chelsey,Mooney,Norton-Kelley,+1-317-733-5760x6858,glendawong@key-sherman.com
9286,Diane,Montgomery,"Heath, Duarte and Estrada",001-945-446-8566,frank64@santiago.com
9287,Maureen,Johnson,Vaughn PLC,529-723-6871x9311,isaac80@mack.org
9288,Tammy,Marsh,"Huber, Stevens and Conley",161.762.3261x30064,jackie75@conley.net
9289,Alexis,Villanueva,"Lucero, Rivers and Chapman",413-139-1170,theodore09@gillespie.com
9290,Marie,Chan,Tate-Farrell,(800)982-4964,rogersricky@carrillo-olsen.com
9291,Sally,Patel,Villegas and Sons,176.853.1794x700,priscillahull@aguilar.net
9292,Jackie,Wong,"Duran, Cortez and Mccullough",772-065-3283,kathleenfranklin@cunningham.biz
9293,Kylie,Hayden,"Larson, Beck and Bean",9241820464,miranda40@nichols.info
9294,Alexandra,Barton,"Hughes, Schwartz and Haley",001-560-584-9505x67587,rdunn@stark.com
9295,Gavin,Wang,Andrews-May,2692595332,samuelhines@wheeler-carter.com
9296,Grant,Odonnell,"Lucas, Oconnor and French",001-040-596-9190,brian49@krueger-gill.org
9297,Yolanda,Haynes,Carr PLC,(898)601-9971,royhouston@parrish.com
9298,Jean,Bryant,"James, Daugherty and Conway",001-904-766-0197,ryan51@bailey-wang.com
9299,Judy,Escobar,Coleman Inc,001-042-275-5723,rstone@benton.com
9300,Isaiah,Mcdowell,Mckinney and Sons,202-935-0807x587,joananthony@franklin.com
9301,Mary,Koch,"Santiago, Berg and Mendoza",001-395-277-1371x1920,joyce65@hampton-stanley.net
9302,Elaine,Schultz,"Wyatt, Escobar and Valentine",001-830-314-0088x3584,noah24@dalton-keith.biz
9303,Brittany,Sanford,"Morrison, Reed and Leach",(177)759-2885x3465,carrollmarcus@larson.com
9304,Erin,Branch,"Cooke, Mccormick and Donaldson",001-124-944-1053,lameugene@freeman-mills.org
9305,Roberto,Villa,Richardson-Gallegos,5941442960,pingram@faulkner.biz
9306,Earl,Hebert,"Hester, Mcdaniel and Wiley",001-719-999-6391,deborahgentry@mayo-bolton.org
9307,Dillon,Bass,Massey and Sons,191-711-7985,carl79@reid-moore.com
9308,Sheryl,Huff,"Hanna, Foley and Avery",(655)914-7614,qwall@klein.com
9309,Margaret,Shaw,Zamora-Henderson,001-929-627-5704,xfrench@quinn.com
9310,Kiara,Kaufman,Ortiz-Bowman,001-384-495-6372,micheal60@knapp.com
9311,Tommy,Tyler,Chapman and Sons,952.474.3698,mharris@dennis.net
9312,Alyssa,Larsen,"Smith, Strickland and Floyd",001-469-707-4226x6636,carly44@warner.biz
9313,Dustin,Weeks,Malone-Gallegos,-9997,crodgers@griffith-barnett.com
9314,Maxwell,Carson,Sloan and Sons,-7022,diana67@church.org
9315,Jeanette,Harmon,Tran-Beltran,001-614-478-2933x20609,rhodges@hammond.com
9316,Patty,Morrow,Hale PLC,000.618.2439x599,nchaney@gill-galloway.com
9317,William,Mckenzie,Perry LLC,001-390-128-7726,wyattmeagan@nolan.biz
9318,Bernard,Marks,Bryant-Jordan,440-371-8918x4073,simpsonchelsey@clark-morgan.com
9319,Jordan,Collier,"Delacruz, Sweeney and Mckenzie",(588)467-4616,eddiewhite@short.biz
9320,Jose,Crawford,Vincent Inc,328-745-0380x49376,emilycamacho@brandt.com
9321,Kellie,Spencer,Chen Inc,281312710,everettalexa@mckee.com
9322,Jordan,Leonard,Perry-Mora,857.290.1217,damoncooley@powell.com
9323,Eileen,Andrade,Mccormick-Pierce,(837)663-1654,brandy77@david-brown.info
9324,Hunter,Maynard,Baird-Sandoval,5056175641,mitchell21@graham.biz
9325,Tim,Morrow,Lopez Ltd,648-503-3956,deckersabrina@durham-sutton.com
9326,Hayley,Browning,"Beck, Hahn and Todd",039.107.6083x19792,fstrickland@sharp-harvey.com
9327,Angie,Braun,Pope-Larsen,+1-018-085-8514x3327,zshelton@norman.com
9328,Joe,Zamora,Becker-Conway,815-083-9634,sherriochoa@benitez-munoz.com
9329,Donald,Shepard,Garrett-Williamson,8973675831,noah27@copeland.com
9330,Marco,Salazar,Burke Ltd,(264)553-9129x40137,tgilbert@valencia.org
9331,Edgar,Wilcox,Andrews Inc,+1-916-914-1601x1990,smcclure@hayes.com
9332,Leroy,Allison,Maynard Inc,-7144,craig58@wilkins.com
9333,Angela,Willis,Huber Inc,229-641-6306,aimee57@harrington.com
9334,Makayla,Jordan,Johnson and Sons,001-592-096-3097,ryancortez@reed.com
9335,Jackie,Decker,Holt Group,001-010-385-8318x20864,gritter@whitaker-benton.com
9336,Clinton,Mccarthy,"Mcconnell, Pugh and Powell",(491)608-1759,michealcooper@mendoza-conley.com
9337,Bernard,Logan,Ayala-Levy,(509)958-7972x54333,hurleychris@butler.org
9338,Erika,Camacho,Decker-Oneal,001-918-570-0266x6761,frank14@compton.com
9339,Darlene,Mcguire,"Brock, Peterson and Velazquez",727.691.2514,nvillanueva@bradshaw.com
9340,Kristy,Zhang,Solis Inc,-10913,jesus17@peterson-lewis.net
9341,Miranda,Bass,Clayton Group,+1-509-947-2448x7946,keithleach@sanders.com
9342,Alice,Fletcher,Mack PLC,999.548.6268,ronaldmatthews@buchanan-keller.biz
9343,Kiara,Goodman,Maldonado-Randall,001-678-533-1585x48526,hayleycannon@ayala.biz
9344,Daisy,Pitts,Patel-Joseph,-8868,bensoncalvin@garrett.com
9345,Kurt,Orozco,"Haas, Richardson and Mccoy",(648)190-7912x764,gillespiechristina@rogers.com
9346,Sara,Leon,Robbins PLC,-1818,lunderwood@acosta-ali.net
9347,Ray,Conley,Le LLC,001-908-611-3506x71290,heidi50@duran.com
9348,Christie,Jennings,Stokes-Cross,803-190-5394,krystalbenjamin@levy-sandoval.org
9349,Kaitlin,Barnes,Moses-Silva,762-451-0085x59003,olsenzoe@vance-galloway.com
9350,Christopher,Meyer,"Thomas, Mcclain and Mcdonald",654.496.5879,tstephenson@frost.com
9351,Jeremy,Hull,"Callahan, Walls and Mitchell",692-330-2118,cassiemeza@gibson.net
9352,Andrew,Cervantes,"Beltran, Huang and Morris",001-101-587-5173x75712,pcarey@carlson.com
9353,Raven,Barrera,"Tran, Atkins and Mathews",+1-150-995-3106x9463,brendarios@camacho.com
9354,Marcia,Mason,Barr-Huynh,091.996.7882x27368,scottfisher@carlson-gallagher.com
9355,Candice,Cross,"Newton, Reed and Silva",077.466.8023x17278,rileysnow@gilbert.com
9356,Lance,Weiss,"Kidd, Escobar and Bush",001-150-367-5464x6044,tabitha12@sims.info
9357,Geoffrey,Spencer,Santos LLC,564-578-0211x701,lmoran@david.org
9358,Spencer,Murphy,Wallace-Bradford,+1-220-825-0451x617,shelleyevans@obrien.com
9359,Monica,Braun,Whitaker-Yu,(126)449-0580x571,leslie48@patterson.com
9360,Ashlee,Conrad,"Peterson, Ingram and Thornton",-7961,kbraun@brewer.org
9361,Ricardo,Daugherty,Kaufman-Hancock,494.123.4573,kristina22@caldwell.info
9362,Brent,Sexton,"Crane, Cross and Gould",001-625-440-6328x469,orrstanley@rush.org
9363,Michael,Avery,Bailey LLC,+1-680-279-3048x13605,turnermelissa@lam.com
9364,Justin,Myers,"Levy, Floyd and Randolph",(613)718-1680,tbarker@moon.com
9365,Haley,Zimmerman,Meyer-Everett,(447)094-8199x46204,kurt02@harris.info
9366,Alejandro,Orozco,Carlson and Sons,056.536.4448,donovanjaime@farmer-cochran.com
9367,Noah,Oliver,Salas-Villarreal,001-762-263-8935x57385,tanner18@ramos-snow.com
9368,Joshua,Navarro,"Williams, Morrow and Murillo",+1-212-221-0688x36053,carterterry@snow.com
9369,Adrian,Mcguire,Figueroa-Herring,(307)668-8864x9582,basstamara@bryant-wiley.biz
9370,Sierra,Gray,"Norman, Vasquez and Mcclure",299.341.2734x155,kentkrystal@hodge.com
9371,Jeremiah,Romero,"Guerrero, Ruiz and Franklin",2998983042,colleenvalentine@porter.net
9372,Tony,Rubio,"Ellis, Mccall and Beard",209-850-1140x9260,srice@downs.biz
9373,Sherri,Jones,Cordova Inc,504932841,hubbardisabel@moore.net
9374,Jeremiah,Porter,Stephenson-Aguilar,001-634-872-5059,jareddavis@hays-boyle.com
9375,Bethany,Oneill,"Carrillo, Duran and Olson",+1-908-046-7238x8233,fryericardo@jennings-franklin.com
9376,Mathew,Howe,Pierce Group,(119)106-1861x643,tayloralison@mosley.org
9377,Jade,Beasley,Stafford-Rosario,026-852-0074x943,jprice@dunlap.biz
9378,Stacy,Acevedo,Morrow-Hudson,745.278.2191,barbara35@meyer-scott.info
9379,Calvin,Kelley,Marks and Sons,(428)206-2318,coxraymond@li.net
9380,Brittany,Arnold,Roberts-Hart,1970702822,edickson@vaughn.org
9381,Jocelyn,Howe,"Travis, Boyd and Sutton",(091)760-1036,jesse21@prince.com
9382,Alexandra,Jenkins,Barrera LLC,001-217-454-0886x231,kristenvillanueva@bradshaw.com
9383,Andrea,French,Patrick-Gillespie,001-025-095-1651,eschroeder@murphy.com
9384,Melissa,French,Gibbs LLC,619-705-6052,odomkelli@salas-carson.com
9385,Shelby,Cain,Campos and Sons,289.956.0160,hillmisty@collins.com
9386,Kerry,Christian,"Lopez, Flores and Duke",001-301-886-9053x86784,bridgetwagner@snow.com
9387,Jessica,Wilcox,"Newman, West and Cooper",943.928.6213x7182,weeksnathaniel@molina.com
9388,Debra,Pugh,"Gomez, Benson and Romero",+1-650-332-1312x80381,deniserussell@khan-haley.info
9389,Chelsea,Stephenson,"Berg, Allen and Middleton",219.542.2387x564,moondarren@carrillo.com
9390,Stuart,Sullivan,Griffith PLC,7901395150,joanne68@mclean-mccoy.com
9391,Denise,Berry,Mcintyre-Lawrence,300.729.6290x9467,eileen81@prince.net
9392,Jon,Pacheco,Eaton LLC,646.219.7974x50553,gilespatricia@simmons-carson.com
9393,Lonnie,Castillo,Rosario-Wood,603.901.5631,hfischer@stanton.info
9394,Morgan,Jensen,Mcconnell-Chen,647-438-5999x201,derekrice@wilcox.info
9395,Justin,Beltran,Vaughan-Gallegos,+1-031-244-7953x7409,dale43@jacobs.net
9396,Francis,Morse,"Briggs, Mercado and Callahan",824.599.6723x86192,tlevine@duran.com
9397,Riley,Cisneros,Melendez-Stafford,370-257-2678x1049,nina86@pearson.com
9398,Roberto,Morse,Vargas-Brown,5207953813,gilbert06@walter.com
9399,James,Greer,"Grimes, Griffith and Norris",(030)104-8685x968,annegilbert@jimenez.com
9400,Mia,Gutierrez,"Mcdowell, Williamson and Huerta",(156)117-1867x464,qmorrison@cervantes.com
9401,Samantha,Lin,Schultz and Sons,001-939-093-7326,marcushines@pacheco.info
9402,Shirley,Boyer,"Mathews, Newman and Aguilar",5208554746,liujim@dunn.com
9403,Alisha,French,"Ewing, Esparza and Bell",(496)501-9808,stanleykathy@hahn.net
9404,Gregg,French,"Walls, Woodward and Booth",094-537-0976,isabel62@patel.biz
9405,Kimberly,Duke,Berger LLC,+1-715-311-0882x99283,alicehaas@ruiz.org
9406,Neil,Ali,Delgado Ltd,708-848-2185,robin98@bennett-keith.info
9407,Alvin,Weber,Bartlett-Blankenship,2878427621,albertbarron@brock-wilkinson.com
9408,Martha,Cameron,Frye-Frye,001-499-548-7349x80718,wrubio@cameron.org
9409,Kurt,Sampson,"Wagner, Young and Rivers",-7847,denisebeck@phelps.com
9410,Marilyn,Frye,Shepard Ltd,(238)707-0585x08861,adavila@leach.info
9411,Arthur,Strong,"Pennington, Whitney and Hendricks",(580)051-4111x216,buckleykatie@patel.net
9412,Tracey,Ball,Fisher-Chan,001-310-058-1943,whitakerjoe@lester.info
9413,Traci,Rice,Rojas Ltd,+1-380-628-3223x10755,cervantescraig@jones.com
9414,Mary,Schaefer,"Ward, Daniel and Velazquez",001-611-587-7431,haroldmurphy@zimmerman.net
9415,Abigail,Chapman,"Lam, Reilly and Mahoney",565.402.5570,cjacobs@mcdaniel.net
9416,Jackson,Bates,"Tran, Chambers and Shea",+1-407-678-9401x416,ojacobson@guerra.com
9417,Heidi,Delgado,Blackburn-Macias,001-068-238-9289,eddiewilkins@ayers.net
9418,Nichole,Jackson,"Frazier, Hernandez and Bentley",022-424-1498,stacie72@salinas-tucker.com
9419,Paige,Leblanc,"Higgins, Garner and Osborn",963.828.2481,sergiogarrett@gentry.com
9420,Carrie,Simon,"Khan, Harrington and Macias",827.229.0307x741,jillcarson@tucker.com
9421,Ivan,Downs,Cantrell Ltd,9047761995,xcuevas@stephenson-jordan.org
9422,Emily,Lloyd,"Navarro, Rivas and Richardson",(917)006-2739,sboone@munoz-sweeney.com
9423,Julie,Sellers,"Carlson, Gardner and Pena",+1-474-194-0044x27405,wanda48@briggs.org
9424,Stacy,Guzman,"Skinner, Colon and Schmidt",001-072-746-0708x22611,alvin61@king.com
9425,Glenn,Chandler,Conway-Duran,(100)039-3443x39217,barbaracook@kirby-buchanan.com
9426,Destiny,Keller,Fritz PLC,001-300-926-5551x050,veronica53@west.com
9427,Janice,Krueger,"Knox, Clark and Huff",001-576-749-9239x3284,weavermarissa@hogan-rowland.com
9428,Paula,Chambers,Everett and Sons,+1-698-021-6241x9624,zmullen@robbins.info
9429,Tammy,Ayers,Dillon-Wilcox,001-793-724-1718,glassdana@bernard-barker.com
9430,Jaime,Powell,Stark-Lucas,001-608-418-8616x5028,merceryvonne@riddle.biz
9431,Ralph,Waller,Tyler Inc,407-201-8952x231,zvelez@carr.com
9432,Sandra,Day,Le-Briggs,044.282.9691x40792,robertocarr@stanley-gregory.com
9433,Benjamin,Sweeney,Aguilar-Cohen,4806044324,clintoningram@travis-allison.org
9434,Dwayne,Krause,"Mcintyre, Mcneil and Goodwin",+1-210-909-8714x721,isabellaneal@mercado.com
9435,Dominique,Tucker,Flynn-Campos,(858)332-1415x705,heathisaiah@holloway-stone.com
9436,Jane,Nguyen,"Benson, Campbell and Le",642.192.4161,karellano@hurley.info
9437,Dominique,Perkins,"Hughes, Richmond and Roberson",983-310-8861x3767,dustinduke@hammond-porter.com
9438,Faith,Young,Anderson PLC,001-420-881-8711x129,fischerdana@abbott.org
9439,Tom,Mckinney,Gonzalez-Hurst,001-519-260-0263x6815,moodydrew@drake.com
9440,Kurt,Acosta,"Osborn, Crane and Riley",941-656-7452x9187,masonlogan@holmes.com
9441,Angie,Welch,Quinn-Watts,+1-316-070-4456x799,ryan05@murray-fletcher.com
9442,Elizabeth,Cooper,"Wilcox, Fuller and Sloan",(522)898-9494,alexandercisneros@wright.com
9443,William,Henderson,Gould PLC,001-103-855-6010x0954,cdelgado@peck.com
9444,Ebony,Strong,"Wu, English and Hines",6135284053,alambert@hendrix.com
9445,Tonya,Mcdowell,Woods-Gillespie,(643)582-3735x6808,ofletcher@andrade.com
9446,Alejandro,Oneal,Wise and Sons,727.373.7493,olyons@clayton-rivers.net
9447,Fernando,Villegas,"Bennett, Gilbert and Sweeney",+1-559-667-7139x2140,melissa45@nicholson.com
9448,Jeremy,Chan,"Sanchez, Haynes and Crawford",-4951,jrollins@becker.biz
9449,Leonard,Sellers,Cooley-Hartman,(850)702-4678x5669,dickersonstuart@li.com
9450,Jodi,Pope,Brennan-Humphrey,001-284-104-8171x385,danielle30@escobar.info
9451,Meagan,Charles,Jimenez-Johnston,(726)693-7381,msullivan@page.com
9452,Stacey,Reid,Malone LLC,001-336-590-7618x221,hcervantes@terrell-wiley.com
9453,Brooke,Riddle,Joseph Group,281-465-5195x7378,tracieweber@cisneros-gentry.com
9454,Brenda,Wagner,Pugh-Buckley,581-933-7515,huffmanjacqueline@odom.com
9455,Breanna,Mccormick,Carlson PLC,919-459-3721x467,rfitzpatrick@pitts-castro.com
9456,Brittany,Yu,Ashley-Tucker,(003)664-9068x5018,sergio88@sparks.info
9457,Cindy,Gonzalez,"Colon, Pennington and Ryan",4961540469,kathrynvang@pollard.com
9458,Robyn,Gilmore,Ritter-Montgomery,(205)459-4166,lopezeddie@joyce.com
9459,Joanne,Lin,"Hayden, Davis and Hull",662.756.7413,holmesbetty@griffin-schroeder.com
9460,Laurie,Lucas,Pennington Group,(529)862-1160x4669,donoconnell@kerr-nunez.net
9461,Ronald,Vaughan,Roberson-Ray,001-085-732-7473x2686,kiddkaitlyn@mitchell.com
9462,Ann,Costa,"Brooks, Sherman and Benson",-10772,nwang@velez-montgomery.biz
9463,Jeffrey,Herring,Haynes PLC,940-457-2589,dwaynemendoza@kelley-garner.net
9464,Bill,Lin,"White, Powers and Hamilton",676-009-8729x852,clintonday@sparks.com
9465,Tami,Mooney,"Barnett, Harrington and Gregory",961-463-4454x11494,aimee85@cross.biz
9466,Rose,Francis,Salazar PLC,(870)390-1588x755,iperkins@macias.info
9467,Frank,Burch,Meza Ltd,700-001-1712,russellbanks@herring.com
9468,Alex,Saunders,Munoz-Davies,-8338,monique09@mosley-abbott.com
9469,Cristina,Macdonald,Swanson and Sons,218.789.8669x29871,gentryharry@wilkinson.biz
9470,Ian,Morris,Mullen-Holloway,+1-241-715-5504x3151,janehayes@harrington.net
9471,Spencer,Benson,"Patterson, Mendez and Gay",405-687-3891x129,makaylachang@pena-singleton.com
9472,Mathew,Rollins,"Harvey, Acosta and Roman",-5456,barnettlee@price-charles.info
9473,Adrian,Estes,"Barrett, Brady and Krause",001-081-060-8929,adrianawalton@briggs-blackburn.org
9474,Jean,Allen,"Morrow, Chang and Lam",124.938.0261,alice66@larson.biz
9475,Yvette,Kramer,"Graham, Herrera and Carson",+1-935-578-7423x553,carlos70@wilkerson.com
9476,Kaitlin,Lynn,Cooley-Harper,001-798-693-7323x43866,curtis13@lin.com
9477,Xavier,Raymond,Pittman-Mayo,001-730-558-2565x186,michaelavelasquez@king.com
9478,Julia,Patton,Meyer and Sons,+1-416-565-6988x34737,vincentadriana@george.com
9479,Frances,Hurst,"Powers, Boyer and Beltran",482.042.6883,dixonjonathon@bernard.com
9480,Dawn,Calhoun,Moran Inc,+1-256-075-8878x1517,bfoster@mendoza.org
9481,Jordan,Nelson,"Roy, Fuentes and Rodriguez",+1-421-248-6063x3976,gnielsen@walters.com
9482,Anthony,Conner,"Henderson, Carlson and Barr",(825)940-3624x8594,qwalsh@higgins-spears.com
9483,Shelia,Hicks,Montoya Ltd,2095106725,autumn25@manning.com
9484,Stacy,Francis,"Dennis, Haley and Morton",536-815-0342x47289,fbarron@mack-mcgee.org
9485,Nathaniel,Higgins,Haley-Castro,929500542,gmccoy@glover.com
9486,Harold,Klein,Pennington-Zimmerman,891.782.4316x400,helenbaker@dickson.com
9487,Kirk,Friedman,Reilly Group,001-264-883-6506x277,adam20@prince-choi.net
9488,Catherine,Combs,Benton Group,001-040-439-5657x8777,skerr@beard.com
9489,Tricia,Knapp,Miranda Ltd,579-705-5839x58286,xalvarez@carr.com
9490,Jenny,Clements,"Byrd, Paul and Newton",359.408.2206,robert21@turner.biz
9491,Wayne,Roberts,Brady and Sons,-8934,wilkinsonrick@suarez.com
9492,Deanna,Hines,"Stone, Dean and Garcia",(423)450-1907x5292,josebeard@mcbride-donaldson.com
9493,Fernando,Ramirez,Chambers-Roberts,891.700.5556x53482,jacquelineterrell@russell.com
9494,Lori,Sparks,"Vazquez, Sanchez and Burke",893-693-6405x944,monique43@travis.biz
9495,Brandon,York,Murray-Chan,001-608-348-7006,fkane@harper-le.com
9496,Kristen,Melton,Ruiz Group,427-552-2205x683,villegasdustin@potter.com
9497,Jeffrey,Costa,"Howe, Berg and Brewer",389-590-6544,jaydominguez@molina-sharp.com
9498,Theresa,Parrish,"Ray, Calhoun and Schultz",001-696-596-9936x1137,pottergordon@wood-gomez.com
9499,Devon,Mcdowell,"Hardy, Doyle and Vaughan",822-259-3354,hspears@fuller-kirk.info
9500,Eric,Oneal,"Blanchard, Warren and Dixon",001-648-222-0132,hgreen@brady.biz
9501,Eugene,Mccoy,Humphrey PLC,570-903-1441,michael47@wilkerson.com
9502,Ana,Dalton,Charles LLC,(748)418-3424x5194,weeksmercedes@stevens-turner.com
9503,Julia,Leach,Singleton-Moses,579.978.7691,spencergeorge@pham-lynn.com
9504,Lydia,Patrick,Reeves and Sons,+1-636-280-7169x892,porterwalter@poole-mata.com
9505,Lindsay,Curtis,"Stark, Monroe and Warren",+1-222-785-6389x24016,ebradshaw@hurley.info
9506,Carl,Ray,Stafford-Figueroa,+1-625-385-1844x180,benjaminkim@holder-blake.com
9507,Kathy,Robinson,"Costa, Cook and Harmon",001-233-165-9507,qabbott@le-harper.info
9508,Ernest,Haynes,"Mccall, Downs and Hunt",834-570-1996x2860,sheliahogan@villarreal.com
9509,Brett,Evans,"Crosby, Mathis and Medina",685.648.1666,collinnixon@lynn.com
9510,Charlotte,Haley,Duffy-Lang,(841)010-2848,zrocha@friedman.biz
9511,Darlene,Burnett,"Eaton, Vincent and Moss",121.992.3556x351,benjaminbullock@hull.biz
9512,Wyatt,Peterson,Meza and Sons,+1-998-196-2356x119,barkercraig@lynn-barajas.net
9513,Laurie,Church,Manning PLC,6582542616,jessesantos@harrison-joseph.org
9514,Meredith,Schroeder,Graham-Briggs,+1-408-709-8794x75011,gayers@gallagher.com
9515,Leslie,Oconnell,"Harper, Richard and Irwin",+1-900-267-1155x930,edeleon@freeman.com
9516,Jennifer,Barton,"Dean, Hickman and Arellano",(619)291-6653x7688,dickersonjames@bean.com
9517,Guy,Stephens,"Travis, Lara and Woodard",831-147-9281x0471,sheena42@horton.com
9518,Aaron,Gentry,"Park, Douglas and Richard",890.357.0413,kristieroberts@mcfarland.com
9519,Zachary,Conner,Rowe Group,4471594397,glenda11@richard.com
9520,Tabitha,Best,Esparza-Hood,001-457-948-3344,kingchris@lewis-cordova.biz
9521,Debbie,Hunt,Hampton-Banks,(398)190-9748,lclarke@jordan.com
9522,Toni,Johnson,Salas Group,-9386,mckenzie58@hudson-woodward.net
9523,Lee,Schmidt,"Hensley, Miller and Villegas",(062)803-4604x25879,gloveralexandra@orozco.biz
9524,Rickey,Hebert,"Allen, Good and Rangel",085-094-7540,ldunn@austin.com
9525,Christy,Johnston,Price Ltd,-7205,jasmine17@wheeler.com
9526,Loretta,Whitaker,Stokes and Sons,001-297-933-6429x601,melody68@key-burns.com
9527,Alec,Howell,"Villarreal, Leach and Avila",+1-689-853-2832x6285,monique22@robbins-saunders.com
9528,Cassandra,Valencia,Henry PLC,469.418.4886x6321,bobcasey@walker.biz
9529,Terri,Knapp,Peterson-Hoffman,(000)575-1644,bradymora@esparza-gill.net
9530,Leroy,Russo,"Boone, Daniel and Carter",+1-198-501-9622x2102,eduardoday@velez.biz
9531,Ariel,Cline,"Diaz, Kirby and Mathis",360-507-4139x546,pattykey@simmons.com
9532,Angelica,Gibson,Higgins-Esparza,(656)882-9526x965,ctravis@jimenez.com
9533,Madison,Franco,Fowler LLC,-3391,lpennington@henderson.net
9534,Angelica,Allison,"Morrow, Mcgee and Randolph",001-624-230-0466x686,daviesbarry@moran-mcneil.com
9535,Jeanne,Swanson,Price-Morrison,+1-893-735-5729x00502,esparzaleroy@andersen.com
9536,Bill,Lee,Grant-Barajas,001-174-160-8875,shane22@lucas.com
9537,Fred,Johnson,Neal Ltd,168-735-7077x32575,eric33@moran-kline.info
9538,Randall,Chung,Daniel-Stuart,429-485-7232,jonbright@conway.org
9539,Ralph,Johnston,"Blanchard, Chavez and Levine",(610)371-6736,ablair@ayers.com
9540,Mackenzie,Burton,"Powell, Curtis and Leonard",(593)865-2696x6223,carolynsuarez@matthews.biz
9541,Jeanne,Hamilton,"Young, Ferguson and Mcgrath",743-771-1064,justin62@steele.com
9542,Elizabeth,Santana,Miller Ltd,766-319-5715x460,darrell56@boyd.com
9543,Tabitha,Moyer,"Melton, Velez and Li",(364)861-7250x8840,mcmahonroger@salazar.org
9544,Valerie,Riddle,Werner-Mercado,001-907-625-0896x44374,eprice@stewart.com
9545,Anthony,Joseph,Little-Norris,+1-722-826-7852x68500,mitchellpowers@manning-ho.org
9546,Norma,Berg,Taylor-Douglas,817.454.2077,wyattelliott@campbell.com
9547,Ethan,Greene,Payne LLC,001-680-808-8927x391,dwaynevelazquez@rios.com
9548,Molly,Johnston,Pena Ltd,773.066.4215x99983,hansonsonya@morrison.com
9549,Cristian,Mercer,"Rollins, Garner and Owen",-1690,jean83@anthony.biz
9550,Jo,Patrick,"Bailey, Phelps and Mason",(999)181-1994x26851,pchoi@nelson-burke.com
9551,Sherri,Riley,Frey-Sawyer,001-742-977-8039x76094,juarezgabriel@patterson-bennett.net
9552,Daryl,Preston,Hale-Guerra,447954955,jcortez@duarte-costa.net
9553,Breanna,Moran,"Maddox, Cabrera and Donaldson",073.104.4157,jilliandoyle@bridges-walker.biz
9554,Jacqueline,Haley,Baldwin Ltd,+1-955-810-9148x46231,garrett51@mullen-woodward.org
9555,Steve,Hardin,"Kemp, Forbes and Brandt",948.416.8840x68135,lchung@miller.info
9556,Tyrone,Faulkner,"Hicks, Conner and Freeman",-11569,lucas21@lowe.com
9557,Marcia,Pruitt,"Collins, Dyer and Sanchez",(505)960-0531x987,normanvilla@villarreal.com
9558,Jeff,Duncan,"Hughes, Cooper and Price",019.837.9775,huffmanshirley@huffman-lutz.net
9559,Cindy,Roth,"Alvarez, Sosa and Pearson",+1-400-284-6158x2720,juliadavies@wells-waters.com
9560,Robyn,Kidd,"Maddox, Shaffer and Harvey",(140)468-4173x5752,george02@foster.com
9561,Connie,Mcpherson,Roman Group,001-034-125-2069x679,valvarado@king.com
9562,Henry,Chavez,Daniels-Potts,(295)988-6474x070,boyertina@waller.info
9563,Katrina,Spears,Reyes Ltd,+1-957-840-2345x3046,candice61@kirk.com
9564,Hayley,Sutton,Shaffer LLC,183-082-5491x30994,andersenmiguel@freeman.biz
9565,Caitlyn,Schultz,Kerr-Wade,852-648-5084x70198,andrea85@huffman-powers.com
9566,Shawna,Tyler,Foley Inc,2851532999,christian81@nguyen-nguyen.com
9567,Kara,Boyer,Gamble and Sons,(195)073-2278x746,vpugh@francis.info
9568,Beverly,Chung,Sims PLC,(072)076-8034x9717,bradleyyolanda@mccullough.info
9569,Debbie,Humphrey,Middleton Ltd,(120)602-6039x63632,stoneregina@michael.com
9570,Alejandro,Whitehead,Clarke-Finley,001-532-919-7963x88208,vmullen@french.com
9571,Edward,Jones,Kemp Ltd,(390)167-2799x38473,deborah61@mccoy-vance.info
9572,Charlene,Pham,Stephens and Sons,256.618.5651,qray@farley-brady.com
9573,Gregg,Dunlap,"Watkins, Wagner and Olson",3469115890,roymichael@medina-mccann.biz
9574,Jeanne,Salas,"Hurley, Lang and Wells",113-204-6400,hutchinsonwendy@kelley.com
9575,Dawn,Faulkner,"Macdonald, Campbell and Hayden",001-582-106-9338x39405,relliott@carlson-forbes.info
9576,Adrienne,Barron,"Campos, Kennedy and Newton",(415)819-6928x63838,ayerssara@baker-aguirre.com
9577,Jeremy,Pittman,Barry Group,+1-324-444-7802x1320,curtispotts@king-keller.com
9578,Shelby,Gray,King-Chandler,453.353.4495,jilliandixon@orozco.com
9579,Troy,White,Ramsey LLC,+1-606-409-3991x30762,cummingsrose@kim-orr.com
9580,Blake,Cuevas,Tran-Ross,997-016-2288x8233,beverlyhull@sims.info
9581,Joann,Neal,Harmon LLC,001-520-912-9744x14544,yorkkathleen@haynes-floyd.com
9582,Gina,David,"Spears, Salazar and Waters",(479)881-4290x17160,daryl33@shaffer-liu.net
9583,Robyn,Gardner,Young LLC,(479)941-1731,lsparks@pollard.com
9584,Mckenzie,Hopkins,Gillespie-Long,948.379.9274x665,morganpreston@jennings.com
9585,Hayden,Duffy,"Fletcher, Gillespie and Vaughn",321.937.3473x7167,sheila38@hawkins.com
9586,Kirk,Orr,"Allen, Potts and Knox",(159)332-6651x541,ydavila@prince.com
9587,Connor,Swanson,Ortiz-Pittman,+1-581-572-2059x0540,steven41@hart.biz
9588,Carrie,Irwin,Kaufman-Barr,-5245,anna98@herrera-wilson.com
9589,Erika,Johns,"Wolf, Richardson and Peterson",376.163.8940x1648,nathanwang@walton.com
9590,Andre,Mcmahon,Singleton-Estes,584.718.3893,beth13@baird.com
9591,Nichole,Flowers,"Compton, Gregory and Greene",836-618-8958x89328,groman@miranda.com
9592,Jasmine,Hammond,Weaver LLC,(363)137-4115x33296,lvillanueva@orr-gutierrez.com
9593,Fernando,Navarro,Johnston-Bishop,9778449820,xbray@mayer.com
9594,Joyce,Booth,Blevins LLC,001-312-355-4865x116,cristian41@casey.info
9595,Cole,Hampton,"Casey, Cunningham and Sheppard",688.289.5878,leeashley@henderson.net
9596,Clarence,Nelson,Lawrence-Hood,8612421817,nsheppard@matthews.com
9597,Laurie,Kennedy,Hatfield PLC,001-927-470-3611x6028,mathewstricia@mcintosh.com
9598,Jose,Bautista,"Reeves, Leon and Rosario",001-951-733-8361x220,angela88@stanley-diaz.org
9599,Lindsey,Sheppard,Banks-Garza,409.581.4286,madelinemontes@reeves.info
9600,Nicholas,Calderon,Mack-Wilson,140.782.0057,mayochristy@blake.com
9601,Juan,Mccarthy,Hensley-Arias,(559)477-2646,yrandolph@watts-joyce.com
9602,Curtis,Johnston,Mitchell-Montes,-2015,knappmindy@johnston.org
9603,Meghan,Rice,Hendricks PLC,001-649-552-3328x2349,foxmarisa@calderon.org
9604,Morgan,Gilmore,Valencia-Gaines,001-648-566-2688x676,brooke24@frey.com
9605,Curtis,Stark,Baldwin-Saunders,540.607.2441,sherylkeller@harrington-kelly.biz
9606,Alexis,Little,"Cabrera, Stanley and Downs",9300849213,nuneznancy@mcdowell.com
9607,Bridget,Lucas,Friedman and Sons,001-110-991-9922x12493,petersenkristie@holden.biz
9608,Katie,Riley,Jensen-Nunez,(616)491-9055x84392,yroman@sparks-gonzales.info
9609,Karl,Colon,"Silva, Kent and Fowler",001-979-346-6006,melody40@collins.com
9610,Sergio,Stout,"Norman, Daugherty and Mccarty",+1-591-293-2999x6201,lonniekim@small-lowery.com
9611,Mary,Norman,"Nunez, Underwood and Stein",001-605-227-6433x65363,hannah82@chen.net
9612,Roberto,Villa,"Graham, Riley and Sanchez",(728)312-8376x0769,janice47@gross.com
9613,Sheri,Dickson,Hancock PLC,627.954.6520x894,phyllis67@kennedy-becker.com
9614,Scott,Baker,"Mendoza, Forbes and Carey",446-732-5926x7131,sydney47@casey.com
9615,Gwendolyn,Hartman,Leach Ltd,(294)869-6584,louisvega@lawson.com
9616,Edgar,Blair,"Ellis, Morris and Willis",(033)173-8003,shannon04@nelson-mcbride.com
9617,Christine,Moses,Hahn Ltd,741.726.9154x017,osborntanya@juarez.com
9618,Cindy,Vasquez,Wong-Chan,(055)197-7581x919,neil04@allen-cohen.com
9619,Tim,Carey,Mccullough-Wright,631-128-6429x62252,greg19@lamb.com
9620,Christy,Benson,Schroeder Inc,+1-563-748-8284x589,sandyrice@benson-francis.org
9621,Jenny,Alvarado,"Velazquez, Salazar and Harper",561-353-7794x499,staciekennedy@williams-macdonald.com
9622,Holly,Peck,"Golden, Velazquez and Rasmussen",+1-152-613-0981x4415,laura46@hahn.com
9623,Grant,Vazquez,"Parker, Curtis and Dean",3417293827,fred86@dickson.com
9624,Levi,Mathews,Graves-Luna,(741)987-0097x4137,elainefrench@krause-coleman.com
9625,Diane,Ayala,Jenkins-Krueger,(296)057-1963x83349,gailwinters@nash-page.com
9626,Gwendolyn,Morton,Ochoa-Vaughan,+1-383-484-8071x757,comptonmark@sparks.com
9627,Shari,Gregory,Hayden Group,+1-775-300-0727x640,meredithcurtis@mcgee.com
9628,Donald,Meyer,Lara-Morrison,+1-833-617-4502x44612,wwalter@dunlap-travis.com
9629,Tammy,Thomas,Perry Ltd,527.828.5597x8246,mcintoshcolton@morton.com
9630,Bobby,Thompson,"Potts, Juarez and Gaines",284.082.9099,rosalesjoy@orozco.com
9631,Carrie,Owens,Irwin LLC,156-040-2286,mercedes87@brady.com
9632,Perry,Welch,Vega Group,+1-301-704-9924x3535,brucecox@pineda.biz
9633,Kaitlyn,Fox,Woodward-Miles,101.095.6861x568,barry65@barron.com
9634,Kristina,Knox,Wilkerson-Grimes,460.478.0711,zarias@coffey-gay.info
9635,Krista,Costa,Baldwin-Huang,6845017838,rubenwhitaker@lopez-simmons.org
9636,Barry,Miller,Casey LLC,(454)151-2427,uoconnell@cross-potts.com
9637,Chelsea,Hanna,Kline-Barrera,001-033-274-1298x228,gabriela40@rush-mcdonald.info
9638,Gregg,Vega,"Turner, Baldwin and Robles",(847)040-9285x956,xkidd@acevedo.biz
9639,Whitney,Reid,"Hodge, Carson and Valdez",(918)168-6010x53414,kiddmelvin@mayo.org
9640,Terry,Schmitt,"Murillo, Steele and Robinson",655.185.4098x1006,spencekerri@rose.com
9641,Max,Dickerson,Sosa PLC,836.171.4976x6736,jade42@white.net
9642,Jackson,Carlson,Chandler LLC,001-842-481-6530,noblepeggy@edwards.com
9643,Geoffrey,Bean,"Lamb, Ortiz and Frye",218.617.3163x068,sueestes@miller.net
9644,Wesley,Nash,Tyler-Nolan,001-941-319-3467x52638,holtlarry@griffith.com
9645,Whitney,Hill,"Fowler, Ward and Olson",553.929.3938x45800,suzanne24@powers.info
9646,Craig,Delacruz,Rich Inc,001-837-217-5540x91525,cassidyfinley@buchanan.com
9647,Tina,Lowery,"Love, Simpson and Le",(070)527-7533,lindsay06@ho-quinn.com
9648,Jillian,Hendrix,Zhang Group,804-544-7885x59713,audrey30@herman-howard.com
9649,Alec,White,Bennett-Simmons,001-042-339-0660x39765,alejandra30@jefferson-hester.com
9650,David,Nixon,King-Merritt,350.633.1609x415,cristinawelch@ferguson.com
9651,Colin,Bray,"Harrell, Lambert and Sexton",(713)788-4612x78976,franklin06@everett.com
9652,Laurie,Atkinson,"Mcmillan, Ponce and Atkins",596.815.7422,dholloway@conrad.com
9653,Oscar,Patton,Pennington PLC,001-281-761-7802x7257,vaughnariana@spears.org
9654,Tommy,Patrick,Watts-Delacruz,+1-253-693-7127x563,vayers@santiago.com
9655,Gene,Stewart,Norris-Burnett,689-696-7597x29786,frederickfrank@arias.com
9656,Judith,Prince,Aguirre and Sons,+1-913-916-8483x63840,nicolas59@gillespie.com
9657,Theodore,Ramos,Ward-Horne,+1-251-874-4055x390,karl75@burgess.com
9658,Kendra,Porter,Cooke and Sons,001-983-685-8519,chelseycrosby@day.com
9659,Patty,Cook,Alexander-Mcfarland,001-486-897-7321,rdennis@huff.com
9660,Kimberly,Cordova,"Klein, Scott and Mcintyre",599.138.4408x557,charlesmoore@lowe.com
9661,Jacqueline,Mooney,"Kirk, Krueger and Klein",626-458-2002x77491,stouttristan@steele.com
9662,Vernon,Cabrera,Bird Inc,-10106,julia20@michael.com
9663,Ethan,Cohen,Kemp Ltd,319.567.8411,nashjoseph@gray.com
9664,Chelsey,Hartman,Hogan LLC,-9202,erojas@meyers-savage.com
9665,Judith,Bates,Jefferson-Rogers,023.534.3741,teresagross@cooley.com
9666,Destiny,Goodman,Rogers and Sons,-5915,reeddean@watkins-chandler.biz
9667,Brandy,Mclaughlin,Wolf-Crosby,(457)713-6670,hensonmckenzie@wood-espinoza.com
9668,Mackenzie,Key,"Evans, Kent and Zamora",(070)416-5168x8081,catherine40@wolf.com
9669,Chase,Cannon,"Nielsen, Foster and Decker",001-720-992-9009x63385,ipruitt@faulkner.net
9670,Donald,Orozco,Best and Sons,001-808-067-2215x18434,tamiayers@hanson.com
9671,Darrell,Schaefer,"Berger, Cooley and Lawson",8713336776,yesenianolan@patrick.net
9672,Molly,Lopez,Rose-Esparza,181-107-0798x19738,caseybowman@liu.com
9673,Vickie,Maynard,Harris-Weiss,716-876-7150x172,flin@benson-petersen.com
9674,Michaela,Hartman,Colon LLC,(346)956-2384x4523,henrywhitney@burnett.com
9675,Bethany,Warren,"Flynn, Bishop and Hardy",611-345-4805,briannaconrad@smith.org
9676,Leon,Singleton,Owens and Sons,(876)654-4938,apham@spence-odom.org
9677,Katelyn,Phillips,Gould-Cooley,-10347,scisneros@french-stanley.com
9678,Alyssa,Madden,"Petersen, Sparks and Carter",1865227299,kaisergreg@abbott-fox.com
9679,Stephanie,Valdez,Atkinson Ltd,467-015-5746x018,lmoran@bailey-hines.com
9680,Kellie,Herrera,Lang PLC,(555)974-2494,hayesnichole@garcia.com
9681,Colleen,Hurst,Meadows-Vang,001-079-510-0280x8988,serranoterri@lawson.info
9682,Wayne,Hawkins,Stokes Group,024.878.7226,jsantana@downs.com
9683,Randy,Pope,Jones Group,491.374.9325x63663,kaylalambert@roberson.com
9684,Victor,Bautista,Cortez Group,685-717-6205,moniquegibson@maldonado.org
9685,Sherri,Quinn,"Larson, Mccarthy and Johnson",994-503-5074,qrodgers@peterson.com
9686,Alexandra,Davis,Mora-Haley,001-081-784-7107x67946,josborne@huffman.com
9687,Craig,Carey,"Mack, Benitez and Hatfield",9917389965,gonzalesbrenda@morgan.com
9688,Tyler,Robinson,Morrison-Greer,001-808-833-5813x01113,uboone@lloyd.com
9689,Sherry,Clay,Nichols LLC,001-809-463-5508x4269,ebryant@rivera-oconnor.com
9690,Wanda,Howard,Flynn PLC,320-700-8829,mikaylamarsh@mcpherson.com
9691,Whitney,Rubio,Wyatt Group,938-134-7845,franciscohebert@riddle.info
9692,Emma,Booth,Rivers-Moyer,-5931,hlloyd@saunders.com
9693,Jon,Arellano,Yu and Sons,001-346-353-0717x8860,hortonfelicia@mcneil-bautista.com
9694,Aaron,Simpson,Cooley Inc,126.707.5199x465,callahanvanessa@garner-daniel.biz
9695,Carl,Stark,"Zhang, Garrison and Tanner",1545099664,darrylbradley@wyatt-norton.net
9696,Sally,Mckay,Maldonado and Sons,984-493-9956x536,marksshaun@castro.com
9697,Mark,Stone,Andrade Inc,703-896-3803x08908,kelleysummer@woods.info
9698,Randy,Whitney,Meyers-Bird,728-216-6560x23159,petersenevelyn@barker.net
9699,Max,Rangel,Vincent-Duran,194-833-8311x738,sarah23@frederick.com
9700,Jasmine,Buck,Wang LLC,978-437-2464,jacksonruiz@barnett.com
9701,Marissa,Steele,"Cooke, Davies and Cabrera",2285948601,lrobinson@nolan-odonnell.com
9702,Maria,Thornton,"Cooke, Ross and Holt",+1-294-490-8506x24576,woodardkylie@mack-kline.com
9703,Manuel,Rush,"Wise, Mora and Phelps",001-745-870-2204,matthew59@mcguire-ross.com
9704,Paige,Beltran,Rosario-Barajas,-6183,lawrencehowe@york.com
9705,Tanya,Aguilar,Sims-Schneider,302282287,ebass@foster.net
9706,Mariah,Holmes,Rubio Group,(143)609-4524x13535,velazquezglenda@mahoney.com
9707,Gabriella,Hayes,"Erickson, Richard and Hughes",413.972.1346,udavies@gallegos.biz
9708,Rachel,Joyce,Wade PLC,001-130-468-9523x0039,emilydougherty@knox.com
9709,Jody,Meza,Mays-Henson,(791)053-3577x286,pachecobrent@house.com
9710,Harry,Harrell,Morales and Sons,001-915-276-9165x3636,hinesgwendolyn@combs.org
9711,Miranda,Sims,Washington Group,106-077-1924x46701,claire16@ball.com
9712,Jaclyn,Stephens,Hooper Ltd,001-130-916-2137x54270,kcarney@patrick-mcgrath.com
9713,Diane,Erickson,Atkins Group,266-191-9457x900,eileen61@callahan.com
9714,Christina,Luna,Pierce-Greene,637.554.5988,schmidtbryce@lang.com
9715,Kaitlin,Nguyen,Willis-Frye,+1-645-599-9063x0146,vblevins@washington-weaver.net
9716,Diamond,Gaines,Webster-Schaefer,215-788-0180x4567,ernestluna@hays-ford.com
9717,Darryl,Spence,"Herring, Barton and Odom",001-847-073-8680x7398,osbornebarbara@conley.com
9718,Dana,Shaffer,Powell PLC,-6789,claudiaesparza@berry-bruce.biz
9719,Joseph,Contreras,Kaufman PLC,636.135.0525,glenda32@gamble.com
9720,Jermaine,Frey,"Robles, Hodge and Morgan",624-760-7794x2672,vmaxwell@hooper.com
9721,Candace,Schwartz,Dean-Mckinney,001-622-711-6942x6028,jackie41@molina.com
9722,Allison,Powell,"Wilcox, Strickland and Zimmerman",718.736.7449,claudia76@navarro.org
9723,Grant,Barker,Church PLC,2395193177,kristydelacruz@mcdonald-landry.com
9724,Victor,Rasmussen,"Cortez, Shepherd and Love",129.629.4288x1670,melaniesanchez@walton.com
9725,Kellie,Terry,"Munoz, Barajas and Holmes",001-649-107-1356x10119,xbradford@santos.com
9726,Melody,Castaneda,Cherry LLC,075-195-2246,smorris@cline.com
9727,Terrence,Galloway,Wang-Cochran,(065)231-8902,clinton57@gallegos-franklin.biz
9728,Alicia,Cantrell,Pitts-Randolph,(709)383-8932x1960,owu@stokes.com
9729,Sean,Russo,Garrett-Hines,163-319-5885x351,umarks@schaefer.com
9730,Chloe,Whitehead,Ingram Ltd,001-667-086-9163x902,suarezdean@lane-decker.info
9731,Chelsea,Frost,Webb-Vazquez,5582722587,ehutchinson@berger-howe.info
9732,Tracie,Donovan,Carson-Glass,-7505,curtisjones@bush.biz
9733,Mallory,Simon,Greer Ltd,+1-677-772-5531x44267,jennifer87@ware-le.org
9734,Beth,Mack,Mahoney-Shannon,531.212.5390,banderson@miles.info
9735,Kirsten,Kramer,Howard Inc,363.922.7514x111,hhouse@fields.com
9736,Desiree,Holden,Kelley-Simpson,2222135157,sloanhayley@huffman.org
9737,Jeanette,Mcgrath,Lane Group,(326)945-3917x71218,stephencohen@murphy.biz
9738,Caitlyn,Walsh,"Gregory, Webb and Golden",001-129-554-4051x45663,acevedodrew@lynn.com
9739,Ryan,Bautista,Buckley-Spencer,552-192-5521x179,reeseanthony@hickman.com
9740,Shawn,Perkins,Mayer PLC,001-179-555-6391x413,katiemercer@mcintosh.com
9741,Alvin,Soto,Holder-Rocha,(808)559-7538x28436,eileen49@harmon.com
9742,Stacey,Deleon,Fletcher LLC,+1-528-620-6362x4202,erik33@wilson.info
9743,Dakota,Patel,"Velazquez, Mccarty and Rowland",(158)651-1214x0595,darrylmarks@hall.biz
9744,Selena,Hawkins,"Thornton, Schultz and Esparza",499-111-8087x211,hollowayluke@craig-haley.com
9745,Dale,Hall,"Mccann, Leach and Winters",149-807-1413,maysshari@murray.biz
9746,Francis,Phelps,Morse-Dorsey,067.174.1997x6490,hesterkim@sanders.com
9747,Barry,Nash,"Thompson, Boyle and Donovan",(057)271-2970,nashholly@macdonald.info
9748,Yvette,Estes,Cuevas LLC,(256)265-7057x849,houstonmarvin@stein.com
9749,Alvin,Stanley,Dominguez Ltd,(632)233-9387x7068,jesse17@villa.com
9750,Diamond,Johns,Hodges-Rodriguez,-6783,scott30@wilkinson.biz
9751,Brittney,Hall,"Osborne, Knox and Mcfarland",001-921-567-7554x8348,klinetony@schaefer.com
9752,Sierra,Middleton,Russo-Daniel,-7576,aduffy@weaver.org
9753,Erin,Francis,"Everett, Baxter and Ponce",392.421.2646,rknox@pruitt.org
9754,Martin,Wagner,Mullins-Olsen,(666)360-2604x5646,changmark@robertson.info
9755,Mariah,Hensley,Lloyd-Schmitt,+1-375-554-4372x616,thomas31@trujillo-bowers.info
9756,Don,Haynes,Bauer-Turner,(996)633-8521x22736,elaine07@armstrong-coffey.biz
9757,Zachary,Wolfe,Velasquez-Mccann,+1-111-170-3284x5497,bradescobar@haas.biz
9758,Tyrone,Reynolds,Jennings PLC,144.522.2867,trevorrush@moses-blair.com
9759,Jaime,Levine,"Hess, Welch and Bender",-5862,glenkeller@rosales.com
9760,Stacey,Strickland,Carson-Huang,622.214.0740x72240,millsgabriel@bird.com
9761,Mitchell,Valentine,Morris PLC,788-060-7606x1272,vreynolds@alexander-taylor.com
9762,Andres,Weber,"Wagner, Avila and Mcclain",001-571-346-7011x25367,randybruce@lawson-lambert.com
9763,Jamie,Dennis,Glass and Sons,612.651.0439,odickerson@terrell.info
9764,Barry,Bruce,Schaefer-Hanna,-3790,timchan@mcgee.net
9765,Terry,Carroll,Shepherd-Weeks,+1-271-831-8900x71673,villakathy@webster.info
9766,Patrick,Reeves,Shaw Inc,623-086-5838x2370,jackson81@waters-arroyo.org
9767,Jimmy,Wiggins,"Ritter, Wall and Foster",001-805-094-3617x6399,pgregory@hinton.net
9768,Adrienne,Craig,Norton-Bass,915.992.4108x845,wmcconnell@duke-yoder.com
9769,Jocelyn,Daniel,Mcdowell Ltd,(818)786-5347,jadkins@mata.com
9770,Ian,Luna,"Hurley, Myers and Day",001-926-079-7907x897,kmonroe@ellison-shepard.com
9771,Wayne,Delacruz,"Li, Crawford and Fowler",770.595.7580,craighenderson@duarte-eaton.com
9772,Alicia,Whitney,"Mcclain, Villanueva and Mcgrath",665.776.9309,eduardo87@galloway.com
9773,Brian,Dixon,Browning-Crosby,734-926-7481x012,dwalters@weiss.info
9774,Julie,Hudson,Douglas-Mata,403.638.5351,emoore@huang-hatfield.com
9775,Haley,Stone,"Newman, Nielsen and Mcpherson",179.770.5586x37396,rebecca13@griffin-meyers.com
9776,Barbara,Kaufman,Casey Inc,203-208-2825x185,rodney86@petersen.net
9777,Zoe,Nicholson,Gillespie-Pittman,(033)208-5901,morgan59@patrick.com
9778,Preston,Forbes,Cherry LLC,293-049-6130x9998,rfrench@weeks-sherman.com
9779,Nicolas,Benjamin,Wise Inc,1294296010,karicasey@mccarthy-benjamin.net
9780,Ebony,Price,"Torres, Clements and Barajas",095.917.9700,xstein@parrish-hunter.org
9781,Dustin,Tate,Ellison and Sons,9067625184,zboone@boyer.com
9782,Lance,Mccullough,"Gross, Burns and Turner",510.621.0207,savagejoann@gay-costa.com
9783,Chelsey,Joseph,Mcgee PLC,001-106-662-3617x55552,abbottgwendolyn@sawyer.com
9784,Kristen,Clark,"Pierce, Dillon and Rubio",191.482.5890x9523,drakealexis@yang.com
9785,Sophia,Haynes,Ramsey-Gentry,(214)101-8043x586,lmoyer@bentley-lucas.com
9786,Kari,Bowers,"Stuart, Collins and Craig",430-936-3530,kaufmanwyatt@frey.org
9787,Edward,Beard,Owen Ltd,744-657-5196,zmcneil@arroyo-zamora.biz
9788,Darius,Owens,Scott and Sons,001-445-400-3210,james49@fleming.net
9789,Kristy,Joyce,Crawford and Sons,378.146.1419,jeffreycompton@wilkerson-livingston.com
9790,Randy,Randolph,Curry Inc,+1-081-243-1144x34701,mcabrera@carlson.com
9791,Alejandro,Cameron,Richardson Ltd,426.235.9969x94451,alan20@willis.org
9792,Katrina,Barber,"Washington, Ritter and Raymond",314.956.2143x624,kentriggs@ballard.info
9793,Vicki,Gaines,"Aguilar, Chaney and Douglas",+1-946-184-1457x407,phillipsshannon@cannon.com
9794,Evelyn,May,"Frank, Sosa and Khan",834-204-3123,hpace@yu.com
9795,Seth,Brown,"Reeves, Bradshaw and Dunlap",(219)352-0895x0722,jacksondouglas@ibarra.com
9796,Carolyn,Hart,Horn-Mclean,-4987,erica77@barron.org
9797,Dorothy,Walsh,Frank LLC,3482532034,martinchloe@pitts.org
9798,Mia,Mcintosh,Lucas Group,001-810-498-2278x8361,uburnett@malone.com
9799,Beth,Chandler,"Lin, Jefferson and Cunningham",(826)644-4597x3318,gcarr@blanchard.org
9800,Anna,Christian,Joseph and Sons,930-719-7660x35676,marcodunn@chapman.com
9801,Jeffery,Campbell,Gillespie-Serrano,871.540.2096,latoyahancock@hamilton.biz
9802,Eileen,Wiley,Moyer Group,651-778-9885x393,cmerritt@wheeler.info
9803,Dustin,Norton,Frank LLC,1030249902,noblehayley@russell-bass.com
9804,Marie,Neal,Lyons Inc,-9602,lorraine81@barnett.com
9805,Caleb,Henry,"Mullins, Reid and Warren",+1-233-079-8007x29517,figueroashari@morales-crawford.net
9806,Kenneth,Hansen,Juarez-Harper,001-128-494-5934x8229,jeffrey25@johnston-summers.net
9807,Daryl,Greer,Roy-Mccormick,-3843,mcdanielgrant@sandoval.com
9808,Ricardo,Marsh,"Mullins, Meadows and Farrell",001-791-205-3669x6618,horr@bowman.com
9809,Andre,Watkins,"Ross, Erickson and Serrano",(048)066-9547,ucampbell@walter.com
9810,Sheryl,Dickson,"Haynes, Guerrero and Parks",027-705-6172,reneebaldwin@ewing.com
9811,Neil,Blackburn,Miles-Clayton,954-959-9670,coreyanderson@case.org
9812,Theodore,Larson,"Heath, Stuart and Vaughan",4527486861,timothywatson@vincent-jordan.com
9813,Reginald,Weiss,Mendoza-Sloan,(466)747-2388x6309,hduncan@miller.com
9814,Michelle,Reyes,Maynard-Mitchell,(641)322-4269x2105,brandy04@tran.com
9815,Bill,Buckley,Cortez Inc,6426617870,tanderson@dougherty-davila.net
9816,Nina,Boyer,"Brady, Lynn and Gallagher",738.100.5607x3601,jasmin50@sanders.info
9817,Misty,Owens,"Gallagher, Glover and Watson",001-501-301-5394x263,imathews@chaney.com
9818,Tanya,Duncan,"Melendez, Ritter and Patrick",001-822-398-2082,yvonne15@parker.com
9819,Sara,Armstrong,Dennis-Wang,(172)442-9477,eugene05@foster.com
9820,Isaac,Gonzalez,"Banks, Houston and Charles",2570815450,michealmatthews@rose.com
9821,Stuart,Norman,"Carr, Camacho and Forbes",406.736.8965,peter47@gallagher-stewart.biz
9822,Marcus,Mcbride,Nunez and Sons,313-755-7843x303,kentrobin@davenport.com
9823,Gabriella,Tate,Bradshaw LLC,9195233401,harveylorraine@jones-schaefer.com
9824,Caitlyn,Mora,"Liu, Murphy and George",(989)536-5020x567,chloehiggins@montes.org
9825,Johnathan,Russell,Ayers PLC,(164)818-0196x74324,roberta09@craig.com
9826,Patricia,Fox,Avila-Dalton,398.126.2466x9242,murraykerri@cobb.net
9827,Lauren,Campos,Hunter PLC,001-207-456-4032x6657,larry47@lopez-simpson.info
9828,Jim,Spence,"Torres, Harris and Morales",-3575,peckcaroline@arroyo.com
9829,Steven,Chambers,"Combs, Scott and Bright",001-283-167-5738x28409,anamaynard@harvey.com
9830,Stacey,Zavala,Mccall Group,(052)462-7647,knorton@leach.com
9831,Todd,Michael,Barr and Sons,(833)177-1811x777,dalton16@frey.info
9832,Ray,Dorsey,Mcgrath Group,(072)744-8223x8205,malikarias@wagner.org
9833,Ian,Donovan,Villanueva-Holder,+1-370-445-3726x90146,derek38@kelley.com
9834,Isabel,Flynn,Gomez-Strickland,061.698.7926x69943,aglenn@hall.com
9835,William,Callahan,"Gill, Ayers and George",(375)325-8218,andrecastaneda@cook-sweeney.biz
9836,Ricardo,Mcneil,"Franco, Madden and Solomon",001-289-098-0602x761,yrosales@bryant.com
9837,Darryl,Dixon,Murillo Ltd,001-291-829-6323x9058,karina46@bradley-bender.com
9838,Cheryl,Melendez,Ritter-Pratt,-3649,holderruth@nash.com
9839,Garrett,Barrett,Weeks-Molina,(227)988-7586x3407,isaiah94@malone.net
9840,Sara,Lyons,Duarte LLC,+1-531-582-4664x85610,brandi03@harris.com
9841,Joel,Keller,Conway-Lawson,001-945-606-1394,franciszamora@wu.com
9842,Ian,Torres,"Hess, Whitehead and Holland",(333)441-4327,mirandastein@thompson.com
9843,Nathan,Allen,Mosley-Michael,830.545.3569,qjuarez@sloan.com
9844,Heidi,Gregory,Potter-Duncan,112-720-7428x2877,hbraun@sexton.net
9845,Dylan,Griffin,Bruce-Shah,143.122.3540x761,maurice62@dickson.com
9846,Curtis,Price,"Hines, Sweeney and Russell",001-631-958-9645x04536,teresa25@nielsen.com
9847,Jeanette,Alvarez,Farrell-Mcpherson,001-664-429-9452x1678,levi46@maxwell-morrison.biz
9848,Earl,Suarez,Odom PLC,001-105-671-4897,traci90@bird.com
9849,Troy,Sweeney,Newman-Daniels,(640)564-5121x35365,samanthawatson@deleon.com
9850,Bobby,Fernandez,Sims-Brock,+1-505-743-9247x16993,phillipsisabel@ingram-hebert.com
9851,George,Bullock,Mays Inc,(706)579-2888x292,wilkinsonivan@marshall-brennan.org
9852,Emily,Bush,"Cordova, Joseph and Collier",(958)741-2389x213,amberburch@watts.org
9853,Aimee,Barnett,Berry-Huff,1771102499,franciskristi@walsh-shaw.org
9854,Cory,Mccarthy,"Davies, Obrien and Olson",892.705.4715x903,sonia11@berry.org
9855,Jeanette,Nelson,House Inc,001-769-610-0233x9502,zvaughn@elliott.com
9856,Keith,Lester,Fields and Sons,214-263-2194x959,choileah@barrera.com
9857,Martha,Harrington,Grimes-Juarez,934-158-0116x06347,kristine83@chambers.org
9858,Howard,Burns,Munoz-Hess,647-501-5913x7537,fullerdavid@morris.org
9859,Jane,Petty,"Davies, Nolan and Clarke",163-281-0529x49904,kim16@flynn-dougherty.net
9860,Jennifer,Chaney,Rowe-Velasquez,426-211-8241x0098,shepherdxavier@franco-kane.biz
9861,Dennis,Higgins,Mclean PLC,698-152-9668x578,alexleach@sexton.com
9862,Julie,Foster,Sharp-Lowery,3882861418,hansoncarl@solis-mcintyre.com
9863,Lee,Glass,Boone-Lutz,589.891.7260,andradeglen@stephens.com
9864,Frances,Rosales,Roy-Church,952-306-9035x272,fergusoncristina@benson.com
9865,Matthew,Elliott,Mcdaniel and Sons,457-768-5682x8910,yward@carlson-robertson.org
9866,Angel,Barr,"Lambert, Lam and Kline",060-090-7378,rossbradley@morrison-gallagher.org
9867,Haley,Keller,Sullivan Ltd,530-281-7887,kiara18@cook.net
9868,Stacy,Nixon,Soto LLC,-4063,roweyvonne@shepard-carpenter.biz
9869,Amy,Gilmore,Malone-Morse,+1-983-156-6068x7010,barbertom@hobbs.com
9870,Dale,Trujillo,Delacruz-Singh,001-071-960-3569x62498,cshannon@hanson-bell.org
9871,Craig,Chen,Mullins-Chung,(779)012-4865x71465,chelsea72@alvarado-melendez.com
9872,Kerry,Pratt,Morrison-Warner,6365562665,manningnathan@keller-hicks.com
9873,Vincent,Russell,Poole Ltd,081-284-0785x1134,kiddkathleen@richardson.com
9874,Ruth,Serrano,"Wilkerson, Parrish and Dudley",477-392-9666,valerie56@walter.com
9875,Nathaniel,Guerra,Holmes LLC,7788166402,george62@miles.com
9876,Elizabeth,Huff,Adams Group,-3080,mcfarlandgarrett@flowers.com
9877,Diane,Hays,Frederick and Sons,413.438.1947x002,kyleschaefer@day.info
9878,Valerie,Walton,"Short, Francis and Miller",205-369-6338,ddowns@alvarado-mccoy.com
9879,Jay,Ayala,"Navarro, Chang and Zhang",+1-492-642-5639x4603,whitesherry@joseph.info
9880,Kurt,Harmon,Yang PLC,675.846.5459x4495,ymorris@murphy.com
9881,Tom,Sharp,"Dennis, Walters and Foster",(521)461-1502x6362,cassidyhawkins@bright.info
9882,Jermaine,Arellano,Stewart-Bentley,042.577.0850x070,friedmankristi@phelps.com
9883,Lonnie,Taylor,Ferguson LLC,1789380975,victoriaperez@brewer.org
9884,Travis,Calhoun,Wilcox Group,-2989,shirley87@medina.biz
9885,Ann,Kirk,Davies PLC,(754)190-5780,zimmermanmackenzie@hughes-villa.net
9886,Malik,Ingram,Cantrell-Prince,(181)275-4560,isullivan@bradford.com
9887,Mike,Arroyo,Mcbride-Stevenson,578.601.8871,trosario@bates.biz
9888,Yolanda,Le,"Hamilton, Hanna and Mcfarland",302-534-6617,richard26@castillo.net
9889,Aaron,Campbell,Cline Inc,286-813-9314,yfarmer@rocha.com
9890,Meagan,Quinn,Preston and Sons,423-364-9804x6659,chloe80@avila.com
9891,Perry,Moon,Horn-Kim,001-564-166-7158x0428,hooperedgar@strickland-wilcox.info
9892,Stephen,Case,"Church, Figueroa and Allen",828-880-9498,neilberger@pena-oconnor.org
9893,Autumn,Stout,Daniel-Ferguson,6399622001,kristie49@solomon-cox.com
9894,Chelsea,Peterson,"Pineda, Santiago and Todd",755.093.5558,hendrickstraci@acevedo-olson.biz
9895,Tamara,Fry,Levy Group,(611)848-1217x06285,rileytanner@joseph.com
9896,Sarah,Faulkner,Reid LLC,3002542032,lindsey54@hebert-roth.biz
9897,Troy,Mills,Kim-Olson,742-618-3034x575,acevedolouis@mueller.com
9898,Erica,Waters,"Washington, Arroyo and Chaney",780-522-4396,irwinjon@hall-dillon.net
9899,Joyce,Fitzpatrick,Collins Inc,4689688672,maxjimenez@yoder-rush.com
9900,Kristie,Crosby,Glover Group,+1-971-169-6006x576,calvinfrench@webb.com
9901,Laura,Burton,Dickson PLC,276-417-1795,kirkharding@ortega.com
9902,Vicki,Henderson,"Leach, Patel and Hobbs",505.099.2207,erocha@davies.com
9903,Donald,Key,Walsh PLC,3837627237,mejiavictor@neal.info
9904,Bill,Barnes,Stanley-Bates,948-510-5107x6670,coopertheodore@prince-carpenter.biz
9905,Shari,Snyder,"Hodges, Dean and Landry",8872680637,erik68@barry-rowland.info
9906,Chris,Howe,"Calderon, Shaffer and Logan",-1807,moonaustin@suarez.com
9907,Andres,James,"Clark, Navarro and Bentley",803.654.8431,meaganholland@graham.com
9908,Candace,Santana,Blankenship Inc,(405)641-3019x725,bstark@lawson.com
9909,Alyssa,Douglas,Delacruz and Sons,001-448-647-4383x440,danieldalton@campos.org
9910,Sonya,Contreras,Herman Ltd,+1-885-755-8588x161,jonathanweiss@moore.net
9911,Cheryl,Payne,Bryan-Ward,(225)630-9854,thompsonbob@serrano.com
9912,Herbert,Nguyen,Preston-Miller,347-185-7413,gilbertodom@riggs.com
9913,Doris,Duncan,"Mcbride, Villa and Hartman",-7063,xbernard@suarez.com
9914,Charlotte,Nash,Shepherd-Gentry,775-736-8696,khanjulia@dennis.info
9915,Barry,Santos,"Massey, Todd and Welch",(935)757-2189x24433,gpeck@moon.net
9916,Desiree,Beltran,"Wilson, Shepard and Mcbride",084-805-4742,welchlisa@cooke-roberts.com
9917,Ana,Walsh,"Pearson, Christensen and Munoz",(642)554-1386x4362,preston99@weber-suarez.com
9918,Sally,Stephens,Weber-Whitney,(408)640-1653x78247,xhamilton@berger.com
9919,Marilyn,Gross,"Casey, Villegas and Christian",(961)190-1574x93373,padilladawn@hale-pittman.com
9920,Clifford,Weeks,Olsen Inc,466.526.4214x221,rickcardenas@booth.biz
9921,Megan,Ewing,Stevenson-Marquez,1506196927,katie67@espinoza.net
9922,Connor,Underwood,Calhoun-Elliott,+1-943-670-8627x608,hardingamanda@dougherty.com
9923,Aaron,Berg,"Wells, Dodson and Rhodes",-3273,fmedina@kramer-munoz.biz
9924,Clarence,Dunn,Bush-Ward,276.152.1500x30677,weissjake@ortega.info
9925,Briana,Fry,Buchanan-Weiss,(715)514-6031,iwise@sherman.com
9926,Alejandra,Mendez,Horton-Ferrell,783.780.6390,mbruce@lawrence.net
9927,Joseph,Snow,Salas-Meadows,(361)276-9512x1821,richamanda@olsen-ashley.com
9928,Omar,Sherman,Barajas Group,096.367.5827,toddvaldez@rush.com
9929,Summer,Scott,Conley-Mcmillan,240.137.1638,tarahenson@villarreal.biz
9930,Brandi,Hicks,"May, Harper and Walker",+1-838-657-1024x46424,browningbailey@johnston-arnold.com
9931,Sydney,Velasquez,"Tyler, Potter and Orozco",001-481-828-9174x3413,rickeyhobbs@clay-campbell.com
9932,Loretta,Mclean,Morales Ltd,440-483-3810x71362,fosterperry@valencia.com
9933,Darrell,Hopkins,Hensley Ltd,+1-472-255-5599x32683,hollandbrandi@simmons.org
9934,Cheyenne,Rangel,Kennedy-Craig,781.048.9530,reesejeff@murillo.com
9935,Andrea,Graham,"Shepard, Meyers and Hendricks",+1-414-906-9735x6767,sheri93@hayden.org
9936,Alejandro,Shah,Cannon Ltd,947.844.3391,pettykellie@rodriguez.info
9937,Warren,Acevedo,"Williams, Madden and Harrison",(101)737-2884x4231,rsmith@donovan-jackson.com
9938,Gabriela,Burnett,"Valdez, Bradley and Nolan",+1-730-112-2137x05993,juanarroyo@foley-haas.com
9939,Brent,Reeves,"Larsen, Dougherty and Garrett",001-532-601-0084x36574,bankscameron@werner-hodges.com
9940,Cassidy,Mcguire,Mills and Sons,2015999761,isabella74@costa.org
9941,Elaine,Joyce,"Cantrell, Compton and Dunn",318-712-0601x20237,waltersalec@byrd-houston.com
9942,Cassidy,Larson,Kelly-Fritz,716-542-3748,frankware@lin.com
9943,Kenneth,Lewis,"Kirby, Hill and Eaton",115-344-6682x307,lmelton@kim-cox.net
9944,Belinda,Fischer,Sosa-Hogan,(723)759-1588x080,devon24@robles.com
9945,Jerome,Norman,Vargas and Sons,001-271-274-3044x4118,fsnyder@rhodes.net
9946,Victor,Benson,"Gallegos, Berry and Dunlap",493.545.4980x907,fpalmer@hansen.com
9947,Maria,Mercer,Leblanc-Beard,+1-042-805-8353x68690,kdougherty@alexander.com
9948,Warren,Jefferson,"Lowe, Sherman and Martin",001-539-455-1269x769,huynhisabel@cantrell-patel.com
9949,Colton,Washington,"Ferguson, Lambert and Haney",(796)594-9993,holly71@solomon-roberson.com
9950,Sandra,Silva,Gonzalez PLC,(434)277-0630x7629,ablackwell@watkins-mcmahon.com
9951,Greg,Sharp,Weeks and Sons,879.262.0493x70505,yescobar@hogan.com
9952,Emily,Reeves,Fitzpatrick-Nixon,001-595-705-3354x542,katelynbray@joyce.org
9953,Kevin,Hobbs,Raymond LLC,107.583.5916,kaylavaughn@grant-santana.com
9954,Miguel,Costa,Roy-Dennis,684-421-6710,malikdougherty@blankenship.com
9955,Christy,Glenn,Blackburn-Rowe,802-088-7303x131,robertsongeorge@thomas-fuller.com
9956,Kristi,Gilmore,Shepherd PLC,001-440-901-5863,andresperez@clayton.com
9957,Jeff,Golden,Mckinney Inc,(218)559-3459x5979,watersterrance@sparks-pittman.org
9958,Ivan,Anthony,Matthews and Sons,092-251-0946x814,yolandasalazar@dodson.org
9959,Caitlin,Tate,"Howe, Bates and Forbes",5274550159,gwendolynlam@chang.com
9960,Carl,Lin,Chapman Group,001-054-077-3590x9538,stevensonstuart@leon.com
9961,Chad,Oconnell,Pierce Inc,929.406.9406x33127,collin28@shields.com
9962,Terry,Peck,"Hays, Sampson and Atkinson",001-402-443-2359x65661,scott85@brock-park.com
9963,Mitchell,Hatfield,Guzman-Parker,(374)371-7289x560,hulltheodore@morton.com
9964,Robin,Kidd,Flowers and Sons,001-578-577-3426x08518,fgill@cline-perkins.com
9965,Rita,Berry,"Fernandez, Nielsen and Ortiz",808.643.9160,mcknightvictor@owen.com
9966,Jeffrey,Osborn,Duarte-Adkins,(694)798-6353x38682,kelseyerickson@poole.com
9967,Margaret,Hines,"Wilkinson, Lamb and Holt",727-808-0986x9527,cheyenneboyd@tucker.biz
9968,Rachel,Kramer,Park LLC,952-653-5624x436,montesjean@vincent.com
9969,Levi,Reeves,Watson Ltd,1674610489,bartlettneil@hobbs.com
9970,Kristie,Burgess,"Pineda, Webb and Eaton",+1-440-955-0154x4525,carloskey@mercer-pena.com
9971,Shelley,Raymond,Holden and Sons,001-840-8597x3036,caitlin15@rollins.com
9972,Jennifer,Patterson,Hood and Sons,001-121-114-3371x35114,lisa31@rubio.com
9973,Dalton,Fischer,"Vincent, Wiggins and Perry",(531)376-9227,joannosborn@fitzpatrick.org
9974,Lance,Bullock,Kane-Hamilton,+1-405-388-9089x060,srussell@pace-ferguson.biz
9975,Jasmin,Delacruz,Ramos PLC,1924373362,kmalone@rivas-logan.biz
9976,Damon,Steele,Barnes-Wiggins,-5983,bmayer@thornton.net
9977,Chloe,White,Mcguire LLC,001-604-216-0584x442,claire16@tapia-mcclain.com
9978,Jerry,Oneal,Hansen Group,913-114-6135x645,raven56@ross.com
9979,Wesley,Hester,Mcclain-Strickland,001-331-122-4215,blevinsmarc@wilson.org
9980,Darius,Chang,"Montoya, Walter and Day",057.455.9101x607,boyledominic@stokes.biz
9981,Hector,Castro,Pratt-Wilson,503.389.9582,debbie13@greer.com
9982,Shirley,Harris,Townsend PLC,001-730-756-2420x7804,soniachang@huff-vaughan.com
9983,Eric,Frank,"Thompson, Crane and Chase",(283)437-4008,jaclynrobbins@burgess.com
9984,Kristina,Mcbride,Mosley-Leblanc,(978)364-6347x42361,barbara02@frey.com
9985,Jaime,Patel,Richard-Frost,000-256-0158,jsandoval@weaver.com
9986,Blake,Mcgrath,Spencer-Mejia,+1-653-338-0313x361,lfloyd@patel.com
9987,Diamond,Edwards,"Anderson, Bennett and Finley",854-656-3546x60262,kylemoss@cowan.biz
9988,Brandi,Murphy,"Robbins, Morton and Flores",(333)056-6879x75662,mgraham@andrews-christian.com
9989,Gabriella,Friedman,Grant LLC,+1-563-477-6054x826,yallison@casey.com
9990,Anna,Gibbs,"Rose, Pratt and Norman",465-805-1373x723,danielsjoann@walter-brewer.biz
9991,Todd,Pierce,"Walters, Mckenzie and Sanford",832.525.9357,cody03@sullivan.info
9992,Christy,Wilkinson,"Gray, Ponce and Hayden",342-307-9452,amandaharrell@ballard.biz
9993,Jennifer,Haynes,Alexander-Bass,001-346-519-8104,jbeard@oneal.org
9994,Bernard,Wolf,Huynh-Best,977.287.5016x4827,rmorse@lane.com
9995,Kim,Yoder,Carpenter-Fleming,667.966.2755x2648,jefferypatrick@taylor.com
9996,Meghan,Cline,Richardson LLC,001-270-136-4738x419,nicolasandrade@bates.info
9997,Jeremiah,Pena,Hodge-Nixon,+1-531-494-7645x4844,tracy68@wade.com
9998,Peggy,Key,Vang LLC,520.109.2482x26052,mclaughlinjulia@barnett-dorsey.com
9999,Evan,Humphrey,Gould Ltd,001-465-242-9979,velazquezjessica@villegas-wilcox.com
10000,Melissa,Montgomery,Burns-Holden,+1-889-682-9490x65400,ngallagher@martinez.com
